#SampleID	BarcodeSequence	LinkerPrimerSequence	PostPCRConc	OriginatingSampleID	StudyGroup	SampleType	ReversePrimer	FwdBarcode	RevBarcode	Description	linker_sequence
X926873	GACACATTTCTGGTATGCGCTGTA	TGCTGCCTCCCGTAGGAGT	0.602496	X926873	cut_ctrl	paraffin	AGAGTTTGATCCTGGCTCAG	TACAGCGCATAC	GACACATTTCTG	926873 P	NA
X981035.b	GACACATTTCTGGTACATACCGGT	TGCTGCCTCCCGTAGGAGT	0.225936	X981035.b	healthy	lymph_node	AGAGTTTGATCCTGGCTCAG	ACCGGTATGTAC	GACACATTTCTG	981035 B T	NA
X903268	CCATAGGGTTCAGTATGCGCTGTA	TGCTGCCTCCCGTAGGAGT	2.016688	X903268	sarcoidosis	lymph_node	AGAGTTTGATCCTGGCTCAG	TACAGCGCATAC	CCATAGGGTTCA	903268 T	NA
X981035.b.1	CCATAGGGTTCAGTACATACCGGT	TGCTGCCTCCCGTAGGAGT	0.225936	X981035.b	cut_ctrl	paraffin	AGAGTTTGATCCTGGCTCAG	ACCGGTATGTAC	CCATAGGGTTCA	981035 B P	NA
X984743	GTGGGATGTTTCGTACATACCGGT	TGCTGCCTCCCGTAGGAGT	2.376512	X984743	sarcoidosis	lymph_node	AGAGTTTGATCCTGGCTCAG	ACCGGTATGTAC	GTGGGATGTTTC	984743 T	NA
X903268.1	GTGGGATGTTTCGTATGCGCTGTA	TGCTGCCTCCCGTAGGAGT	1.849328	X903268	cut_ctrl	paraffin	AGAGTTTGATCCTGGCTCAG	TACAGCGCATAC	GTGGGATGTTTC	903268 P	NA
X898116	TAAACCGCGTGTGTATGCGCTGTA	TGCTGCCTCCCGTAGGAGT	0.903744	X898116	sarcoidosis	lymph_node	AGAGTTTGATCCTGGCTCAG	TACAGCGCATAC	TAAACCGCGTGT	898116 T	NA
X984743.1	TAAACCGCGTGTGTACATACCGGT	TGCTGCCTCCCGTAGGAGT	0.410032	X984743	cut_ctrl	paraffin	AGAGTTTGATCCTGGCTCAG	ACCGGTATGTAC	TAAACCGCGTGT	984743 P	NA
extraction.blank	GCTCAGTGCAGAGTACATACCGGT	TGCTGCCTCCCGTAGGAGT	0.46024	extraction.blank	extr_ctrl	extr_blank	AGAGTTTGATCCTGGCTCAG	ACCGGTATGTAC	GCTCAGTGCAGA	Ext.21.6.16.B1	NA
X898116.1	GCTCAGTGCAGAGTATGCGCTGTA	TGCTGCCTCCCGTAGGAGT	1.2552	X898116	cut_ctrl	paraffin	AGAGTTTGATCCTGGCTCAG	TACAGCGCATAC	GCTCAGTGCAGA	898116 P	NA
X964450	CTACCGGATCAAGTATGCGCTGTA	TGCTGCCTCCCGTAGGAGT	2.451824	X964450	sarcoidosis	lymph_node	AGAGTTTGATCCTGGCTCAG	TACAGCGCATAC	CTACCGGATCAA	964450 T	NA
extraction.blank.1	CTACCGGATCAAGTACATACCGGT	TGCTGCCTCCCGTAGGAGT	0.259408	extraction.blank	extr_ctrl	extr_blank	AGAGTTTGATCCTGGCTCAG	ACCGGTATGTAC	CTACCGGATCAA	Ext.21.6.16.B2	NA
X964450.1	ATGGACCGAACCGTATGCGCTGTA	TGCTGCCTCCCGTAGGAGT	1.138048	X964450	cut_ctrl	paraffin	AGAGTTTGATCCTGGCTCAG	TACAGCGCATAC	ATGGACCGAACC	964450 P	NA
pcr.blank	ATGGACCGAACCGTACATACCGGT	TGCTGCCTCCCGTAGGAGT	0.393296	pcr.blank	pcr_ctrl	pcr_h2o	AGAGTTTGATCCTGGCTCAG	ACCGGTATGTAC	ATGGACCGAACC	NA	NA
pcr.blank.1	TAACTCTGATGCGTACATACCGGT	TGCTGCCTCCCGTAGGAGT	0.267776	pcr.blank	pcr_ctrl	pcr_h2o	AGAGTTTGATCCTGGCTCAG	ACCGGTATGTAC	TAACTCTGATGC	NA	NA
extraction.blank.2	TAACTCTGATGCGTATGCGCTGTA	TGCTGCCTCCCGTAGGAGT	0.46024	extraction.blank	extr_ctrl	extr_blank	AGAGTTTGATCCTGGCTCAG	TACAGCGCATAC	TAACTCTGATGC	Ext.07.06.16.B1	NA
extraction.blank.3	CGTTTAGAGTCGGTATGCGCTGTA	TGCTGCCTCCCGTAGGAGT	1.12968	extraction.blank	extr_ctrl	extr_blank	AGAGTTTGATCCTGGCTCAG	TACAGCGCATAC	CGTTTAGAGTCG	Ext.07.06.16.B2	NA
pcr.blank.2	CGTTTAGAGTCGGTACATACCGGT	TGCTGCCTCCCGTAGGAGT	0.326352	pcr.blank	pcr_ctrl	pcr_h2o	AGAGTTTGATCCTGGCTCAG	ACCGGTATGTAC	CGTTTAGAGTCG	NA	NA
pcr.blank.3	ACACGAGCCACAGTACATACCGGT	TGCTGCCTCCCGTAGGAGT	0.108784	pcr.blank	pcr_ctrl	pcr_h2o	AGAGTTTGATCCTGGCTCAG	ACCGGTATGTAC	ACACGAGCCACA	NA	NA
extraction.blank.4	ACACGAGCCACAGTATGCGCTGTA	TGCTGCCTCCCGTAGGAGT	0.278464	extraction.blank	extr_ctrl	extr_blank	AGAGTTTGATCCTGGCTCAG	TACAGCGCATAC	ACACGAGCCACA	Ize.ext.blank.6	NA
extraction.blank.5	GTCGTCCTAAATGTATGCGCTGTA	TGCTGCCTCCCGTAGGAGT	0.113126	extraction.blank	extr_ctrl	extr_blank	AGAGTTTGATCCTGGCTCAG	TACAGCGCATAC	GTCGTCCTAAAT	Ize.ext.blank.7	NA
pcr.blank.4	GTCGTCCTAAATGTACATACCGGT	TGCTGCCTCCCGTAGGAGT	0.326352	pcr.blank	pcr_ctrl	pcr_h2o	AGAGTTTGATCCTGGCTCAG	ACCGGTATGTAC	GTCGTCCTAAAT	NA	NA
extraction.blank.6	ATGTACGGCGACGTATGCGCTGTA	TGCTGCCTCCCGTAGGAGT	-0.139232	extraction.blank	extr_ctrl	extr_blank	AGAGTTTGATCCTGGCTCAG	TACAGCGCATAC	ATGTACGGCGAC	Ize.ext.blank.8	NA
pcr.blank.5	ATGTACGGCGACGTACATACCGGT	TGCTGCCTCCCGTAGGAGT	0.016736	pcr.blank	pcr_ctrl	pcr_h2o	AGAGTTTGATCCTGGCTCAG	ACCGGTATGTAC	ATGTACGGCGAC	NA	NA
X563.12.c	CTCTACCTCTACGTACATACCGGT	TGCTGCCTCCCGTAGGAGT	0.736384	X563.12.c	healthy	lymph_node	AGAGTTTGATCCTGGCTCAG	ACCGGTATGTAC	CTCTACCTCTAC	563/12 C T	NA
X6573.12.d	CTCTACCTCTACGTATGCGCTGTA	TGCTGCCTCCCGTAGGAGT	0.510448	X6573.12.d	cut_ctrl	paraffin	AGAGTTTGATCCTGGCTCAG	TACAGCGCATAC	CTCTACCTCTAC	6573/12 D P	NA
X6573.12.d.1	TGGCAAGACTCTGTATGCGCTGTA	TGCTGCCTCCCGTAGGAGT	0.468608	X6573.12.d	healthy	lymph_node	AGAGTTTGATCCTGGCTCAG	TACAGCGCATAC	TGGCAAGACTCT	6573/12 D T	NA
X563.12.c.1	TGGCAAGACTCTGTACATACCGGT	TGCTGCCTCCCGTAGGAGT	0.426768	X563.12.c	cut_ctrl	paraffin	AGAGTTTGATCCTGGCTCAG	ACCGGTATGTAC	TGGCAAGACTCT	563/12 C P	NA
X1792.12.c	CTCGAGAGTACGGTACATACCGGT	TGCTGCCTCCCGTAGGAGT	0.853536	X1792.12.c	healthy	lymph_node	AGAGTTTGATCCTGGCTCAG	ACCGGTATGTAC	CTCGAGAGTACG	1792/12 C T	NA
X6554.12.c	CTCGAGAGTACGGTATGCGCTGTA	TGCTGCCTCCCGTAGGAGT	0.234304	X6554.12.c	cut_ctrl	paraffin	AGAGTTTGATCCTGGCTCAG	TACAGCGCATAC	CTCGAGAGTACG	6554/12 C P	NA
X6554.12.c.1	CTAGATTTGCCAGTATGCGCTGTA	TGCTGCCTCCCGTAGGAGT	0.165338	X6554.12.c	healthy	lymph_node	AGAGTTTGATCCTGGCTCAG	TACAGCGCATAC	CTAGATTTGCCA	6554/12 C T	NA
X1792.12.c.1	CTAGATTTGCCAGTACATACCGGT	TGCTGCCTCCCGTAGGAGT	0.284512	X1792.12.c	cut_ctrl	paraffin	AGAGTTTGATCCTGGCTCAG	ACCGGTATGTAC	CTAGATTTGCCA	1792/12 C P	NA
X934663	TACTAATCTGCGGTATGCGCTGTA	TGCTGCCTCCCGTAGGAGT	8.562768	X934663	cut_ctrl	paraffin	AGAGTTTGATCCTGGCTCAG	TACAGCGCATAC	TACTAATCTGCG	934663 P	NA
X975088	TACTAATCTGCGGTACATACCGGT	TGCTGCCTCCCGTAGGAGT	0.443504	X975088	sarcoidosis	lymph_node	AGAGTTTGATCCTGGCTCAG	ACCGGTATGTAC	TACTAATCTGCG	975088 T	NA
X975088.1	AGCAAACACCCGGTACATACCGGT	TGCTGCCTCCCGTAGGAGT	0.351456	X975088	cut_ctrl	paraffin	AGAGTTTGATCCTGGCTCAG	ACCGGTATGTAC	AGCAAACACCCG	975088 P	NA
X934663.1	AGCAAACACCCGGTATGCGCTGTA	TGCTGCCTCCCGTAGGAGT	0.39159	X934663	sarcoidosis	lymph_node	AGAGTTTGATCCTGGCTCAG	TACAGCGCATAC	AGCAAACACCCG	934663 T	NA
X903096	AAGATGGATCAGGTATGCGCTGTA	TGCTGCCTCCCGTAGGAGT	11.460534	X903096	cut_ctrl	paraffin	AGAGTTTGATCCTGGCTCAG	TACAGCGCATAC	AAGATGGATCAG	903096 P	NA
X971348	AAGATGGATCAGGTACATACCGGT	TGCTGCCTCCCGTAGGAGT	0.560656	X971348	sarcoidosis	lymph_node	AGAGTTTGATCCTGGCTCAG	ACCGGTATGTAC	AAGATGGATCAG	971348 T	NA
X903096.1	TACGATGACCACGTATGCGCTGTA	TGCTGCCTCCCGTAGGAGT	0.426398	X903096	sarcoidosis	lymph_node	AGAGTTTGATCCTGGCTCAG	TACAGCGCATAC	TACGATGACCAC	903096 T	NA
X971348.1	TACGATGACCACGTACATACCGGT	TGCTGCCTCCCGTAGGAGT	0.225936	X971348	cut_ctrl	paraffin	AGAGTTTGATCCTGGCTCAG	ACCGGTATGTAC	TACGATGACCAC	971348 P	NA
X4276.12.b2	CTTGCTGAAGACGTATGCGCTGTA	TGCTGCCTCCCGTAGGAGT	6.543904	X4276.12.b2	healthy	lymph_node	AGAGTTTGATCCTGGCTCAG	TACAGCGCATAC	CTTGCTGAAGAC	4276/12 B2 T	NA
X934932	CTTGCTGAAGACGTACATACCGGT	TGCTGCCTCCCGTAGGAGT	0.485344	X934932	sarcoidosis	lymph_node	AGAGTTTGATCCTGGCTCAG	ACCGGTATGTAC	CTTGCTGAAGAC	934932 T	NA
X4276.12.b2.1	CTCCTGAAAGTTGTATGCGCTGTA	TGCTGCCTCCCGTAGGAGT	0.408994	X4276.12.b2	cut_ctrl	paraffin	AGAGTTTGATCCTGGCTCAG	TACAGCGCATAC	CTCCTGAAAGTT	4276/12 B2 P	NA
X934932.1	CTCCTGAAAGTTGTACATACCGGT	TGCTGCCTCCCGTAGGAGT	0.2092	X934932	cut_ctrl	paraffin	AGAGTTTGATCCTGGCTCAG	ACCGGTATGTAC	CTCCTGAAAGTT	934932 P	NA
extraction.blank.7	CCTTGGCTATCCGTACATACCGGT	TGCTGCCTCCCGTAGGAGT	0.309616	extraction.blank	extr_ctrl	extr_blank	AGAGTTTGATCCTGGCTCAG	ACCGGTATGTAC	CCTTGGCTATCC	Ext.27.6.16.B1	NA
X6056.12	CCTTGGCTATCCGTATGCGCTGTA	TGCTGCCTCCCGTAGGAGT	4.61206	X6056.12	healthy	lymph_node	AGAGTTTGATCCTGGCTCAG	TACAGCGCATAC	CCTTGGCTATCC	6056/12 T	NA
extraction.blank.8	TAATCGGATTCCGTACATACCGGT	TGCTGCCTCCCGTAGGAGT	0.050208	extraction.blank	extr_ctrl	extr_blank	AGAGTTTGATCCTGGCTCAG	ACCGGTATGTAC	TAATCGGATTCC	Ext.27.6.16.B2	NA
X6056.12.1	TAATCGGATTCCGTATGCGCTGTA	TGCTGCCTCCCGTAGGAGT	7.649058	X6056.12	cut_ctrl	paraffin	AGAGTTTGATCCTGGCTCAG	TACAGCGCATAC	TAATCGGATTCC	6056/12 P	NA
X900035	TAGCGGATCACGGTATGCGCTGTA	TGCTGCCTCCCGTAGGAGT	0.278464	X900035	sarcoidosis	lymph_node	AGAGTTTGATCCTGGCTCAG	TACAGCGCATAC	TAGCGGATCACG	900035 T	NA
X4539.12.d1	TAGCGGATCACGGTACATACCGGT	TGCTGCCTCCCGTAGGAGT	0.820064	X4539.12.d1	healthy	lymph_node	AGAGTTTGATCCTGGCTCAG	ACCGGTATGTAC	TAGCGGATCACG	4539/12 D1 T	NA
X900035.1	TCGGAGTGTTGTGTATGCGCTGTA	TGCTGCCTCCCGTAGGAGT	8.406132	X900035	cut_ctrl	paraffin	AGAGTTTGATCCTGGCTCAG	TACAGCGCATAC	TCGGAGTGTTGT	900035 P	NA
X4539.12.d1.1	TCGGAGTGTTGTGTACATACCGGT	TGCTGCCTCCCGTAGGAGT	0.326352	X4539.12.d1	cut_ctrl	paraffin	AGAGTTTGATCCTGGCTCAG	ACCGGTATGTAC	TCGGAGTGTTGT	4539/12 D1 P	NA
X968125	AACGAGAACTGAGTATGCGCTGTA	TGCTGCCTCCCGTAGGAGT	0.26106	X968125	sarcoidosis	lymph_node	AGAGTTTGATCCTGGCTCAG	TACAGCGCATAC	AACGAGAACTGA	968125 T	NA
X991868.b	AACGAGAACTGAGTACATACCGGT	TGCTGCCTCCCGTAGGAGT	2.075264	X991868.b	healthy	lymph_node	AGAGTTTGATCCTGGCTCAG	ACCGGTATGTAC	AACGAGAACTGA	991868 B T	NA
X968125.1	TAAGGTAAGGTGGTATGCGCTGTA	TGCTGCCTCCCGTAGGAGT	1.401022	X968125	cut_ctrl	paraffin	AGAGTTTGATCCTGGCTCAG	TACAGCGCATAC	TAAGGTAAGGTG	968125 P	NA
X991868.b.1	TAAGGTAAGGTGGTACATACCGGT	TGCTGCCTCCCGTAGGAGT	0.343088	X991868.b	cut_ctrl	paraffin	AGAGTTTGATCCTGGCTCAG	ACCGGTATGTAC	TAAGGTAAGGTG	991868 B P	NA
X969255	ATGTGGGACCCAGTATGCGCTGTA	TGCTGCCTCCCGTAGGAGT	0.408994	X969255	sarcoidosis	lymph_node	AGAGTTTGATCCTGGCTCAG	TACAGCGCATAC	ATGTGGGACCCA	969255 T	NA
X19637.11	ATGTGGGACCCAGTACATACCGGT	TGCTGCCTCCCGTAGGAGT	0.451872	X19637.11	healthy	lymph_node	AGAGTTTGATCCTGGCTCAG	ACCGGTATGTAC	ATGTGGGACCCA	19637/11 T	NA
X19637.11.1	AACCGCGGTCAAGTACATACCGGT	TGCTGCCTCCCGTAGGAGT	0.426768	X19637.11	cut_ctrl	paraffin	AGAGTTTGATCCTGGCTCAG	ACCGGTATGTAC	AACCGCGGTCAA	19637/11 P	NA
X969255.1	AACCGCGGTCAAGTATGCGCTGTA	TGCTGCCTCCCGTAGGAGT	0.539524	X969255	cut_ctrl	paraffin	AGAGTTTGATCCTGGCTCAG	TACAGCGCATAC	AACCGCGGTCAA	969255 P	NA
X984595	AGCCGGCACATAGTATGCGCTGTA	TGCTGCCTCCCGTAGGAGT	0.513418	X984595	healthy	lymph_node	AGAGTTTGATCCTGGCTCAG	TACAGCGCATAC	AGCCGGCACATA	984595 T	NA
X901804	AGCCGGCACATAGTACATACCGGT	TGCTGCCTCCCGTAGGAGT	1.514608	X901804	sarcoidosis	lymph_node	AGAGTTTGATCCTGGCTCAG	ACCGGTATGTAC	AGCCGGCACATA	901804 T	NA
X984595.1	TTCGCCCTTCAGGTATGCGCTGTA	TGCTGCCTCCCGTAGGAGT	7.118236	X984595	cut_ctrl	paraffin	AGAGTTTGATCCTGGCTCAG	TACAGCGCATAC	TTCGCCCTTCAG	984595 P	NA
X901804.1	TTCGCCCTTCAGGTACATACCGGT	TGCTGCCTCCCGTAGGAGT	0.384928	X901804	cut_ctrl	paraffin	AGAGTTTGATCCTGGCTCAG	ACCGGTATGTAC	TTCGCCCTTCAG	901804 P	NA
X927433.4	GGAGGTTATCCGGTACATACCGGT	TGCTGCCTCCCGTAGGAGT	0.192464	X927433.4	sarcoidosis	lymph_node	AGAGTTTGATCCTGGCTCAG	ACCGGTATGTAC	GGAGGTTATCCG	927433-4 T	NA
X14906.09	GGAGGTTATCCGGTATGCGCTGTA	TGCTGCCTCCCGTAGGAGT	0.426398	X14906.09	healthy	lymph_node	AGAGTTTGATCCTGGCTCAG	TACAGCGCATAC	GGAGGTTATCCG	14906/09 T	NA
X927433.4.1	TTATCACGTGCAGTACATACCGGT	TGCTGCCTCCCGTAGGAGT	0.284512	X927433.4	cut_ctrl	paraffin	AGAGTTTGATCCTGGCTCAG	ACCGGTATGTAC	TTATCACGTGCA	927433-4 P	NA
X14906.09.1	TTATCACGTGCAGTATGCGCTGTA	TGCTGCCTCCCGTAGGAGT	16.873178	X14906.09	cut_ctrl	paraffin	AGAGTTTGATCCTGGCTCAG	TACAGCGCATAC	TTATCACGTGCA	14906/09 P	NA
extraction.blank.9	CGTAACCAACCAGTACATACCGGT	TGCTGCCTCCCGTAGGAGT	0.29288	extraction.blank	extr_ctrl	extr_blank	AGAGTTTGATCCTGGCTCAG	ACCGGTATGTAC	CGTAACCAACCA	Ext.28.6.16.B1	NA
X1223.12.a	CGTAACCAACCAGTATGCGCTGTA	TGCTGCCTCCCGTAGGAGT	0.52212	X1223.12.a	healthy	lymph_node	AGAGTTTGATCCTGGCTCAG	TACAGCGCATAC	CGTAACCAACCA	1223/12 A T	NA
extraction.blank.10	AACCATCGGGTGGTACATACCGGT	TGCTGCCTCCCGTAGGAGT	0.12552	extraction.blank	extr_ctrl	extr_blank	AGAGTTTGATCCTGGCTCAG	ACCGGTATGTAC	AACCATCGGGTG	Ext.28.6.16.B2	NA
X1223.12.a.1	AACCATCGGGTGGTATGCGCTGTA	TGCTGCCTCCCGTAGGAGT	14.105942	X1223.12.a	cut_ctrl	paraffin	AGAGTTTGATCCTGGCTCAG	TACAGCGCATAC	AACCATCGGGTG	1223/12 A P	NA
X1870.12.d	CGCCAAATAACCGTACATACCGGT	TGCTGCCTCCCGTAGGAGT	0.820064	X1870.12.d	healthy	lymph_node	AGAGTTTGATCCTGGCTCAG	ACCGGTATGTAC	CGCCAAATAACC	1870/12 D T	NA
X965008	CGCCAAATAACCGTATGCGCTGTA	TGCTGCCTCCCGTAGGAGT	0.400292	X965008	sarcoidosis	lymph_node	AGAGTTTGATCCTGGCTCAG	TACAGCGCATAC	CGCCAAATAACC	965008 T	NA
X1870.12.d.1	TCAACAGCATCGGTACATACCGGT	TGCTGCCTCCCGTAGGAGT	0.451872	X1870.12.d	cut_ctrl	paraffin	AGAGTTTGATCCTGGCTCAG	ACCGGTATGTAC	TCAACAGCATCG	1870/12 D P	NA
X965008.1	TCAACAGCATCGGTATGCGCTGTA	TGCTGCCTCCCGTAGGAGT	5.021054	X965008	cut_ctrl	paraffin	AGAGTTTGATCCTGGCTCAG	TACAGCGCATAC	TCAACAGCATCG	965008 P	NA
X982597	CAACACGCACGAGTATGCGCTGTA	TGCTGCCTCCCGTAGGAGT	0.426398	X982597	sarcoidosis	lymph_node	AGAGTTTGATCCTGGCTCAG	TACAGCGCATAC	CAACACGCACGA	982597 T	NA
X4129.12.b	CAACACGCACGAGTACATACCGGT	TGCTGCCTCCCGTAGGAGT	0.66944	X4129.12.b	healthy	lymph_node	AGAGTTTGATCCTGGCTCAG	ACCGGTATGTAC	CAACACGCACGA	4129/12 B T	NA
X4129.12.b.1	CAGGAAGGTTAAGTACATACCGGT	TGCTGCCTCCCGTAGGAGT	7.639984	X4129.12.b	cut_ctrl	paraffin	AGAGTTTGATCCTGGCTCAG	ACCGGTATGTAC	CAGGAAGGTTAA	4129/12 B P	NA
X982597.1	CAGGAAGGTTAAGTATGCGCTGTA	TGCTGCCTCCCGTAGGAGT	7.370594	X982597	cut_ctrl	paraffin	AGAGTTTGATCCTGGCTCAG	TACAGCGCATAC	CAGGAAGGTTAA	982597 P	NA
X972579	TATGCACCAGTGGTACATACCGGT	TGCTGCCTCCCGTAGGAGT	0.661072	X972579	sarcoidosis	lymph_node	AGAGTTTGATCCTGGCTCAG	ACCGGTATGTAC	TATGCACCAGTG	972579 T	NA
X3329.12	TATGCACCAGTGGTATGCGCTGTA	TGCTGCCTCCCGTAGGAGT	0.844094	X3329.12	healthy	lymph_node	AGAGTTTGATCCTGGCTCAG	TACAGCGCATAC	TATGCACCAGTG	3329/12 T	NA
X972579.1	GATTGGTTGCACGTACATACCGGT	TGCTGCCTCCCGTAGGAGT	0.309616	X972579	cut_ctrl	paraffin	AGAGTTTGATCCTGGCTCAG	ACCGGTATGTAC	GATTGGTTGCAC	972579 P	NA
X3329.12.1	GATTGGTTGCACGTATGCGCTGTA	TGCTGCCTCCCGTAGGAGT	11.173368	X3329.12	cut_ctrl	paraffin	AGAGTTTGATCCTGGCTCAG	TACAGCGCATAC	GATTGGTTGCAC	3329/12 P	NA
X965886	ACGATGCGACCAGTACATACCGGT	TGCTGCCTCCCGTAGGAGT	1.271936	X965886	sarcoidosis	lymph_node	AGAGTTTGATCCTGGCTCAG	ACCGGTATGTAC	ACGATGCGACCA	965886 T	NA
X1293.12.a	ACGATGCGACCAGTATGCGCTGTA	TGCTGCCTCCCGTAGGAGT	0.635246	X1293.12.a	healthy	lymph_node	AGAGTTTGATCCTGGCTCAG	TACAGCGCATAC	ACGATGCGACCA	1293/12 A T	NA
X1293.12.a.1	ATTCTGTGAGCGGTATGCGCTGTA	TGCTGCCTCCCGTAGGAGT	7.988436	X1293.12.a	cut_ctrl	paraffin	AGAGTTTGATCCTGGCTCAG	TACAGCGCATAC	ATTCTGTGAGCG	1293/12 A P	NA
X965886.1	ATTCTGTGAGCGGTACATACCGGT	TGCTGCCTCCCGTAGGAGT	0.518816	X965886	cut_ctrl	paraffin	AGAGTTTGATCCTGGCTCAG	ACCGGTATGTAC	ATTCTGTGAGCG	965886 P	NA
X913856	TAAAGTCACCCTGTATGCGCTGTA	TGCTGCCTCCCGTAGGAGT	0.4351	X913856	sarcoidosis	lymph_node	AGAGTTTGATCCTGGCTCAG	TACAGCGCATAC	TAAAGTCACCCT	913856 T	NA
X934940	TAAAGTCACCCTGTACATACCGGT	TGCTGCCTCCCGTAGGAGT	0.476976	X934940	sarcoidosis	lymph_node	AGAGTTTGATCCTGGCTCAG	ACCGGTATGTAC	TAAAGTCACCCT	934940 T	NA
X934940.1	TGGACACCGAACGTACATACCGGT	TGCTGCCTCCCGTAGGAGT	0.552288	X934940	cut_ctrl	paraffin	AGAGTTTGATCCTGGCTCAG	ACCGGTATGTAC	TGGACACCGAAC	934940 P	NA
X913856.1	TGGACACCGAACGTATGCGCTGTA	TGCTGCCTCCCGTAGGAGT	14.219068	X913856	cut_ctrl	paraffin	AGAGTTTGATCCTGGCTCAG	TACAGCGCATAC	TGGACACCGAAC	913856 P	NA
X900464	CATTTGGACGACGTATGCGCTGTA	TGCTGCCTCCCGTAGGAGT	0.47861	X900464	sarcoidosis	lymph_node	AGAGTTTGATCCTGGCTCAG	TACAGCGCATAC	CATTTGGACGAC	900464 T	NA
extraction.blank.11	CATTTGGACGACGTACATACCGGT	TGCTGCCTCCCGTAGGAGT	0.58576	extraction.blank	extr_ctrl	extr_blank	AGAGTTTGATCCTGGCTCAG	ACCGGTATGTAC	CATTTGGACGAC	Ext.29.6.16.B1	NA
extraction.blank.12	TACCTCTCAGAAGTACATACCGGT	TGCTGCCTCCCGTAGGAGT	0.2092	extraction.blank	extr_ctrl	extr_blank	AGAGTTTGATCCTGGCTCAG	ACCGGTATGTAC	TACCTCTCAGAA	Ext.29.6.16.B2	NA
X900464.1	TACCTCTCAGAAGTATGCGCTGTA	TGCTGCCTCCCGTAGGAGT	21.415622	X900464	cut_ctrl	paraffin	AGAGTTTGATCCTGGCTCAG	TACAGCGCATAC	TACCTCTCAGAA	900464 P	NA
X960191	GTATTACGATCCGTATGCGCTGTA	TGCTGCCTCCCGTAGGAGT	0.600438	X960191	sarcoidosis	lymph_node	AGAGTTTGATCCTGGCTCAG	TACAGCGCATAC	GTATTACGATCC	960191 T	NA
X6635.12	GTATTACGATCCGTACATACCGGT	TGCTGCCTCCCGTAGGAGT	1.50624	X6635.12	healthy	lymph_node	AGAGTTTGATCCTGGCTCAG	ACCGGTATGTAC	GTATTACGATCC	6635/12 T	NA
X960191.1	TTATGCAGTCGTGTATGCGCTGTA	TGCTGCCTCCCGTAGGAGT	7.8318	X960191	cut_ctrl	paraffin	AGAGTTTGATCCTGGCTCAG	TACAGCGCATAC	TTATGCAGTCGT	960191 P	NA
X6635.12.1	TTATGCAGTCGTGTACATACCGGT	TGCTGCCTCCCGTAGGAGT	0.410032	X6635.12	cut_ctrl	paraffin	AGAGTTTGATCCTGGCTCAG	ACCGGTATGTAC	TTATGCAGTCGT	6635/12 P	NA
X5726.12.c	CCATGCGATAACGTATGCGCTGTA	TGCTGCCTCCCGTAGGAGT	0.191444	X5726.12.c	healthy	lymph_node	AGAGTTTGATCCTGGCTCAG	TACAGCGCATAC	CCATGCGATAAC	5726/12 C T	NA
X982910.a	CCATGCGATAACGTACATACCGGT	TGCTGCCTCCCGTAGGAGT	0.953952	X982910.a	healthy	lymph_node	AGAGTTTGATCCTGGCTCAG	ACCGGTATGTAC	CCATGCGATAAC	982910 A T	NA
X982910.a.1	TGGCATACGGCAGTACATACCGGT	TGCTGCCTCCCGTAGGAGT	0.368192	X982910.a	cut_ctrl	paraffin	AGAGTTTGATCCTGGCTCAG	ACCGGTATGTAC	TGGCATACGGCA	982910 A P	NA
X5726.12.c.1	TGGCATACGGCAGTATGCGCTGTA	TGCTGCCTCCCGTAGGAGT	1.461936	X5726.12.c	cut_ctrl	paraffin	AGAGTTTGATCCTGGCTCAG	TACAGCGCATAC	TGGCATACGGCA	5726/12 C P	NA
X2220.12	AGAGCCTACGTTGTATGCGCTGTA	TGCTGCCTCCCGTAGGAGT	0.374186	X2220.12	healthy	lymph_node	AGAGTTTGATCCTGGCTCAG	TACAGCGCATAC	AGAGCCTACGTT	2220/12 T	NA
X980073	AGAGCCTACGTTGTACATACCGGT	TGCTGCCTCCCGTAGGAGT	0.602496	X980073	healthy	lymph_node	AGAGTTTGATCCTGGCTCAG	ACCGGTATGTAC	AGAGCCTACGTT	980073 T	NA
X2220.12.1	TCAAGCTCAAGCGTATGCGCTGTA	TGCTGCCTCCCGTAGGAGT	1.357512	X2220.12	cut_ctrl	paraffin	AGAGTTTGATCCTGGCTCAG	TACAGCGCATAC	TCAAGCTCAAGC	2220/12 P	NA
X980073.1	TCAAGCTCAAGCGTACATACCGGT	TGCTGCCTCCCGTAGGAGT	0.359824	X980073	cut_ctrl	paraffin	AGAGTTTGATCCTGGCTCAG	ACCGGTATGTAC	TCAAGCTCAAGC	980073 P	NA
X2015.12.c	CCAAGTCTTACAGTACATACCGGT	TGCTGCCTCCCGTAGGAGT	1.204992	X2015.12.c	healthy	lymph_node	AGAGTTTGATCCTGGCTCAG	ACCGGTATGTAC	CCAAGTCTTACA	2015/12 C T	NA
X4810.12.d1	CCAAGTCTTACAGTATGCGCTGTA	TGCTGCCTCCCGTAGGAGT	0.513418	X4810.12.d1	healthy	lymph_node	AGAGTTTGATCCTGGCTCAG	TACAGCGCATAC	CCAAGTCTTACA	4810/12 D1 T	NA
X2015.12.c.1	GCACTACCGAATGTACATACCGGT	TGCTGCCTCCCGTAGGAGT	0.518816	X2015.12.c	cut_ctrl	paraffin	AGAGTTTGATCCTGGCTCAG	ACCGGTATGTAC	GCACTACCGAAT	2015/12 C P	NA
X4810.12.d1.1	GCACTACCGAATGTATGCGCTGTA	TGCTGCCTCCCGTAGGAGT	5.734618	X4810.12.d1	cut_ctrl	paraffin	AGAGTTTGATCCTGGCTCAG	TACAGCGCATAC	GCACTACCGAAT	4810/12 D1 P	NA
X922702	TCGCATGAAGTCGTACATACCGGT	TGCTGCCTCCCGTAGGAGT	0.485344	X922702	sarcoidosis	lymph_node	AGAGTTTGATCCTGGCTCAG	ACCGGTATGTAC	TCGCATGAAGTC	922702 T	NA
X920106	TCGCATGAAGTCGTATGCGCTGTA	TGCTGCCTCCCGTAGGAGT	0.469908	X920106	sarcoidosis	lymph_node	AGAGTTTGATCCTGGCTCAG	TACAGCGCATAC	TCGCATGAAGTC	920106 T	NA
X922702.1	GATAGCTGTCTTGTACATACCGGT	TGCTGCCTCCCGTAGGAGT	0.786592	X922702	cut_ctrl	paraffin	AGAGTTTGATCCTGGCTCAG	ACCGGTATGTAC	GATAGCTGTCTT	922702 P	NA
X920106.1	GATAGCTGTCTTGTATGCGCTGTA	TGCTGCCTCCCGTAGGAGT	3.802774	X920106	cut_ctrl	paraffin	AGAGTTTGATCCTGGCTCAG	TACAGCGCATAC	GATAGCTGTCTT	920106 P	NA
X931990	TGGAGCACGTTGGTACATACCGGT	TGCTGCCTCCCGTAGGAGT	0.368192	X931990	sarcoidosis	lymph_node	AGAGTTTGATCCTGGCTCAG	ACCGGTATGTAC	TGGAGCACGTTG	931990 T	NA
X917296	TGGAGCACGTTGGTATGCGCTGTA	TGCTGCCTCCCGTAGGAGT	0.861498	X917296	sarcoidosis	lymph_node	AGAGTTTGATCCTGGCTCAG	TACAGCGCATAC	TGGAGCACGTTG	917296 T	NA
X931990.1	TTCCGTAGGGATGTACATACCGGT	TGCTGCCTCCCGTAGGAGT	0.133888	X931990	cut_ctrl	paraffin	AGAGTTTGATCCTGGCTCAG	ACCGGTATGTAC	TTCCGTAGGGAT	931990 P	NA
X917296.1	TTCCGTAGGGATGTATGCGCTGTA	TGCTGCCTCCCGTAGGAGT	7.144342	X917296	cut_ctrl	paraffin	AGAGTTTGATCCTGGCTCAG	TACAGCGCATAC	TTCCGTAGGGAT	917296 P	NA
X11129.10.b	TTGATGCTATGCGTATGCGCTGTA	TGCTGCCTCCCGTAGGAGT	1.34881	X11129.10.b	healthy	lymph_node	AGAGTTTGATCCTGGCTCAG	TACAGCGCATAC	TTGATGCTATGC	11129/10 B T	NA
X972288	TTGATGCTATGCGTACATACCGGT	TGCTGCCTCCCGTAGGAGT	0.96232	X972288	sarcoidosis	lymph_node	AGAGTTTGATCCTGGCTCAG	ACCGGTATGTAC	TTGATGCTATGC	972288 T	NA
X11129.10.b.1	ATTAGTTCGCGTGTATGCGCTGTA	TGCTGCCTCCCGTAGGAGT	8.510556	X11129.10.b	cut_ctrl	paraffin	AGAGTTTGATCCTGGCTCAG	TACAGCGCATAC	ATTAGTTCGCGT	11129/10 B P	NA
X972288.1	ATTAGTTCGCGTGTACATACCGGT	TGCTGCCTCCCGTAGGAGT	0.217568	X972288	cut_ctrl	paraffin	AGAGTTTGATCCTGGCTCAG	ACCGGTATGTAC	ATTAGTTCGCGT	972288 P	NA
X995119	CCTCTCGTGATCGTATGCGCTGTA	TGCTGCCTCCCGTAGGAGT	0.208848	X995119	healthy	lymph_node	AGAGTTTGATCCTGGCTCAG	TACAGCGCATAC	CCTCTCGTGATC	995119 T	NA
X937653	CCTCTCGTGATCGTACATACCGGT	TGCTGCCTCCCGTAGGAGT	0.443504	X937653	sarcoidosis	lymph_node	AGAGTTTGATCCTGGCTCAG	ACCGGTATGTAC	CCTCTCGTGATC	937653 T	NA
X937653.1	ACTATTGTCACGGTACATACCGGT	TGCTGCCTCCCGTAGGAGT	0.343088	X937653	cut_ctrl	paraffin	AGAGTTTGATCCTGGCTCAG	ACCGGTATGTAC	ACTATTGTCACG	937653 P	NA
X995119.1	ACTATTGTCACGGTATGCGCTGTA	TGCTGCCTCCCGTAGGAGT	3.463396	X995119	cut_ctrl	paraffin	AGAGTTTGATCCTGGCTCAG	TACAGCGCATAC	ACTATTGTCACG	995119 P	NA
X1029.12.a	CGGACTACAACTGTATGCGCTGTA	TGCTGCCTCCCGTAGGAGT	0.278464	X1029.12.a	healthy	lymph_node	AGAGTTTGATCCTGGCTCAG	TACAGCGCATAC	CGGACTACAACT	1029/12 A T	NA
extraction.blank.13	CGGACTACAACTGTACATACCGGT	TGCTGCCTCCCGTAGGAGT	0.351456	extraction.blank	extr_ctrl	extr_blank	AGAGTTTGATCCTGGCTCAG	ACCGGTATGTAC	CGGACTACAACT	Ext.30.6.16.B1	NA
extraction.blank.14	TAATCCACAGCGGTACATACCGGT	TGCTGCCTCCCGTAGGAGT	0.276144	extraction.blank	extr_ctrl	extr_blank	AGAGTTTGATCCTGGCTCAG	ACCGGTATGTAC	TAATCCACAGCG	Ext.30.6.16.B2	NA
X1029.12.a.1	TAATCCACAGCGGTATGCGCTGTA	TGCTGCCTCCCGTAGGAGT	4.664272	X1029.12.a	cut_ctrl	paraffin	AGAGTTTGATCCTGGCTCAG	TACAGCGCATAC	TAATCCACAGCG	1029/12 A P	NA
X4413.12	ACACTAGATCCGGTACATACCGGT	TGCTGCCTCCCGTAGGAGT	3.89112	X4413.12	healthy	lymph_node	AGAGTTTGATCCTGGCTCAG	ACCGGTATGTAC	ACACTAGATCCG	4413/12 T	NA
X975934	ACACTAGATCCGGTATGCGCTGTA	TGCTGCCTCCCGTAGGAGT	0.365484	X975934	sarcoidosis	lymph_node	AGAGTTTGATCCTGGCTCAG	TACAGCGCATAC	ACACTAGATCCG	975934 T	NA
X975934.1	GGTAACAGCTCGGTATGCGCTGTA	TGCTGCCTCCCGTAGGAGT	2.201606	X975934	cut_ctrl	paraffin	AGAGTTTGATCCTGGCTCAG	TACAGCGCATAC	GGTAACAGCTCG	975934 P	NA
X4413.12.1	GGTAACAGCTCGGTACATACCGGT	TGCTGCCTCCCGTAGGAGT	0.368192	X4413.12	cut_ctrl	paraffin	AGAGTTTGATCCTGGCTCAG	ACCGGTATGTAC	GGTAACAGCTCG	4413/12 P	NA
X966120	TTGCAGACAGGCGTATGCGCTGTA	TGCTGCCTCCCGTAGGAGT	0.504716	X966120	sarcoidosis	lymph_node	AGAGTTTGATCCTGGCTCAG	TACAGCGCATAC	TTGCAGACAGGC	966120 T	NA
X2088.12	TTGCAGACAGGCGTACATACCGGT	TGCTGCCTCCCGTAGGAGT	1.556448	X2088.12	healthy	lymph_node	AGAGTTTGATCCTGGCTCAG	ACCGGTATGTAC	TTGCAGACAGGC	2088/12 T	NA
X2088.12.1	TGACCGGTCAATGTACATACCGGT	TGCTGCCTCCCGTAGGAGT	0.343088	X2088.12	cut_ctrl	paraffin	AGAGTTTGATCCTGGCTCAG	ACCGGTATGTAC	TGACCGGTCAAT	2088/12 P	NA
X966120.1	TGACCGGTCAATGTATGCGCTGTA	TGCTGCCTCCCGTAGGAGT	4.194364	X966120	cut_ctrl	paraffin	AGAGTTTGATCCTGGCTCAG	TACAGCGCATAC	TGACCGGTCAAT	966120 P	NA
X2517.12.a	GCGACTTGTGTAGTATGCGCTGTA	TGCTGCCTCCCGTAGGAGT	1.009432	X2517.12.a	healthy	lymph_node	AGAGTTTGATCCTGGCTCAG	TACAGCGCATAC	GCGACTTGTGTA	2517/12 A T	NA
X888.12.a	GCGACTTGTGTAGTACATACCGGT	TGCTGCCTCCCGTAGGAGT	2.025056	X888.12.a	healthy	lymph_node	AGAGTTTGATCCTGGCTCAG	ACCGGTATGTAC	GCGACTTGTGTA	888/12 A T	NA
X2517.12.a.1	CCTAATGGAACCGTATGCGCTGTA	TGCTGCCTCCCGTAGGAGT	8.258198	X2517.12.a	cut_ctrl	paraffin	AGAGTTTGATCCTGGCTCAG	TACAGCGCATAC	CCTAATGGAACC	2517/12 A P	NA
X888.12.a.1	CCTAATGGAACCGTACATACCGGT	TGCTGCCTCCCGTAGGAGT	0.217568	X888.12.a	cut_ctrl	paraffin	AGAGTTTGATCCTGGCTCAG	ACCGGTATGTAC	CCTAATGGAACC	888/12 A P	NA
X999107	CACATCTAACACGTATGCGCTGTA	TGCTGCCTCCCGTAGGAGT	0.56563	X999107	healthy	lymph_node	AGAGTTTGATCCTGGCTCAG	TACAGCGCATAC	CACATCTAACAC	999107 T	NA
X11492.11	CACATCTAACACGTACATACCGGT	TGCTGCCTCCCGTAGGAGT	0.736384	X11492.11	healthy	lymph_node	AGAGTTTGATCCTGGCTCAG	ACCGGTATGTAC	CACATCTAACAC	11492/11 T	NA
X999107.1	CCATACATAGCTGTATGCGCTGTA	TGCTGCCTCCCGTAGGAGT	14.149452	X999107	cut_ctrl	paraffin	AGAGTTTGATCCTGGCTCAG	TACAGCGCATAC	CCATACATAGCT	999107 P	NA
X11492.11.1	CCATACATAGCTGTACATACCGGT	TGCTGCCTCCCGTAGGAGT	0.2092	X11492.11	cut_ctrl	paraffin	AGAGTTTGATCCTGGCTCAG	ACCGGTATGTAC	CCATACATAGCT	11492/11 P	NA
X10236.10	GCCTGAATTTACGTATGCGCTGTA	TGCTGCCTCCCGTAGGAGT	0.269762	X10236.10	healthy	lymph_node	AGAGTTTGATCCTGGCTCAG	TACAGCGCATAC	GCCTGAATTTAC	10236/10 T	NA
X2626.09	GCCTGAATTTACGTACATACCGGT	TGCTGCCTCCCGTAGGAGT	0.326352	X2626.09	healthy	lymph_node	AGAGTTTGATCCTGGCTCAG	ACCGGTATGTAC	GCCTGAATTTAC	2626/09 T	NA
X10236.10.1	CGAGTTGTAGCGGTATGCGCTGTA	TGCTGCCTCCCGTAGGAGT	6.57001	X10236.10	cut_ctrl	paraffin	AGAGTTTGATCCTGGCTCAG	TACAGCGCATAC	CGAGTTGTAGCG	10236/10 P	NA
X2626.09.1	CGAGTTGTAGCGGTACATACCGGT	TGCTGCCTCCCGTAGGAGT	0.301248	X2626.09	cut_ctrl	paraffin	AGAGTTTGATCCTGGCTCAG	ACCGGTATGTAC	CGAGTTGTAGCG	2626/09 P	NA
X964890	CGGGTTTGACGAGTATGCGCTGTA	TGCTGCCTCCCGTAGGAGT	0.295868	X964890	sarcoidosis	lymph_node	AGAGTTTGATCCTGGCTCAG	TACAGCGCATAC	CGGGTTTGACGA	964890 T	NA
X969836	CGGGTTTGACGAGTACATACCGGT	TGCTGCCTCCCGTAGGAGT	0.644336	X969836	sarcoidosis	lymph_node	AGAGTTTGATCCTGGCTCAG	ACCGGTATGTAC	CGGGTTTGACGA	969836 T	NA
X969836.1	GGTCACTGACAGGTACATACCGGT	TGCTGCCTCCCGTAGGAGT	0.401664	X969836	cut_ctrl	paraffin	AGAGTTTGATCCTGGCTCAG	ACCGGTATGTAC	GGTCACTGACAG	969836 P	NA
X964890.1	GGTCACTGACAGGTATGCGCTGTA	TGCTGCCTCCCGTAGGAGT	0.800584	X964890	cut_ctrl	paraffin	AGAGTTTGATCCTGGCTCAG	TACAGCGCATAC	GGTCACTGACAG	964890 P	NA
X927480	GCTCGAAGATCGGTACATACCGGT	TGCTGCCTCCCGTAGGAGT	0.476976	X927480	sarcoidosis	lymph_node	AGAGTTTGATCCTGGCTCAG	ACCGGTATGTAC	GCTCGAAGATCG	927480 T	NA
X917677	GCTCGAAGATCGGTATGCGCTGTA	TGCTGCCTCCCGTAGGAGT	0.339378	X917677	sarcoidosis	lymph_node	AGAGTTTGATCCTGGCTCAG	TACAGCGCATAC	GCTCGAAGATCG	917677 T	NA
X927480.1	CAGCATGTGTTGGTACATACCGGT	TGCTGCCTCCCGTAGGAGT	0.6276	X927480	cut_ctrl	paraffin	AGAGTTTGATCCTGGCTCAG	ACCGGTATGTAC	CAGCATGTGTTG	927480 P	NA
X917677.1	CAGCATGTGTTGGTATGCGCTGTA	TGCTGCCTCCCGTAGGAGT	1.383618	X917677	cut_ctrl	paraffin	AGAGTTTGATCCTGGCTCAG	TACAGCGCATAC	CAGCATGTGTTG	917677 P	NA
X921573	GAGGCCATCAGTGTACATACCGGT	TGCTGCCTCCCGTAGGAGT	0.393296	X921573	sarcoidosis	lymph_node	AGAGTTTGATCCTGGCTCAG	ACCGGTATGTAC	GAGGCCATCAGT	921573 T	NA
X639.12.c	GAGGCCATCAGTGTATGCGCTGTA	TGCTGCCTCCCGTAGGAGT	0.670054	X639.12.c	healthy	lymph_node	AGAGTTTGATCCTGGCTCAG	TACAGCGCATAC	GAGGCCATCAGT	639/12 C T	NA
X921573.1	TGTGATGGAGAAGTACATACCGGT	TGCTGCCTCCCGTAGGAGT	0.309616	X921573	cut_ctrl	paraffin	AGAGTTTGATCCTGGCTCAG	ACCGGTATGTAC	TGTGATGGAGAA	921573 P	NA
X639.12.c.1	TGTGATGGAGAAGTATGCGCTGTA	TGCTGCCTCCCGTAGGAGT	1.244386	X639.12.c	cut_ctrl	paraffin	AGAGTTTGATCCTGGCTCAG	TACAGCGCATAC	TGTGATGGAGAA	639/12 C P	NA
X4794.12.c	ATTCATGGACGCGTATGCGCTGTA	TGCTGCCTCCCGTAGGAGT	0.861498	X4794.12.c	healthy	lymph_node	AGAGTTTGATCCTGGCTCAG	TACAGCGCATAC	ATTCATGGACGC	4794/12 C T	NA
X993366	ATTCATGGACGCGTACATACCGGT	TGCTGCCTCCCGTAGGAGT	0.37656	X993366	sarcoidosis	lymph_node	AGAGTTTGATCCTGGCTCAG	ACCGGTATGTAC	ATTCATGGACGC	993366 T	NA
extraction.blank.15	TTCTGGGAACACGTACATACCGGT	TGCTGCCTCCCGTAGGAGT	0.142256	extraction.blank	extr_ctrl	extr_blank	AGAGTTTGATCCTGGCTCAG	ACCGGTATGTAC	TTCTGGGAACAC	Ext.07.05.16.B1	NA
X4794.12.c.1	TTCTGGGAACACGTATGCGCTGTA	TGCTGCCTCCCGTAGGAGT	0.487312	X4794.12.c	cut_ctrl	paraffin	AGAGTTTGATCCTGGCTCAG	TACAGCGCATAC	TTCTGGGAACAC	4794/12 C P	NA
X993366.1	GCATGGCTCTAAGTACATACCGGT	TGCTGCCTCCCGTAGGAGT	0.08368	X993366	cut_ctrl	paraffin	AGAGTTTGATCCTGGCTCAG	ACCGGTATGTAC	GCATGGCTCTAA	993366 P	NA
X970207.a	GCATGGCTCTAAGTATGCGCTGTA	TGCTGCCTCCCGTAGGAGT	0.313272	X970207.a	sarcoidosis	lymph_node	AGAGTTTGATCCTGGCTCAG	TACAGCGCATAC	GCATGGCTCTAA	970207 A T	NA
X970207.a.1	ATGATGACCCGTGTATGCGCTGTA	TGCTGCCTCCCGTAGGAGT	0.356782	X970207.a	cut_ctrl	paraffin	AGAGTTTGATCCTGGCTCAG	TACAGCGCATAC	ATGATGACCCGT	970207 A P	NA
X938346.15	ATGATGACCCGTGTACATACCGGT	TGCTGCCTCCCGTAGGAGT	0.560656	X938346.15	sarcoidosis	lymph_node	AGAGTTTGATCCTGGCTCAG	ACCGGTATGTAC	ATGATGACCCGT	938346-15 T	NA
X975624	GTCCGAAACACTGTATGCGCTGTA	TGCTGCCTCCCGTAGGAGT	0.295868	X975624	sarcoidosis	lymph_node	AGAGTTTGATCCTGGCTCAG	TACAGCGCATAC	GTCCGAAACACT	975624 T	NA
X938346.15.1	GTCCGAAACACTGTACATACCGGT	TGCTGCCTCCCGTAGGAGT	0.092048	X938346.15	cut_ctrl	paraffin	AGAGTTTGATCCTGGCTCAG	ACCGGTATGTAC	GTCCGAAACACT	938346-15 P	NA
X927479	CGACTGTCTTAAGTACATACCGGT	TGCTGCCTCCCGTAGGAGT	2.167312	X927479	sarcoidosis	lymph_node	AGAGTTTGATCCTGGCTCAG	ACCGGTATGTAC	CGACTGTCTTAA	927479 T	NA
X975624.1	CGACTGTCTTAAGTATGCGCTGTA	TGCTGCCTCCCGTAGGAGT	0.426398	X975624	cut_ctrl	paraffin	AGAGTTTGATCCTGGCTCAG	TACAGCGCATAC	CGACTGTCTTAA	975624 P	NA
X964721.b	TGGCACCGATTAGTATGCGCTGTA	TGCTGCCTCCCGTAGGAGT	3.506906	X964721.b	sarcoidosis	lymph_node	AGAGTTTGATCCTGGCTCAG	TACAGCGCATAC	TGGCACCGATTA	964721 B T	NA
X927479.1	TGGCACCGATTAGTACATACCGGT	TGCTGCCTCCCGTAGGAGT	1.774016	X927479	cut_ctrl	paraffin	AGAGTTTGATCCTGGCTCAG	ACCGGTATGTAC	TGGCACCGATTA	927479 P	NA
X925705	GACTCGAATCGTGTACATACCGGT	TGCTGCCTCCCGTAGGAGT	0.066944	X925705	sarcoidosis	lymph_node	AGAGTTTGATCCTGGCTCAG	ACCGGTATGTAC	GACTCGAATCGT	925705 T	NA
X964721.b.1	GACTCGAATCGTGTATGCGCTGTA	TGCTGCCTCCCGTAGGAGT	0.191444	X964721.b	cut_ctrl	paraffin	AGAGTTTGATCCTGGCTCAG	TACAGCGCATAC	GACTCGAATCGT	964721 B P	NA
X925705.1	CGCAAATTCGACGTACATACCGGT	TGCTGCCTCCCGTAGGAGT	0.16736	X925705	cut_ctrl	paraffin	AGAGTTTGATCCTGGCTCAG	ACCGGTATGTAC	CGCAAATTCGAC	925705 P	NA
extraction.blank.16	CGCAAATTCGACGTATGCGCTGTA	TGCTGCCTCCCGTAGGAGT	0.234954	extraction.blank	extr_ctrl	extr_blank	AGAGTTTGATCCTGGCTCAG	TACAGCGCATAC	CGCAAATTCGAC	Ize.ext.blank.9	NA
extraction.blank.17	ACGTGAGAGAATGTATGCGCTGTA	TGCTGCCTCCCGTAGGAGT	0.252358	extraction.blank	extr_ctrl	extr_blank	AGAGTTTGATCCTGGCTCAG	TACAGCGCATAC	ACGTGAGAGAAT	Ize.ext.blank.1	NA
X917405	ACGTGAGAGAATGTACATACCGGT	TGCTGCCTCCCGTAGGAGT	0.4184	X917405	sarcoidosis	lymph_node	AGAGTTTGATCCTGGCTCAG	ACCGGTATGTAC	ACGTGAGAGAAT	917405 T	NA
extraction.blank.18	TGCGGCATCGAAGTATGCGCTGTA	TGCTGCCTCCCGTAGGAGT	0.26106	extraction.blank	extr_ctrl	extr_blank	AGAGTTTGATCCTGGCTCAG	TACAGCGCATAC	TGCGGCATCGAA	Ize.ext.blank.2	NA
X917405.1	TGCGGCATCGAAGTACATACCGGT	TGCTGCCTCCCGTAGGAGT	0.234304	X917405	cut_ctrl	paraffin	AGAGTTTGATCCTGGCTCAG	ACCGGTATGTAC	TGCGGCATCGAA	917405 P	NA
X965124.a	CCTCTACCTACGGTACATACCGGT	TGCTGCCTCCCGTAGGAGT	1.974848	X965124.a	sarcoidosis	lymph_node	AGAGTTTGATCCTGGCTCAG	ACCGGTATGTAC	CCTCTACCTACG	965124 A T	NA
extraction.blank.19	CCTCTACCTACGGTATGCGCTGTA	TGCTGCCTCCCGTAGGAGT	0.295868	extraction.blank	extr_ctrl	extr_blank	AGAGTTTGATCCTGGCTCAG	TACAGCGCATAC	CCTCTACCTACG	Ize.ext.blank.3	NA
X965124.a.1	GTTACGCATTACGTACATACCGGT	TGCTGCCTCCCGTAGGAGT	0.2092	X965124.a	cut_ctrl	paraffin	AGAGTTTGATCCTGGCTCAG	ACCGGTATGTAC	GTTACGCATTAC	965124 A P	NA
extraction.blank.20	GTTACGCATTACGTATGCGCTGTA	TGCTGCCTCCCGTAGGAGT	0.78318	extraction.blank	extr_ctrl	extr_blank	AGAGTTTGATCCTGGCTCAG	TACAGCGCATAC	GTTACGCATTAC	Ize.ext.blank.4	NA
extraction.blank.21	ATTATACCTCGGGTATGCGCTGTA	TGCTGCCTCCCGTAGGAGT	0.626544	extraction.blank	extr_ctrl	extr_blank	AGAGTTTGATCCTGGCTCAG	TACAGCGCATAC	ATTATACCTCGG	Ize.ext.blank.5	NA
X926873.1	ATTATACCTCGGGTACATACCGGT	TGCTGCCTCCCGTAGGAGT	0.8368	X926873	sarcoidosis	lymph_node	AGAGTTTGATCCTGGCTCAG	ACCGGTATGTAC	ATTATACCTCGG	926873 T	NA

