sample_name,barcode_sequence,primer_sequence,linker_sequence,#SampleID,SubjectID,sample_type,HostSpecies,DateCollected,study_day,study_group,sex,cage_number,project_name,notes,extraction_kit,extraction_well,extraction_plate,extraction_date,reverse_primer_plate_number,reverse_primer_well_i7_index1,forward_primer_i5_index2,i2_sequence,i1_sequence,picogreen_concentration_of_purified_pcr_products,amount_to_pool
BL.1170,ACCGGTATGTACCAGAAATGTGTC,TGCTGCCTCCCGTAGGAGT,NA,BL.1170,1170,Feces,Mouse,9/3/2015,0,CONTROL,Female,NA,Josie Ni STM,,MOBIO Powersoil HTP,A01,Plate 1,29-Oct-16,Plate 2,A01,10,ACCGGTATGTAC,CAGAAATGTGTC,42.035202,1.19
BL.117R1,ACCGGTATGTACTGAACCCTATGG,TGCTGCCTCCCGTAGGAGT,NA,BL.117R1,117R1,Feces,Mouse,9/3/2015,0,CONTROL,Female,NA,Josie Ni STM,,MOBIO Powersoil HTP,A02,Plate 1,29-Oct-16,Plate 2,A02,10,ACCGGTATGTAC,TGAACCCTATGG,39.327156,1.27
BL.117R3,ACCGGTATGTACGAAACATCCCAC,TGCTGCCTCCCGTAGGAGT,NA,BL.117R3,117R3,Feces,Mouse,9/3/2015,0,CONTROL,Female,NA,Josie Ni STM,,MOBIO Powersoil HTP,A03,Plate 1,29-Oct-16,Plate 2,A03,10,ACCGGTATGTAC,GAAACATCCCAC,39.113118,1.28
BL.117L1,ACCGGTATGTACACACGCGGTTTA,TGCTGCCTCCCGTAGGAGT,NA,BL.117L1,117L1,Feces,Mouse,9/3/2015,0,CONTROL,Female,NA,Josie Ni STM,,MOBIO Powersoil HTP,A04,Plate 1,29-Oct-16,Plate 2,A04,10,ACCGGTATGTAC,ACACGCGGTTTA,40.704444,1.23
BL.117L3,ACCGGTATGTACTCTGCACTGAGC,TGCTGCCTCCCGTAGGAGT,NA,BL.117L3,117L3,Feces,Mouse,9/3/2015,0,CONTROL,Female,NA,Josie Ni STM,,MOBIO Powersoil HTP,A05,Plate 1,29-Oct-16,Plate 2,A05,10,ACCGGTATGTAC,TCTGCACTGAGC,37.800972,1.32
BL.1190,ACCGGTATGTACTTGATCCGGTAG,TGCTGCCTCCCGTAGGAGT,NA,BL.1190,1190,Feces,Mouse,9/3/2015,0,ABX,Female,NA,Josie Ni STM,,MOBIO Powersoil HTP,A06,Plate 1,29-Oct-16,Plate 2,A06,10,ACCGGTATGTAC,TTGATCCGGTAG,42.565644,1.17
BL.119R1,ACCGGTATGTACGGTTCGGTCCAT,TGCTGCCTCCCGTAGGAGT,NA,BL.119R1,119R1,Feces,Mouse,9/3/2015,0,ABX,Female,NA,Josie Ni STM,,MOBIO Powersoil HTP,A07,Plate 1,29-Oct-16,Plate 2,A07,10,ACCGGTATGTAC,GGTTCGGTCCAT,43.021638,1.16
BL.119R3,ACCGGTATGTACGCATCAGAGTTA,TGCTGCCTCCCGTAGGAGT,NA,BL.119R3,119R3,Feces,Mouse,9/3/2015,0,ABX,Female,NA,Josie Ni STM,,MOBIO Powersoil HTP,A08,Plate 1,29-Oct-16,Plate 2,A08,10,ACCGGTATGTAC,GCATCAGAGTTA,39.745926,1.26
BL.119L1,ACCGGTATGTACCGACTCTAAACG,TGCTGCCTCCCGTAGGAGT,NA,BL.119L1,119L1,Feces,Mouse,9/3/2015,0,ABX,Female,NA,Josie Ni STM,,MOBIO Powersoil HTP,A09,Plate 1,29-Oct-16,Plate 2,A09,10,ACCGGTATGTAC,CGACTCTAAACG,31.928886,1.57
BL.119L3,ACCGGTATGTACTGTGGCTCGTGT,TGCTGCCTCCCGTAGGAGT,NA,BL.119L3,119L3,Feces,Mouse,9/3/2015,0,ABX,Female,NA,Josie Ni STM,,MOBIO Powersoil HTP,A10,Plate 1,29-Oct-16,Plate 2,A10,10,ACCGGTATGTAC,TGTGGCTCGTGT,37.149552,1.35
BL.1210,ACCGGTATGTACATTTAGGACGAC,TGCTGCCTCCCGTAGGAGT,NA,BL.1210,1210,Feces,Mouse,9/3/2015,0,ASF,Female,NA,Josie Ni STM,,MOBIO Powersoil HTP,A11,Plate 1,29-Oct-16,Plate 2,A11,10,ACCGGTATGTAC,ATTTAGGACGAC,38.368638,1.30
BL.121R1,ACCGGTATGTACGTCGCCGTACAT,TGCTGCCTCCCGTAGGAGT,NA,BL.121R1,121R1,Feces,Mouse,9/3/2015,0,ASF,Female,NA,Josie Ni STM,,MOBIO Powersoil HTP,A12,Plate 1,29-Oct-16,Plate 2,A12,10,ACCGGTATGTAC,GTCGCCGTACAT,40.648608,1.23
BL.121R3,ACCGGTATGTACGTAGAGGTAGAG,TGCTGCCTCCCGTAGGAGT,NA,BL.121R3,121R3,Feces,Mouse,9/3/2015,0,ASF,Female,NA,Josie Ni STM,,MOBIO Powersoil HTP,B01,Plate 1,29-Oct-16,Plate 2,B01,10,ACCGGTATGTAC,GTAGAGGTAGAG,42.656868,1.17
BL.121L1,ACCGGTATGTACAGAGTCTTGCCA,TGCTGCCTCCCGTAGGAGT,NA,BL.121L1,121L1,Feces,Mouse,9/3/2015,0,ASF,Female,NA,Josie Ni STM,,MOBIO Powersoil HTP,B02,Plate 1,29-Oct-16,Plate 2,B02,10,ACCGGTATGTAC,AGAGTCTTGCCA,26.475798,1.89
BL.121L3,ACCGGTATGTACCGTACTCTCGAG,TGCTGCCTCCCGTAGGAGT,NA,BL.121L3,121L3,Feces,Mouse,9/3/2015,0,ASF,Female,NA,Josie Ni STM,,MOBIO Powersoil HTP,B03,Plate 1,29-Oct-16,Plate 2,B03,10,ACCGGTATGTAC,CGTACTCTCGAG,39.344208,1.27
PRE.N15.1170,ACCGGTATGTACTGGCAAATCTAG,TGCTGCCTCCCGTAGGAGT,NA,PRE.N15.1170,1170,Feces,Mouse,9/14/2015,11,CONTROL,Female,NA,Josie Ni STM,,MOBIO Powersoil HTP,B04,Plate 1,29-Oct-16,Plate 2,B04,10,ACCGGTATGTAC,TGGCAAATCTAG,39.998246,1.25
PRE.N15.117R1,ACCGGTATGTACCGCAGATTAGTA,TGCTGCCTCCCGTAGGAGT,NA,PRE.N15.117R1,117R1,Feces,Mouse,9/14/2015,11,CONTROL,Female,NA,Josie Ni STM,,MOBIO Powersoil HTP,B05,Plate 1,29-Oct-16,Plate 2,B05,10,ACCGGTATGTAC,CGCAGATTAGTA,37.823782,1.32
PRE.N15.117R3,ACCGGTATGTACCGGGTGTTTGCT,TGCTGCCTCCCGTAGGAGT,NA,PRE.N15.117R3,117R3,Feces,Mouse,9/14/2015,11,CONTROL,Female,NA,Josie Ni STM,,MOBIO Powersoil HTP,B06,Plate 1,29-Oct-16,Plate 2,B06,10,ACCGGTATGTAC,CGGGTGTTTGCT,39.641498,1.26
PRE.N15.117L1,ACCGGTATGTACCTGATCCATCTT,TGCTGCCTCCCGTAGGAGT,NA,PRE.N15.117L1,117L1,Feces,Mouse,9/14/2015,11,CONTROL,Female,NA,Josie Ni STM,,MOBIO Powersoil HTP,B07,Plate 1,29-Oct-16,Plate 2,B07,10,ACCGGTATGTAC,CTGATCCATCTT,37.20372,1.34
PRE.N15.117L3,ACCGGTATGTACGTGGTCATCGTA,TGCTGCCTCCCGTAGGAGT,NA,PRE.N15.117L3,117L3,Feces,Mouse,9/14/2015,11,CONTROL,Female,NA,Josie Ni STM,,MOBIO Powersoil HTP,B08,Plate 1,29-Oct-16,Plate 2,B08,10,ACCGGTATGTAC,GTGGTCATCGTA,36.328838,1.38
Extraction.blank.1,ACCGGTATGTACGTCTTCAGCAAG,TGCTGCCTCCCGTAGGAGT,NA,Extraction.blank.1,NA,Negative Control,NA,NA,NA,NA,NA,NA,Josie Ni STM,,MOBIO Powersoil HTP,B09,Plate 1,29-Oct-16,Plate 2,B09,10,ACCGGTATGTAC,GTCTTCAGCAAG,0.322772,3.00
PRE.N15.1190,ACCGGTATGTACAACTTTCAGGAG,TGCTGCCTCCCGTAGGAGT,NA,PRE.N15.1190,1190,Feces,Mouse,9/14/2015,11,ABX,Female,NA,Josie Ni STM,,MOBIO Powersoil HTP,B10,Plate 1,29-Oct-16,Plate 2,B10,10,ACCGGTATGTAC,AACTTTCAGGAG,35.598354,1.40
PRE.N15.119R1,ACCGGTATGTACGGATAGCCAAGG,TGCTGCCTCCCGTAGGAGT,NA,PRE.N15.119R1,119R1,Feces,Mouse,9/14/2015,11,ABX,Female,NA,Josie Ni STM,,MOBIO Powersoil HTP,B11,Plate 1,29-Oct-16,Plate 2,B11,10,ACCGGTATGTAC,GGATAGCCAAGG,36.957394,1.35
PRE.N15.119R3,ACCGGTATGTACGGAATCCGATTA,TGCTGCCTCCCGTAGGAGT,NA,PRE.N15.119R3,119R3,Feces,Mouse,9/14/2015,11,ABX,Female,NA,Josie Ni STM,,MOBIO Powersoil HTP,B12,Plate 1,29-Oct-16,Plate 2,B12,10,ACCGGTATGTAC,GGAATCCGATTA,36.787514,1.36
PRE.N15.119L1,ACCGGTATGTACCGTGATCCGCTA,TGCTGCCTCCCGTAGGAGT,NA,PRE.N15.119L1,119L1,Feces,Mouse,9/14/2015,11,ABX,Female,NA,Josie Ni STM,,MOBIO Powersoil HTP,C01,Plate 1,29-Oct-16,Plate 2,C01,10,ACCGGTATGTAC,CGTGATCCGCTA,39.853848,1.25
PRE.N15.119L3,ACCGGTATGTACACAACACTCCGA,TGCTGCCTCCCGTAGGAGT,NA,PRE.N15.119L3,119L3,Feces,Mouse,9/14/2015,11,ABX,Female,NA,Josie Ni STM,,MOBIO Powersoil HTP,C02,Plate 1,29-Oct-16,Plate 2,C02,10,ACCGGTATGTAC,ACAACACTCCGA,39.981258,1.25
PRE.N15.1210,ACCGGTATGTACTCAGTTCTCGTT,TGCTGCCTCCCGTAGGAGT,NA,PRE.N15.1210,1210,Feces,Mouse,9/14/2015,11,ASF,Female,NA,Josie Ni STM,,MOBIO Powersoil HTP,C03,Plate 1,29-Oct-16,Plate 2,C03,10,ACCGGTATGTAC,TCAGTTCTCGTT,41.849938,1.19
Extraction.blank.2,ACCGGTATGTACCACCTTACCTTA,TGCTGCCTCCCGTAGGAGT,NA,Extraction.blank.2,NA,Negative Control,NA,NA,NA,NA,NA,NA,Josie Ni STM,,MOBIO Powersoil HTP,C04,Plate 1,29-Oct-16,Plate 2,C04,10,ACCGGTATGTAC,CACCTTACCTTA,0.271808,3.00
PRE.N15.121R1,ACCGGTATGTACTGGGTCCCACAT,TGCTGCCTCCCGTAGGAGT,NA,PRE.N15.121R1,121R1,Feces,Mouse,9/14/2015,11,ASF,Female,NA,Josie Ni STM,,MOBIO Powersoil HTP,C05,Plate 1,29-Oct-16,Plate 2,C05,10,ACCGGTATGTAC,TGGGTCCCACAT,43.795064,1.14
PRE.N15.121R3,ACCGGTATGTACTTGACCGCGGTT,TGCTGCCTCCCGTAGGAGT,NA,PRE.N15.121R3,121R3,Feces,Mouse,9/14/2015,11,ASF,Female,NA,Josie Ni STM,,MOBIO Powersoil HTP,C06,Plate 1,29-Oct-16,Plate 2,C06,10,ACCGGTATGTAC,TTGACCGCGGTT,0.314278,3.00
PRE.N15.121L1,ACCGGTATGTACTATGTGCCGGCT,TGCTGCCTCCCGTAGGAGT,NA,PRE.N15.121L1,121L1,Feces,Mouse,9/14/2015,11,ASF,Female,NA,Josie Ni STM,,MOBIO Powersoil HTP,C07,Plate 1,29-Oct-16,Plate 2,C07,10,ACCGGTATGTAC,TATGTGCCGGCT,44.67844,1.12
PRE.N15.121L3,ACCGGTATGTACCTGAAGGGCGAA,TGCTGCCTCCCGTAGGAGT,NA,PRE.N15.121L3,121L3,Feces,Mouse,9/14/2015,11,ASF,Female,NA,Josie Ni STM,,MOBIO Powersoil HTP,C08,Plate 1,29-Oct-16,Plate 2,C08,10,ACCGGTATGTAC,CTGAAGGGCGAA,41.841444,1.19
POST.N15.1170,ACCGGTATGTACCGGATAACCTCC,TGCTGCCTCCCGTAGGAGT,NA,POST.N15.1170,1170,Feces,Mouse,9/23/2015,20,CONTROL,Female,NA,Josie Ni STM,,MOBIO Powersoil HTP,C09,Plate 1,29-Oct-16,Plate 2,C09,10,ACCGGTATGTAC,CGGATAACCTCC,39.080894,1.28
POST.N15.117R1,ACCGGTATGTACTGCACGTGATAA,TGCTGCCTCCCGTAGGAGT,NA,POST.N15.117R1,117R1,Feces,Mouse,9/23/2015,20,CONTROL,Female,NA,Josie Ni STM,,MOBIO Powersoil HTP,C10,Plate 1,29-Oct-16,Plate 2,C10,10,ACCGGTATGTAC,TGCACGTGATAA,38.894026,1.29
POST.N15.117R3,ACCGGTATGTACTGGTTGGTTACG,TGCTGCCTCCCGTAGGAGT,NA,POST.N15.117R3,117R3,Feces,Mouse,9/23/2015,20,CONTROL,Female,NA,Josie Ni STM,,MOBIO Powersoil HTP,C11,Plate 1,29-Oct-16,Plate 2,C11,10,ACCGGTATGTAC,TGGTTGGTTACG,39.96427,1.25
POST.N15.117L1,ACCGGTATGTACCACCCGATGGTT,TGCTGCCTCCCGTAGGAGT,NA,POST.N15.117L1,117L1,Feces,Mouse,9/23/2015,20,CONTROL,Female,NA,Josie Ni STM,,MOBIO Powersoil HTP,C12,Plate 1,29-Oct-16,Plate 2,C12,10,ACCGGTATGTAC,CACCCGATGGTT,37.424564,1.34
POST.N15.117L3,ACCGGTATGTACGGTTATTTGGCG,TGCTGCCTCCCGTAGGAGT,NA,POST.N15.117L3,117L3,Feces,Mouse,9/23/2015,20,CONTROL,Female,NA,Josie Ni STM,,MOBIO Powersoil HTP,D01,Plate 1,29-Oct-16,Plate 2,D01,10,ACCGGTATGTAC,GGTTATTTGGCG,1.936632,3.00
POST.N15.1190,ACCGGTATGTACCGATGCTGTTGA,TGCTGCCTCCCGTAGGAGT,NA,POST.N15.1190,1190,Feces,Mouse,9/23/2015,20,ABX,Female,NA,Josie Ni STM,,MOBIO Powersoil HTP,D02,Plate 1,29-Oct-16,Plate 2,D02,10,ACCGGTATGTAC,CGATGCTGTTGA,30.884184,1.62
POST.N15.119R1,ACCGGTATGTACTCGTGCGTGTTG,TGCTGCCTCCCGTAGGAGT,NA,POST.N15.119R1,119R1,Feces,Mouse,9/23/2015,20,ABX,Female,NA,Josie Ni STM,,MOBIO Powersoil HTP,D03,Plate 1,29-Oct-16,Plate 2,D03,10,ACCGGTATGTAC,TCGTGCGTGTTG,29.745988,1.68
POST.N15.119R3,ACCGGTATGTACTTAACCTTCCTG,TGCTGCCTCCCGTAGGAGT,NA,POST.N15.119R3,119R3,Feces,Mouse,9/23/2015,20,ABX,Female,NA,Josie Ni STM,,MOBIO Powersoil HTP,D04,Plate 1,29-Oct-16,Plate 2,D04,10,ACCGGTATGTAC,TTAACCTTCCTG,44.72091,1.12
POST.N15.119L1,ACCGGTATGTACCACTGGTGCATA,TGCTGCCTCCCGTAGGAGT,NA,POST.N15.119L1,119L1,Feces,Mouse,9/23/2015,20,ABX,Female,NA,Josie Ni STM,,MOBIO Powersoil HTP,D05,Plate 1,29-Oct-16,Plate 2,D05,10,ACCGGTATGTAC,CACTGGTGCATA,40.618308,1.23
POST.N15.119L3,ACCGGTATGTACGTGCAACCAATC,TGCTGCCTCCCGTAGGAGT,NA,POST.N15.119L3,119L3,Feces,Mouse,9/23/2015,20,ABX,Female,NA,Josie Ni STM,,MOBIO Powersoil HTP,D06,Plate 1,29-Oct-16,Plate 2,D06,10,ACCGGTATGTAC,GTGCAACCAATC,44.1688,1.13
POST.N15.1210,ACCGGTATGTACTGGTCGCATCGT,TGCTGCCTCCCGTAGGAGT,NA,POST.N15.1210,1210,Feces,Mouse,9/23/2015,20,ASF,Female,NA,Josie Ni STM,,MOBIO Powersoil HTP,D07,Plate 1,29-Oct-16,Plate 2,D07,10,ACCGGTATGTAC,TGGTCGCATCGT,42.801266,1.17
Extraction.blank.3,ACCGGTATGTACCGCTCACAGAAT,TGCTGCCTCCCGTAGGAGT,NA,Extraction.blank.3,NA,Negative Control,NA,NA,NA,NA,NA,NA,Josie Ni STM,,MOBIO Powersoil HTP,D08,Plate 1,29-Oct-16,Plate 2,D08,10,ACCGGTATGTAC,CGCTCACAGAAT,36.320344,1.38
POST.N15.121R1,ACCGGTATGTACAGGGTGACTTTA,TGCTGCCTCCCGTAGGAGT,NA,POST.N15.121R1,121R1,Feces,Mouse,9/23/2015,20,ASF,Female,NA,Josie Ni STM,,MOBIO Powersoil HTP,D09,Plate 1,29-Oct-16,Plate 2,D09,10,ACCGGTATGTAC,AGGGTGACTTTA,36.031548,1.39
POST.N15.121R3,ACCGGTATGTACGTTCGGTGTCCA,TGCTGCCTCCCGTAGGAGT,NA,POST.N15.121R3,121R3,Feces,Mouse,9/23/2015,20,ASF,Female,NA,Josie Ni STM,,MOBIO Powersoil HTP,D10,Plate 1,29-Oct-16,Plate 2,D10,10,ACCGGTATGTAC,GTTCGGTGTCCA,40.142644,1.25
POST.N15.121L1,ACCGGTATGTACGTCGTCCAAATG,TGCTGCCTCCCGTAGGAGT,NA,POST.N15.121L1,121L1,Feces,Mouse,9/23/2015,20,ASF,Female,NA,Josie Ni STM,,MOBIO Powersoil HTP,D11,Plate 1,29-Oct-16,Plate 2,D11,10,ACCGGTATGTAC,GTCGTCCAAATG,41.926384,1.19
Extraction.blank.4,ACCGGTATGTACTTCTGAGAGGTA,TGCTGCCTCCCGTAGGAGT,NA,Extraction.blank.4,NA,Negative Control,NA,NA,NA,NA,NA,NA,Josie Ni STM,,MOBIO Powersoil HTP,D12,Plate 1,29-Oct-16,Plate 2,D12,10,ACCGGTATGTAC,TTCTGAGAGGTA,37.07631,1.35
POST.N15.121L3,ACCGGTATGTACGGATCGTAATAC,TGCTGCCTCCCGTAGGAGT,NA,POST.N15.121L3,121L3,Feces,Mouse,9/23/2015,20,ASF,Female,NA,Josie Ni STM,,MOBIO Powersoil HTP,E01,Plate 1,29-Oct-16,Plate 2,E01,10,ACCGGTATGTAC,GGATCGTAATAC,45.162598,1.11
Extraction.blank.5,ACCGGTATGTACACGACTGCATAA,TGCTGCCTCCCGTAGGAGT,NA,Extraction.blank.5,NA,Negative Control,NA,NA,NA,NA,NA,NA,Josie Ni STM,,MOBIO Powersoil HTP,E02,Plate 1,29-Oct-16,Plate 2,E02,10,ACCGGTATGTAC,ACGACTGCATAA,5.232304,3.00
DONOR.ASF,ACCGGTATGTACGTTATCGCATGG,TGCTGCCTCCCGTAGGAGT,NA,DONOR.ASF,ASFdonor,Feces,Mouse,9/3/2015,0,ASFdonor,Female,NA,Josie Ni STM,,MOBIO Powersoil HTP,E03,Plate 1,29-Oct-16,Plate 2,E03,10,ACCGGTATGTAC,GTTATCGCATGG,44.627476,1.12
UN.828R1.baseline,ACCGGTATGTACTGCCGTATGCCA,TGCTGCCTCCCGTAGGAGT,NA,UN.828R1.baseline,UN.828R1,Feces,Mouse,12/15/2015,baseline,NA,NA,NA,Josie Ni STM,,MOBIO Powersoil HTP,E04,Plate 1,29-Oct-16,Plate 2,E04,10,ACCGGTATGTAC,TGCCGTATGCCA,42.563434,1.17
UN.828R3.baseline,ACCGGTATGTACAACGTAGGCTCT,TGCTGCCTCCCGTAGGAGT,NA,UN.828R3.baseline,UN.828R3,Feces,Mouse,12/15/2015,baseline,NA,NA,NA,Josie Ni STM,,MOBIO Powersoil HTP,E05,Plate 1,29-Oct-16,Plate 2,E05,10,ACCGGTATGTAC,AACGTAGGCTCT,38.214506,1.31
UN.828L3.baseline,ACCGGTATGTACGCTTGAGCTTGA,TGCTGCCTCCCGTAGGAGT,NA,UN.828L3.baseline,UN.828L3,Feces,Mouse,12/15/2015,baseline,NA,NA,NA,Josie Ni STM,,MOBIO Powersoil HTP,E06,Plate 1,29-Oct-16,Plate 2,E06,10,ACCGGTATGTAC,GCTTGAGCTTGA,41.399756,1.21
UN.829R3.baseline,ACCGGTATGTACTGTAAGACTTGG,TGCTGCCTCCCGTAGGAGT,NA,UN.829R3.baseline,UN.829R3,Feces,Mouse,12/15/2015,baseline,NA,NA,NA,Josie Ni STM,,MOBIO Powersoil HTP,E07,Plate 1,29-Oct-16,Plate 2,E07,10,ACCGGTATGTAC,TGTAAGACTTGG,40.669272,1.23
UN.829L1.baseline,ACCGGTATGTACATTCGGTAGTGC,TGCTGCCTCCCGTAGGAGT,NA,UN.829L1.baseline,UN.829L1,Feces,Mouse,12/15/2015,baseline,NA,NA,NA,Josie Ni STM,,MOBIO Powersoil HTP,E08,Plate 1,29-Oct-16,Plate 2,E08,10,ACCGGTATGTAC,ATTCGGTAGTGC,38.443844,1.30
UN.829L3.baseline,ACCGGTATGTACGACTTCATGCGA,TGCTGCCTCCCGTAGGAGT,NA,UN.829L3.baseline,UN.829L3,Feces,Mouse,12/15/2015,baseline,NA,NA,NA,Josie Ni STM,,MOBIO Powersoil HTP,E09,Plate 1,29-Oct-16,Plate 2,E09,10,ACCGGTATGTAC,GACTTCATGCGA,34.579074,1.45
UP.830R1.baseline,ACCGGTATGTACAAGACAGCTATC,TGCTGCCTCCCGTAGGAGT,NA,UP.830R1.baseline,UP.830R1,Feces,Mouse,12/15/2015,baseline,NA,NA,NA,Josie Ni STM,,MOBIO Powersoil HTP,E10,Plate 1,29-Oct-16,Plate 2,E10,10,ACCGGTATGTAC,AAGACAGCTATC,40.507886,1.23
UP.831R1.baseline,ACCGGTATGTACCAACGTGCTCCA,TGCTGCCTCCCGTAGGAGT,NA,UP.831R1.baseline,UP.831R1,Feces,Mouse,12/15/2015,baseline,NA,NA,NA,Josie Ni STM,,MOBIO Powersoil HTP,E11,Plate 1,29-Oct-16,Plate 2,E11,10,ACCGGTATGTAC,CAACGTGCTCCA,40.422946,1.24
UP.831R3.baseline,ACCGGTATGTACATCCCTACGGAA,TGCTGCCTCCCGTAGGAGT,NA,UP.831R3.baseline,UP.831R3,Feces,Mouse,12/15/2015,baseline,NA,NA,NA,Josie Ni STM,,MOBIO Powersoil HTP,E12,Plate 1,29-Oct-16,Plate 2,E12,10,ACCGGTATGTAC,ATCCCTACGGAA,38.885532,1.29
UP.831L1.baseline,ACCGGTATGTACGCATAGCATCAA,TGCTGCCTCCCGTAGGAGT,NA,UP.831L1.baseline,UP.831L1,Feces,Mouse,12/15/2015,baseline,NA,NA,NA,Josie Ni STM,,MOBIO Powersoil HTP,F01,Plate 1,29-Oct-16,Plate 2,F01,10,ACCGGTATGTAC,GCATAGCATCAA,45.383442,1.10
UN.828R1.D0,ACCGGTATGTACACGCGAACTAAT,TGCTGCCTCCCGTAGGAGT,NA,UN.828R1.D0,UN.828R1,Feces,Mouse,3/4/2016,0,NA,NA,NA,Josie Ni STM,,MOBIO Powersoil HTP,F02,Plate 1,29-Oct-16,Plate 2,F02,10,ACCGGTATGTAC,ACGCGAACTAAT,43.06458,1.16
UN.828R3.D0,ACCGGTATGTACGATCACGAGAGG,TGCTGCCTCCCGTAGGAGT,NA,UN.828R3.D0,UN.828R3,Feces,Mouse,3/4/2016,0,NA,NA,NA,Josie Ni STM,,MOBIO Powersoil HTP,F03,Plate 1,29-Oct-16,Plate 2,F03,10,ACCGGTATGTAC,GATCACGAGAGG,39.28475,1.27
UN.828L3.D0,ACCGGTATGTACCGTGACAATAGT,TGCTGCCTCCCGTAGGAGT,NA,UN.828L3.D0,UN.828L3,Feces,Mouse,3/4/2016,0,NA,NA,NA,Josie Ni STM,,MOBIO Powersoil HTP,F04,Plate 1,29-Oct-16,Plate 2,F04,10,ACCGGTATGTAC,CGTGACAATAGT,44.814344,1.12
UN.829R3.D0,ACCGGTATGTACAGTTGTAGTCCG,TGCTGCCTCCCGTAGGAGT,NA,UN.829R3.D0,UN.829R3,Feces,Mouse,3/4/2016,0,NA,NA,NA,Josie Ni STM,,MOBIO Powersoil HTP,F05,Plate 1,29-Oct-16,Plate 2,F05,10,ACCGGTATGTAC,AGTTGTAGTCCG,41.009032,1.22
Extraction.blank.6,ACCGGTATGTACCGCTGTGGATTA,TGCTGCCTCCCGTAGGAGT,NA,Extraction.blank.6,NA,Negative Control,NA,NA,NA,NA,NA,NA,Josie Ni STM,,MOBIO Powersoil HTP,F06,Plate 1,29-Oct-16,Plate 2,F06,10,ACCGGTATGTAC,CGCTGTGGATTA,0.263314,3.00
UN.829L1.D0,ACCGGTATGTACCGGATCTAGTGT,TGCTGCCTCCCGTAGGAGT,NA,UN.829L1.D0,UN.829L1,Feces,Mouse,3/4/2016,0,NA,NA,NA,Josie Ni STM,,MOBIO Powersoil HTP,F07,Plate 1,29-Oct-16,Plate 2,F07,10,ACCGGTATGTAC,CGGATCTAGTGT,41.059996,1.22
UN.829L3.D0,ACCGGTATGTACCGAGCTGTTACC,TGCTGCCTCCCGTAGGAGT,NA,UN.829L3.D0,UN.829L3,Feces,Mouse,3/4/2016,0,NA,NA,NA,Josie Ni STM,,MOBIO Powersoil HTP,F08,Plate 1,29-Oct-16,Plate 2,F08,10,ACCGGTATGTAC,CGAGCTGTTACC,37.534986,1.33
UP.830R1.D0,ACCGGTATGTACGCCTGTCTGCAA,TGCTGCCTCCCGTAGGAGT,NA,UP.830R1.D0,UP.830R1,Feces,Mouse,3/4/2016,0,NA,NA,NA,Josie Ni STM,,MOBIO Powersoil HTP,F09,Plate 1,29-Oct-16,Plate 2,F09,10,ACCGGTATGTAC,GCCTGTCTGCAA,43.293918,1.15
UP.831R1.D0,ACCGGTATGTACATTGACCGGTCA,TGCTGCCTCCCGTAGGAGT,NA,UP.831R1.D0,UP.831R1,Feces,Mouse,3/4/2016,0,NA,NA,NA,Josie Ni STM,,MOBIO Powersoil HTP,F10,Plate 1,29-Oct-16,Plate 2,F10,10,ACCGGTATGTAC,ATTGACCGGTCA,39.471618,1.27
UP.831R3.D0,ACCGGTATGTACTACACAAGTCGC,TGCTGCCTCCCGTAGGAGT,NA,UP.831R3.D0,UP.831R3,Feces,Mouse,3/4/2016,0,NA,NA,NA,Josie Ni STM,,MOBIO Powersoil HTP,F11,Plate 1,29-Oct-16,Plate 2,F11,10,ACCGGTATGTAC,TACACAAGTCGC,41.306322,1.21
UP.831L1.D0,ACCGGTATGTACGGTTCCATTAGG,TGCTGCCTCCCGTAGGAGT,NA,UP.831L1.D0,UP.831L1,Feces,Mouse,3/4/2016,0,NA,NA,NA,Josie Ni STM,,MOBIO Powersoil HTP,F12,Plate 1,29-Oct-16,Plate 2,F12,10,ACCGGTATGTAC,GGTTCCATTAGG,40.64379,1.23
UN.828R1.D41,ACCGGTATGTACGTGTTAGATGTG,TGCTGCCTCCCGTAGGAGT,NA,UN.828R1.D41,UN.828R1,Feces,Mouse,4/14/2016,41,NA,NA,NA,Josie Ni STM,,MOBIO Powersoil HTP,G01,Plate 1,29-Oct-16,Plate 2,G01,10,ACCGGTATGTAC,GTGTTAGATGTG,44.160306,1.13
UN.828R3.D41,ACCGGTATGTACAGCTATGTATGG,TGCTGCCTCCCGTAGGAGT,NA,UN.828R3.D41,UN.828R3,Feces,Mouse,4/14/2016,41,NA,NA,NA,Josie Ni STM,,MOBIO Powersoil HTP,G02,Plate 1,29-Oct-16,Plate 2,G02,10,ACCGGTATGTAC,AGCTATGTATGG,44.134824,1.13
Extraction.blank.7,ACCGGTATGTACGTAAATTCAGGC,TGCTGCCTCCCGTAGGAGT,NA,Extraction.blank.7,NA,Negative Control,NA,NA,NA,NA,NA,NA,Josie Ni STM,,MOBIO Powersoil HTP,G03,Plate 1,29-Oct-16,Plate 2,G03,10,ACCGGTATGTAC,GTAAATTCAGGC,3.592962,3.00
UN.828L3.D41,ACCGGTATGTACCGCTACAACTCG,TGCTGCCTCCCGTAGGAGT,NA,UN.828L3.D41,UN.828L3,Feces,Mouse,4/14/2016,41,NA,NA,NA,Josie Ni STM,,MOBIO Powersoil HTP,G04,Plate 1,29-Oct-16,Plate 2,G04,10,ACCGGTATGTAC,CGCTACAACTCG,44.661452,1.12
UN.829R3.D41,ACCGGTATGTACTCGTCAAACCCG,TGCTGCCTCCCGTAGGAGT,NA,UN.829R3.D41,UN.829R3,Feces,Mouse,4/14/2016,41,NA,NA,NA,Josie Ni STM,,MOBIO Powersoil HTP,G05,Plate 1,29-Oct-16,Plate 2,G05,10,ACCGGTATGTAC,TCGTCAAACCCG,35.233112,1.42
UN.829L1.D41,ACCGGTATGTACCTGTCAGTGACC,TGCTGCCTCCCGTAGGAGT,NA,UN.829L1.D41,UN.829L1,Feces,Mouse,4/14/2016,41,NA,NA,NA,Josie Ni STM,,MOBIO Powersoil HTP,G06,Plate 1,29-Oct-16,Plate 2,G06,10,ACCGGTATGTAC,CTGTCAGTGACC,41.501684,1.20
UN.829L3.D41,ACCGGTATGTACCGATCTTCGAGC,TGCTGCCTCCCGTAGGAGT,NA,UN.829L3.D41,UN.829L3,Feces,Mouse,4/14/2016,41,NA,NA,NA,Josie Ni STM,,MOBIO Powersoil HTP,G07,Plate 1,29-Oct-16,Plate 2,G07,10,ACCGGTATGTAC,CGATCTTCGAGC,38.121072,1.31
Extraction.blank.8,ACCGGTATGTACCAACACATGCTG,TGCTGCCTCCCGTAGGAGT,NA,Extraction.blank.8,NA,Negative Control,NA,NA,NA,NA,NA,NA,Josie Ni STM,,MOBIO Powersoil HTP,G08,Plate 1,29-Oct-16,Plate 2,G08,10,ACCGGTATGTAC,CAACACATGCTG,6.45544,3.00
UP.830R1.D41,ACCGGTATGTACACTGATGGCCTC,TGCTGCCTCCCGTAGGAGT,NA,UP.830R1.D41,UP.830R1,Feces,Mouse,4/14/2016,41,NA,NA,NA,Josie Ni STM,,MOBIO Powersoil HTP,G09,Plate 1,29-Oct-16,Plate 2,G09,10,ACCGGTATGTAC,ACTGATGGCCTC,43.78657,1.14
UP.831R1.D41,ACCGGTATGTACTTCTCCATCACA,TGCTGCCTCCCGTAGGAGT,NA,UP.831R1.D41,UP.831R1,Feces,Mouse,4/14/2016,41,NA,NA,NA,Josie Ni STM,,MOBIO Powersoil HTP,G10,Plate 1,29-Oct-16,Plate 2,G10,10,ACCGGTATGTAC,TTCTCCATCACA,43.53175,1.15
UP.831R3.D41,ACCGGTATGTACGCGTCCATGAAT,TGCTGCCTCCCGTAGGAGT,NA,UP.831R3.D41,UP.831R3,Feces,Mouse,4/14/2016,41,NA,NA,NA,Josie Ni STM,,MOBIO Powersoil HTP,G11,Plate 1,29-Oct-16,Plate 2,G11,10,ACCGGTATGTAC,GCGTCCATGAAT,44.618982,1.12
UP.831L1.D41,ACCGGTATGTACGTGTTCCCAGAA,TGCTGCCTCCCGTAGGAGT,NA,UP.831L1.D41,UP.831L1,Feces,Mouse,4/14/2016,41,NA,NA,NA,Josie Ni STM,,MOBIO Powersoil HTP,G12,Plate 1,29-Oct-16,Plate 2,G12,10,ACCGGTATGTAC,GTGTTCCCAGAA,43.44681,1.15
UN.828R1.D44,ACCGGTATGTACTTAGAGCCATGC,TGCTGCCTCCCGTAGGAGT,NA,UN.828R1.D44,UN.828R1,Feces,Mouse,4/18/2016,44,NA,NA,NA,Josie Ni STM,,MOBIO Powersoil HTP,H01,Plate 1,29-Oct-16,Plate 2,H01,10,ACCGGTATGTAC,TTAGAGCCATGC,45.969528,1.09
Extraction.blank.9,ACCGGTATGTACACGGGTCATCAT,TGCTGCCTCCCGTAGGAGT,NA,Extraction.blank.9,NA,Negative Control,NA,NA,NA,NA,NA,NA,Josie Ni STM,,MOBIO Powersoil HTP,H02,Plate 1,29-Oct-16,Plate 2,H02,10,ACCGGTATGTAC,ACGGGTCATCAT,45.298502,1.10
UN.828R3.D44,ACCGGTATGTACAGTGTTTCGGAC,TGCTGCCTCCCGTAGGAGT,NA,UN.828R3.D44,UN.828R3,Feces,Mouse,4/18/2016,44,NA,NA,NA,Josie Ni STM,,MOBIO Powersoil HTP,H03,Plate 1,29-Oct-16,Plate 2,H03,10,ACCGGTATGTAC,AGTGTTTCGGAC,43.3194,1.15
UN.828L3.D44,ACCGGTATGTACTTAAGACAGTCG,TGCTGCCTCCCGTAGGAGT,NA,UN.828L3.D44,UN.828L3,Feces,Mouse,4/18/2016,44,NA,NA,NA,Josie Ni STM,,MOBIO Powersoil HTP,H04,Plate 1,29-Oct-16,Plate 2,H04,10,ACCGGTATGTAC,TTAAGACAGTCG,40.380476,1.24
UN.829R3.D44,ACCGGTATGTACTAATCGGTGCCA,TGCTGCCTCCCGTAGGAGT,NA,UN.829R3.D44,UN.829R3,Feces,Mouse,4/18/2016,44,NA,NA,NA,Josie Ni STM,,MOBIO Powersoil HTP,H05,Plate 1,29-Oct-16,Plate 2,H05,10,ACCGGTATGTAC,TAATCGGTGCCA,37.96818,1.32
UN.829L1.D44,ACCGGTATGTACACGATTCGAGTC,TGCTGCCTCCCGTAGGAGT,NA,UN.829L1.D44,UN.829L1,Feces,Mouse,4/18/2016,44,NA,NA,NA,Josie Ni STM,,MOBIO Powersoil HTP,H06,Plate 1,29-Oct-16,Plate 2,H06,10,ACCGGTATGTAC,ACGATTCGAGTC,42.792772,1.17
UN.829L3.D44,ACCGGTATGTACGTCGAATTTGCG,TGCTGCCTCCCGTAGGAGT,NA,UN.829L3.D44,UN.829L3,Feces,Mouse,4/18/2016,44,NA,NA,NA,Josie Ni STM,,MOBIO Powersoil HTP,H07,Plate 1,29-Oct-16,Plate 2,H07,10,ACCGGTATGTAC,GTCGAATTTGCG,43.158014,1.16
UP.830R1.D44,ACCGGTATGTACATTCTCTCACGT,TGCTGCCTCCCGTAGGAGT,NA,UP.830R1.D44,UP.830R1,Feces,Mouse,4/18/2016,44,NA,NA,NA,Josie Ni STM,,MOBIO Powersoil HTP,H08,Plate 1,29-Oct-16,Plate 2,H08,10,ACCGGTATGTAC,ATTCTCTCACGT,38.112578,1.31
UP.831R1.D44,ACCGGTATGTACTTCGATGCCGCA,TGCTGCCTCCCGTAGGAGT,NA,UP.831R1.D44,UP.831R1,Feces,Mouse,4/18/2016,44,NA,NA,NA,Josie Ni STM,,MOBIO Powersoil HTP,H09,Plate 1,29-Oct-16,Plate 2,H09,10,ACCGGTATGTAC,TTCGATGCCGCA,41.824456,1.20
Extraction.blank.10,ACCGGTATGTACCGTAGGTAGAGG,TGCTGCCTCCCGTAGGAGT,NA,Extraction.blank.10,NA,Negative Control,NA,NA,NA,NA,NA,NA,Josie Ni STM,,MOBIO Powersoil HTP,H10,Plate 1,29-Oct-16,Plate 2,H10,10,ACCGGTATGTAC,CGTAGGTAGAGG,36.294862,1.38
UP.831R3.D44,ACCGGTATGTACGTAATGCGTAAC,TGCTGCCTCCCGTAGGAGT,NA,UP.831R3.D44,UP.831R3,Feces,Mouse,4/18/2016,44,NA,NA,NA,Josie Ni STM,,MOBIO Powersoil HTP,H11,Plate 1,29-Oct-16,Plate 2,H11,10,ACCGGTATGTAC,GTAATGCGTAAC,44.822838,1.12
UP.831L1.D44,ACCGGTATGTACCCGAGGTATAAT,TGCTGCCTCCCGTAGGAGT,NA,UP.831L1.D44,UP.831L1,Feces,Mouse,4/18/2016,44,NA,NA,NA,Josie Ni STM,,MOBIO Powersoil HTP,H12,Plate 1,29-Oct-16,Plate 2,H12,10,ACCGGTATGTAC,CCGAGGTATAAT,38.52029,1.30
Infant.Macaque.LR24,GCTGTACGGATTCAGAAATGTGTC,TGCTGCCTCCCGTAGGAGT,NA,Infant.Macaque.LR24,LR24,Feces,Macaque,7-Oct-16,NA,SIV Negative,Male,NA,Infant Macaque Microbiome,,MOBIO Powersoil,A01,Plate 2,21-Nov-16,Plate 2,A01,2,GCTGTACGGATT,CAGAAATGTGTC,31.621788,1.58
Infant.Macaque.LR09,GCTGTACGGATTTGAACCCTATGG,TGCTGCCTCCCGTAGGAGT,NA,Infant.Macaque.LR09,LR09,Feces,Macaque,7-Oct-16,NA,SIV Negative,Female,NA,Infant Macaque Microbiome,,MOBIO Powersoil,A02,Plate 2,21-Nov-16,Plate 2,A02,2,GCTGTACGGATT,TGAACCCTATGG,33.818004,1.48
Infant.Macaque.LR42,GCTGTACGGATTGAAACATCCCAC,TGCTGCCTCCCGTAGGAGT,NA,Infant.Macaque.LR42,LR42,Feces,Macaque,7-Oct-16,NA,SIV Negative,Male,NA,Infant Macaque Microbiome,,MOBIO Powersoil,A03,Plate 2,21-Nov-16,Plate 2,A03,2,GCTGTACGGATT,GAAACATCCCAC,33.892452,1.48
Infant.Macaque.LR44,GCTGTACGGATTACACGCGGTTTA,TGCTGCCTCCCGTAGGAGT,NA,Infant.Macaque.LR44,LR44,Feces,Macaque,7-Oct-16,NA,SIV Negative,Male,NA,Infant Macaque Microbiome,,MOBIO Powersoil,A04,Plate 2,21-Nov-16,Plate 2,A04,2,GCTGTACGGATT,ACACGCGGTTTA,35.976996,1.39
Infant.Macaque.LR04,GCTGTACGGATTTCTGCACTGAGC,TGCTGCCTCCCGTAGGAGT,NA,Infant.Macaque.LR04,LR04,Feces,Macaque,4-Oct-16,NA,SIV Positive,Male,NA,Infant Macaque Microbiome,,MOBIO Powersoil,A05,Plate 2,21-Nov-16,Plate 2,A05,2,GCTGTACGGATT,TCTGCACTGAGC,37.931256,1.32
Infant.Macaque.LR05,GCTGTACGGATTTTGATCCGGTAG,TGCTGCCTCCCGTAGGAGT,NA,Infant.Macaque.LR05,LR05,Feces,Macaque,4-Oct-16,NA,SIV Positive,Female,NA,Infant Macaque Microbiome,,MOBIO Powersoil,A06,Plate 2,21-Nov-16,Plate 2,A06,2,GCTGTACGGATT,TTGATCCGGTAG,42.407442,1.18
Infant.Macaque.LP96,GCTGTACGGATTGGTTCGGTCCAT,TGCTGCCTCCCGTAGGAGT,NA,Infant.Macaque.LP96,LP96,Feces,Macaque,4-Oct-16,NA,SIV Positive,Female,NA,Infant Macaque Microbiome,,MOBIO Powersoil,A07,Plate 2,21-Nov-16,Plate 2,A07,2,GCTGTACGGATT,GGTTCGGTCCAT,43.161228,1.16
Extraction.blank.1m,GCTGTACGGATTGCATCAGAGTTA,TGCTGCCTCCCGTAGGAGT,NA,Extraction.blank.1m,NA,Negative Control,NA,NA,NA,NA,NA,NA,Infant Macaque Microbiome,,MOBIO Powersoil,A08,Plate 2,21-Nov-16,Plate 2,A08,2,GCTGTACGGATT,GCATCAGAGTTA,0.623502,3.00
Extraction.blank.2m,GCTGTACGGATTCGACTCTAAACG,TGCTGCCTCCCGTAGGAGT,NA,Extraction.blank.2m,NA,Negative Control,NA,NA,NA,NA,NA,NA,Infant Macaque Microbiome,,MOBIO Powersoil,A09,Plate 2,21-Nov-16,Plate 2,A09,2,GCTGTACGGATT,CGACTCTAAACG,1.851894,3.00
Extraction.blank.3m,GCTGTACGGATTTGTGGCTCGTGT,TGCTGCCTCCCGTAGGAGT,NA,Extraction.blank.3m,NA,Negative Control,NA,NA,NA,NA,NA,NA,Infant Macaque Microbiome,,MOBIO Powersoil,A10,Plate 2,21-Nov-16,Plate 2,A10,2,GCTGTACGGATT,TGTGGCTCGTGT,0.576972,3.00
GeneBlock.Pos.Control.1,GCTGTACGGATTATTTAGGACGAC,TGCTGCCTCCCGTAGGAGT,NA,GeneBlock.Pos.Control.1,NA,Postive Control,NA,NA,NA,NA,NA,NA,Infant Macaque Microbiome,,NA,NA,NA,NA,Plate 2,A11,2,GCTGTACGGATT,ATTTAGGACGAC,43.542774,1.15
GeneBlock.Pos.Control.2,GCTGTACGGATTGTCGCCGTACAT,TGCTGCCTCCCGTAGGAGT,NA,GeneBlock.Pos.Control.2,NA,Postitive Control,NA,NA,NA,NA,NA,NA,Infant Macaque Microbiome,,NA,NA,NA,NA,Plate 2,A12,2,GCTGTACGGATT,GTCGCCGTACAT,40.38804,1.24
Myco1.oral.wash,TACAGCGCATACGGTTATTTGGCG,TGCTGCCTCCCGTAGGAGT,NA,Myco1,NA,Oral Wash,Human,NA,NA,NA,NA,NA,"Alex Huang, Collman Lab, Myco",,NA,NA,NA,NA,Plate 2,gc140,9,TACAGCGCATAC,GGTTATTTGGCG,NA,NA
Myco2.oral.wash,TACAGCGCATACTTAACCTTCCTG,TGCTGCCTCCCGTAGGAGT,NA,Myco2,NA,Oral Wash,Human,NA,NA,NA,NA,NA,"Alex Huang, Collman Lab, Myco",,NA,NA,NA,NA,Plate 2,gc164,9,TACAGCGCATAC,TTAACCTTCCTG,NA,NA
Myco3.oral.wash,TACAGCGCATACTGGTCGCATCGT,TGCTGCCTCCCGTAGGAGT,NA,Myco3,NA,Oral Wash,Human,NA,NA,NA,NA,NA,"Alex Huang, Collman Lab, Myco",,NA,NA,NA,NA,Plate 2,gc188,9,TACAGCGCATAC,TGGTCGCATCGT,NA,NA
Myco4.oral.wash,TACAGCGCATACGTTCGGTGTCCA,TGCTGCCTCCCGTAGGAGT,NA,Myco4,NA,Oral Wash,Human,NA,NA,NA,NA,NA,"Alex Huang, Collman Lab, Myco",,NA,NA,NA,NA,Plate 2,gc212,9,TACAGCGCATAC,GTTCGGTGTCCA,NA,NA
Myco5.oral.wash,TACAGCGCATACGGATCGTAATAC,TGCTGCCTCCCGTAGGAGT,NA,Myco5,NA,Oral Wash,Human,NA,NA,NA,NA,NA,"Alex Huang, Collman Lab, Myco",,NA,NA,NA,NA,Plate 2,gc141,9,TACAGCGCATAC,GGATCGTAATAC,NA,NA
Myco6.oral.wash,TACAGCGCATACTGCCGTATGCCA,TGCTGCCTCCCGTAGGAGT,NA,Myco6,NA,Oral Wash,Human,NA,NA,NA,NA,NA,"Alex Huang, Collman Lab, Myco",,NA,NA,NA,NA,Plate 2,gc165,9,TACAGCGCATAC,TGCCGTATGCCA,NA,NA
Myco7.oral.wash,TACAGCGCATACTGTAAGACTTGG,TGCTGCCTCCCGTAGGAGT,NA,Myco7,NA,Oral Wash,Human,NA,NA,NA,NA,NA,"Alex Huang, Collman Lab, Myco",,NA,NA,NA,NA,Plate 2,gc189,9,TACAGCGCATAC,TGTAAGACTTGG,NA,NA
Myco8.oral.wash,TACAGCGCATACAAGACAGCTATC,TGCTGCCTCCCGTAGGAGT,NA,Myco8,NA,Oral Wash,Human,NA,NA,NA,NA,NA,"Alex Huang, Collman Lab, Myco",,NA,NA,NA,NA,Plate 2,gc213,9,TACAGCGCATAC,AAGACAGCTATC,NA,NA
Myco9.oral.wash,TACAGCGCATACGCATAGCATCAA,TGCTGCCTCCCGTAGGAGT,NA,Myco9,NA,Oral Wash,Human,NA,NA,NA,NA,NA,"Alex Huang, Collman Lab, Myco",,NA,NA,NA,NA,Plate 2,gc142,9,TACAGCGCATAC,GCATAGCATCAA,NA,NA
Myco10.oral.wash,TACAGCGCATACCGTGACAATAGT,TGCTGCCTCCCGTAGGAGT,NA,Myco10,NA,Oral Wash,Human,NA,NA,NA,NA,NA,"Alex Huang, Collman Lab, Myco",,NA,NA,NA,NA,Plate 2,gc166,9,TACAGCGCATAC,CGTGACAATAGT,NA,NA
Saline.collman.control,TACAGCGCATACCGGATCTAGTGT,TGCTGCCTCCCGTAGGAGT,NA,Saline,NA,Oral Wash,Human,NA,NA,NA,NA,NA,"Alex Huang, Collman Lab, Myco",,NA,NA,NA,NA,Plate 2,gc190,9,TACAGCGCATAC,CGGATCTAGTGT,NA,NA
Myco1.oral.wash.2,TACAGCGCATACCGATGCTGTTGA,TGCTGCCTCCCGTAGGAGT,NA,replicate 2,NA,Oral Wash,Human,NA,NA,NA,NA,NA,"Alex Huang, Collman Lab, Myco",,NA,NA,NA,NA,Plate 2,gc148,9,TACAGCGCATAC,CGATGCTGTTGA,NA,NA
Myco2.oral.wash.2,TACAGCGCATACCACTGGTGCATA,TGCTGCCTCCCGTAGGAGT,NA,replicate 2,NA,Oral Wash,Human,NA,NA,NA,NA,NA,"Alex Huang, Collman Lab, Myco",,NA,NA,NA,NA,Plate 2,gc172,9,TACAGCGCATAC,CACTGGTGCATA,NA,NA
Myco3.oral.wash.2,TACAGCGCATACCGCTCACAGAAT,TGCTGCCTCCCGTAGGAGT,NA,replicate 2,NA,Oral Wash,Human,NA,NA,NA,NA,NA,"Alex Huang, Collman Lab, Myco",,NA,NA,NA,NA,Plate 2,gc196,9,TACAGCGCATAC,CGCTCACAGAAT,NA,NA
Myco4.oral.wash.2,TACAGCGCATACGTCGTCCAAATG,TGCTGCCTCCCGTAGGAGT,NA,replicate 2,NA,Oral Wash,Human,NA,NA,NA,NA,NA,"Alex Huang, Collman Lab, Myco",,NA,NA,NA,NA,Plate 2,gc220,9,TACAGCGCATAC,GTCGTCCAAATG,NA,NA
Myco5.oral.wash.2,TACAGCGCATACACGACTGCATAA,TGCTGCCTCCCGTAGGAGT,NA,replicate 2,NA,Oral Wash,Human,NA,NA,NA,NA,NA,"Alex Huang, Collman Lab, Myco",,NA,NA,NA,NA,Plate 2,gc149,9,TACAGCGCATAC,ACGACTGCATAA,NA,NA
Myco6.oral.wash.2,TACAGCGCATACAACGTAGGCTCT,TGCTGCCTCCCGTAGGAGT,NA,replicate 2,NA,Oral Wash,Human,NA,NA,NA,NA,NA,"Alex Huang, Collman Lab, Myco",,NA,NA,NA,NA,Plate 2,gc173,9,TACAGCGCATAC,AACGTAGGCTCT,NA,NA
Myco7.oral.wash.2,TACAGCGCATACATTCGGTAGTGC,TGCTGCCTCCCGTAGGAGT,NA,replicate 2,NA,Oral Wash,Human,NA,NA,NA,NA,NA,"Alex Huang, Collman Lab, Myco",,NA,NA,NA,NA,Plate 2,gc197,9,TACAGCGCATAC,ATTCGGTAGTGC,NA,NA
Myco8.oral.wash.2,TACAGCGCATACCAACGTGCTCCA,TGCTGCCTCCCGTAGGAGT,NA,replicate 2,NA,Oral Wash,Human,NA,NA,NA,NA,NA,"Alex Huang, Collman Lab, Myco",,NA,NA,NA,NA,Plate 2,gc221,9,TACAGCGCATAC,CAACGTGCTCCA,NA,NA
Myco9.oral.wash.2,TACAGCGCATACACGCGAACTAAT,TGCTGCCTCCCGTAGGAGT,NA,replicate 2,NA,Oral Wash,Human,NA,NA,NA,NA,NA,"Alex Huang, Collman Lab, Myco",,NA,NA,NA,NA,Plate 2,gc150,9,TACAGCGCATAC,ACGCGAACTAAT,NA,NA
Myco10.oral.wash.2,TACAGCGCATACAGTTGTAGTCCG,TGCTGCCTCCCGTAGGAGT,NA,replicate 2,NA,Oral Wash,Human,NA,NA,NA,NA,NA,"Alex Huang, Collman Lab, Myco",,NA,NA,NA,NA,Plate 2,gc174,9,TACAGCGCATAC,AGTTGTAGTCCG,NA,NA
Saline.collman.control.2,TACAGCGCATACCGAGCTGTTACC,TGCTGCCTCCCGTAGGAGT,NA,replicate 2,NA,Oral Wash,Human,NA,NA,NA,NA,NA,"Alex Huang, Collman Lab, Myco",,NA,NA,NA,NA,Plate 2,gc198,9,TACAGCGCATAC,CGAGCTGTTACC,NA,NA
Myco1.oral.wash.3,TACAGCGCATACTCGTGCGTGTTG,TGCTGCCTCCCGTAGGAGT,NA,replicate 3,NA,Oral Wash,Human,NA,NA,NA,NA,NA,"Alex Huang, Collman Lab, Myco",,NA,NA,NA,NA,Plate 2,gc156,9,TACAGCGCATAC,TCGTGCGTGTTG,NA,NA
Myco2.oral.wash.3,TACAGCGCATACGTGCAACCAATC,TGCTGCCTCCCGTAGGAGT,NA,replicate 3,NA,Oral Wash,Human,NA,NA,NA,NA,NA,"Alex Huang, Collman Lab, Myco",,NA,NA,NA,NA,Plate 2,gc180,9,TACAGCGCATAC,GTGCAACCAATC,NA,NA
Myco3.oral.wash.3,TACAGCGCATACAGGGTGACTTTA,TGCTGCCTCCCGTAGGAGT,NA,replicate 3,NA,Oral Wash,Human,NA,NA,NA,NA,NA,"Alex Huang, Collman Lab, Myco",,NA,NA,NA,NA,Plate 2,gc204,9,TACAGCGCATAC,AGGGTGACTTTA,NA,NA
Myco4.oral.wash.3,TACAGCGCATACTTCTGAGAGGTA,TGCTGCCTCCCGTAGGAGT,NA,replicate 3,NA,Oral Wash,Human,NA,NA,NA,NA,NA,"Alex Huang, Collman Lab, Myco",,NA,NA,NA,NA,Plate 2,gc228,9,TACAGCGCATAC,TTCTGAGAGGTA,NA,NA
Myco5.oral.wash.3,TACAGCGCATACGTTATCGCATGG,TGCTGCCTCCCGTAGGAGT,NA,replicate 3,NA,Oral Wash,Human,NA,NA,NA,NA,NA,"Alex Huang, Collman Lab, Myco",,NA,NA,NA,NA,Plate 2,gc157,9,TACAGCGCATAC,GTTATCGCATGG,NA,NA
Myco6.oral.wash.3,TACAGCGCATACGCTTGAGCTTGA,TGCTGCCTCCCGTAGGAGT,NA,replicate 3,NA,Oral Wash,Human,NA,NA,NA,NA,NA,"Alex Huang, Collman Lab, Myco",,NA,NA,NA,NA,Plate 2,gc181,9,TACAGCGCATAC,GCTTGAGCTTGA,NA,NA
Myco7.oral.wash.3,TACAGCGCATACGACTTCATGCGA,TGCTGCCTCCCGTAGGAGT,NA,replicate 3,NA,Oral Wash,Human,NA,NA,NA,NA,NA,"Alex Huang, Collman Lab, Myco",,NA,NA,NA,NA,Plate 2,gc205,9,TACAGCGCATAC,GACTTCATGCGA,NA,NA
Myco8.oral.wash.3,TACAGCGCATACATCCCTACGGAA,TGCTGCCTCCCGTAGGAGT,NA,replicate 3,NA,Oral Wash,Human,NA,NA,NA,NA,NA,"Alex Huang, Collman Lab, Myco",,NA,NA,NA,NA,Plate 2,gc229,9,TACAGCGCATAC,ATCCCTACGGAA,NA,NA
Myco9.oral.wash.3,TACAGCGCATACGATCACGAGAGG,TGCTGCCTCCCGTAGGAGT,NA,replicate 3,NA,Oral Wash,Human,NA,NA,NA,NA,NA,"Alex Huang, Collman Lab, Myco",,NA,NA,NA,NA,Plate 2,gc158,9,TACAGCGCATAC,GATCACGAGAGG,NA,NA
Myco10.oral.wash.3,TACAGCGCATACCGCTGTGGATTA,TGCTGCCTCCCGTAGGAGT,NA,replicate 3,NA,Oral Wash,Human,NA,NA,NA,NA,NA,"Alex Huang, Collman Lab, Myco",,NA,NA,NA,NA,Plate 2,gc182,9,TACAGCGCATAC,CGCTGTGGATTA,NA,NA
Saline.collman.control.3,TACAGCGCATACGCCTGTCTGCAA,TGCTGCCTCCCGTAGGAGT,NA,replicate 3,NA,Oral Wash,Human,NA,NA,NA,NA,NA,"Alex Huang, Collman Lab, Myco",,NA,NA,NA,NA,Plate 2,gc206,9,TACAGCGCATAC,GCCTGTCTGCAA,NA,NA
