sample_name,barcode_sequence,primer_sequence,HostSpecies,SubjectID,SampleType,Replicates,SampleCollectionDate,Extraction_Kit,Extraction_Modification,SamplePreparation,ExtractionDate,Pre-nextera conc,Lib conc.,ul to pool (2ng/sample),FINAL ul to pool
h20.1.DNA,TAAGGCGACTCTCTAT,TTTTTTTT,NA,NA,Negative Extraction blank,NA,NA,Qiagen Ultrasens Viral,NA,Nextera XT,9/22/2016,0.24,0.11,17.81,5
h20.2.DNA,CGTACTAGCTCTCTAT,TTTTTTTT,NA,NA,Negative Extraction blank,NA,NA,Qiagen Ultrasens Viral,NA,Nextera XT,9/22/2016,0.44,0.21,9.65,5
ETV.1.DNA,AGGCAGAACTCTCTAT,TTTTTTTT,Human,1,Endotrachael aspirate,N,9/13/2016,Qiagen Ultrasens Viral,NA,Nextera XT,9/22/2016,100.87,0.46,4.37,4.37
ETV.3.DNA,TCCTGAGCCTCTCTAT,TTTTTTTT,Human,1,Endotrachael aspirate,N,9/16/2016,Qiagen Ultrasens Viral,NA,Nextera XT,9/22/2016,40.99,0.37,5.35,5.35
CSF.1.DNA,GGACTCCTCTCTCTAT,TTTTTTTT,Human,1,Cerebrospinal fluid,Y,9/9/2016,Qiagen Ultrasens Viral,NA,Nextera XT,9/22/2016,0.37,0.15,13.38,13.38
CSF.2.DNA,TAGGCATGCTCTCTAT,TTTTTTTT,Human,1,Cerebrospinal fluid,Y,9/9/2016,Qiagen Ultrasens Viral,NA,Nextera XT,9/22/2016,0.43,0.21,9.63,9.63
h20.1.RNA,TAAGGCGATATCCTCT,TTTTTTTT,NA,NA,Negative Extraction blank,NA,NA,Qiagen Ultrasens Viral,Reverse Transcribe,Nextera XT,9/22/2016,1.29,2.24,0.89,1
h20.2.RNA,CGTACTAGTATCCTCT,TTTTTTTT,NA,NA,Negative Extraction blank,NA,NA,Qiagen Ultrasens Viral,Reverse Transcribe,Nextera XT,9/22/2016,1.38,2.36,0.85,1
ETV.1.RNA,AGGCAGAATATCCTCT,TTTTTTTT,Human,1,Endotrachael aspirate,N,9/13/2016,Qiagen Ultrasens Viral,Reverse Transcribe,Nextera XT,9/22/2016,31.45,1,2.01,2.01
ETV.3.RNA,TCCTGAGCTATCCTCT,TTTTTTTT,Human,1,Endotrachael aspirate,N,9/16/2016,Qiagen Ultrasens Viral,Reverse Transcribe,Nextera XT,9/22/2016,18.45,0.67,2.97,2.97
CSF.1.RNA,GGACTCCTTATCCTCT,TTTTTTTT,Human,1,Cerebrospinal fluid,Y,9/9/2016,Qiagen Ultrasens Viral,Reverse Transcribe,Nextera XT,9/22/2016,1.65,2.42,0.83,1
CSF.2.RNA,TAGGCATGTATCCTCT,TTTTTTTT,Human,1,Cerebrospinal fluid,Y,9/9/2016,Qiagen Ultrasens Viral,Reverse Transcribe,Nextera XT,9/22/2016,2.54,3.25,0.62,1
h20.1.Genom,TAAGGCGAAGAGTAGA,TTTTTTTT,NA,NA,Negative Extraction blank,NA,NA,Qiagen Ultrasens Viral,Genomiphi,Nextera XT,9/22/2016,0.4,0.23,8.6,5
h20.2.Genom,CGTACTAGAGAGTAGA,TTTTTTTT,NA,NA,Negative Extraction blank,NA,NA,Qiagen Ultrasens Viral,Genomiphi,Nextera XT,9/22/2016,0.52,0.17,11.47,5
ETV.1.Genom,AGGCAGAAAGAGTAGA,TTTTTTTT,Human,1,Endotrachael aspirate,N,9/13/2016,Qiagen Ultrasens Viral,Genomiphi,Nextera XT,9/22/2016,191.56,1.56,1.28,1.28
ETV.3.Genom,TCCTGAGCAGAGTAGA,TTTTTTTT,Human,1,Endotrachael aspirate,N,9/16/2016,Qiagen Ultrasens Viral,Genomiphi,Nextera XT,9/22/2016,186.33,1.32,1.51,1.51
CSF.1.Genom,GGACTCCTAGAGTAGA,TTTTTTTT,Human,1,Cerebrospinal fluid,Y,9/9/2016,Qiagen Ultrasens Viral,Genomiphi,Nextera XT,9/22/2016,2.21,0.67,2.97,2.97
CSF.2.Genom,TAGGCATGAGAGTAGA,TTTTTTTT,Human,1,Cerebrospinal fluid,Y,9/9/2016,Qiagen Ultrasens Viral,Genomiphi,Nextera XT,9/22/2016,1.74,0.93,2.15,2.15
