sample_name	Sample_Name2	Sample_Plate	Sample_Well	I7_Index_ID	index	I5_Index_ID	index2	Sample_Project	Description	barcode_sequence	primer_sequence	linker_sequence
Sterile.Swab1.rep1	Sterile.Swab1	Plate1	A01	SA701	AACTCTCG	SA501	ATCGTACG	PrePostCleaning	na	AACTCTCGATCGTACG	AAA	AAA
Sterile.Swab1.rep2	Sterile.Swab1	Plate1	A02	SA702	ACTATGTC	SA501	ATCGTACG	PrePostCleaning	na	ACTATGTCATCGTACG	AAA	AAA
Sterile.Swab1.rep3	Sterile.Swab1	Plate1	A03	SA703	AGTAGCGT	SA501	ATCGTACG	PrePostCleaning	na	AGTAGCGTATCGTACG	AAA	AAA
Mock.Swab1.rep1	Mock.Swab1	Plate1	A04	SA704	CAGTGAGT	SA501	ATCGTACG	PrePostCleaning	na	CAGTGAGTATCGTACG	AAA	AAA
Mock.Swab1.rep2	Mock.Swab1	Plate1	A05	SA705	CGTACTCA	SA501	ATCGTACG	PrePostCleaning	na	CGTACTCAATCGTACG	AAA	AAA
Mock.Swab1.rep3	Mock.Swab1	Plate1	A06	SA706	CTACGCAG	SA501	ATCGTACG	PrePostCleaning	na	CTACGCAGATCGTACG	AAA	AAA
Stethoscope1.pre.rep1	Stethoscope1	Plate1	A07	SA707	GGAGACTA	SA501	ATCGTACG	PrePostCleaning	na	GGAGACTAATCGTACG	AAA	AAA
Stethoscope1.pre.rep2	Stethoscope1	Plate1	A08	SA708	GTCGCTCG	SA501	ATCGTACG	PrePostCleaning	na	GTCGCTCGATCGTACG	AAA	AAA
Stethoscope1.pre.rep3	Stethoscope1	Plate1	A09	SA709	GTCGTAGT	SA501	ATCGTACG	PrePostCleaning	na	GTCGTAGTATCGTACG	AAA	AAA
Stethoscope2.pre.rep1	Stethoscope2	Plate1	A10	SA710	TAGCAGAC	SA501	ATCGTACG	PrePostCleaning	na	TAGCAGACATCGTACG	AAA	AAA
Stethoscope2.pre.rep2	Stethoscope2	Plate1	A11	SA711	TCATAGAC	SA501	ATCGTACG	PrePostCleaning	na	TCATAGACATCGTACG	AAA	AAA
Stethoscope2.pre.rep3	Stethoscope2	Plate1	A12	SA712	TCGCTATA	SA501	ATCGTACG	PrePostCleaning	na	TCGCTATAATCGTACG	AAA	AAA
Stethoscope3.pre.rep1	Stethoscope3	Plate1	B01	SA701	AACTCTCG	SA502	ACTATCTG	PrePostCleaning	na	AACTCTCGACTATCTG	AAA	AAA
Stethoscope3.pre.rep2	Stethoscope3	Plate1	B02	SA702	ACTATGTC	SA502	ACTATCTG	PrePostCleaning	na	ACTATGTCACTATCTG	AAA	AAA
Stethoscope3.pre.rep3	Stethoscope3	Plate1	B03	SA703	AGTAGCGT	SA502	ACTATCTG	PrePostCleaning	na	AGTAGCGTACTATCTG	AAA	AAA
Stethoscope4.pre.rep1	Stethoscope4	Plate1	B04	SA704	CAGTGAGT	SA502	ACTATCTG	PrePostCleaning	na	CAGTGAGTACTATCTG	AAA	AAA
Stethoscope4.pre.rep2	Stethoscope4	Plate1	B05	SA705	CGTACTCA	SA502	ACTATCTG	PrePostCleaning	na	CGTACTCAACTATCTG	AAA	AAA
Stethoscope4.pre.rep3	Stethoscope4	Plate1	B06	SA706	CTACGCAG	SA502	ACTATCTG	PrePostCleaning	na	CTACGCAGACTATCTG	AAA	AAA
Stethoscope5.pre.rep1	Stethoscope5	Plate1	B07	SA707	GGAGACTA	SA502	ACTATCTG	PrePostCleaning	na	GGAGACTAACTATCTG	AAA	AAA
Stethoscope5.pre.rep2	Stethoscope5	Plate1	B08	SA708	GTCGCTCG	SA502	ACTATCTG	PrePostCleaning	na	GTCGCTCGACTATCTG	AAA	AAA
Stethoscope5.pre.rep3	Stethoscope5	Plate1	B09	SA709	GTCGTAGT	SA502	ACTATCTG	PrePostCleaning	na	GTCGTAGTACTATCTG	AAA	AAA
Stethoscope6.pre.rep1	Stethoscope6	Plate1	B10	SA710	TAGCAGAC	SA502	ACTATCTG	PrePostCleaning	na	TAGCAGACACTATCTG	AAA	AAA
Stethoscope6.pre.rep2	Stethoscope6	Plate1	B11	SA711	TCATAGAC	SA502	ACTATCTG	PrePostCleaning	na	TCATAGACACTATCTG	AAA	AAA
Stethoscope6.pre.rep3	Stethoscope6	Plate1	B12	SA712	TCGCTATA	SA502	ACTATCTG	PrePostCleaning	na	TCGCTATAACTATCTG	AAA	AAA
Stethoscope7.pre.rep1	Stethoscope7	Plate1	C01	SA701	AACTCTCG	SA503	TAGCGAGT	PrePostCleaning	na	AACTCTCGTAGCGAGT	AAA	AAA
Stethoscope7.pre.rep2	Stethoscope7	Plate1	C02	SA702	ACTATGTC	SA503	TAGCGAGT	PrePostCleaning	na	ACTATGTCTAGCGAGT	AAA	AAA
Stethoscope7.pre.rep3	Stethoscope7	Plate1	C03	SA703	AGTAGCGT	SA503	TAGCGAGT	PrePostCleaning	na	AGTAGCGTTAGCGAGT	AAA	AAA
Stethoscope8.pre.rep1	Stethoscope8	Plate1	C04	SA704	CAGTGAGT	SA503	TAGCGAGT	PrePostCleaning	na	CAGTGAGTTAGCGAGT	AAA	AAA
Stethoscope8.pre.rep2	Stethoscope8	Plate1	C05	SA705	CGTACTCA	SA503	TAGCGAGT	PrePostCleaning	na	CGTACTCATAGCGAGT	AAA	AAA
Stethoscope8.pre.rep3	Stethoscope8	Plate1	C06	SA706	CTACGCAG	SA503	TAGCGAGT	PrePostCleaning	na	CTACGCAGTAGCGAGT	AAA	AAA
Stethoscope9.pre.rep1	Stethoscope9	Plate1	C07	SA707	GGAGACTA	SA503	TAGCGAGT	PrePostCleaning	na	GGAGACTATAGCGAGT	AAA	AAA
Stethoscope9.pre.rep2	Stethoscope9	Plate1	C08	SA708	GTCGCTCG	SA503	TAGCGAGT	PrePostCleaning	na	GTCGCTCGTAGCGAGT	AAA	AAA
Stethoscope9.pre.rep3	Stethoscope9	Plate1	C09	SA709	GTCGTAGT	SA503	TAGCGAGT	PrePostCleaning	na	GTCGTAGTTAGCGAGT	AAA	AAA
Stethoscope10.pre.rep1	Stethoscope10	Plate1	C10	SA710	TAGCAGAC	SA503	TAGCGAGT	PrePostCleaning	na	TAGCAGACTAGCGAGT	AAA	AAA
Stethoscope10.pre.rep2	Stethoscope10	Plate1	C11	SA711	TCATAGAC	SA503	TAGCGAGT	PrePostCleaning	na	TCATAGACTAGCGAGT	AAA	AAA
Stethoscope10.pre.rep3	Stethoscope10	Plate1	C12	SA712	TCGCTATA	SA503	TAGCGAGT	PrePostCleaning	na	TCGCTATATAGCGAGT	AAA	AAA
Mock.Swab2.rep1	Mock.Swab2	Plate1	D01	SA701	AACTCTCG	SA504	CTGCGTGT	PrePostCleaning	na	AACTCTCGCTGCGTGT	AAA	AAA
Mock.Swab2.rep2	Mock.Swab2	Plate1	D02	SA702	ACTATGTC	SA504	CTGCGTGT	PrePostCleaning	na	ACTATGTCCTGCGTGT	AAA	AAA
Mock.Swab2.rep3	Mock.Swab2	Plate1	D03	SA703	AGTAGCGT	SA504	CTGCGTGT	PrePostCleaning	na	AGTAGCGTCTGCGTGT	AAA	AAA
Stethoscope11.pre.rep1	Stethoscope11	Plate1	D04	SA704	CAGTGAGT	SA504	CTGCGTGT	PrePostCleaning	na	CAGTGAGTCTGCGTGT	AAA	AAA
Stethoscope11.pre.rep2	Stethoscope11	Plate1	D05	SA705	CGTACTCA	SA504	CTGCGTGT	PrePostCleaning	na	CGTACTCACTGCGTGT	AAA	AAA
Stethoscope11.pre.rep3	Stethoscope11	Plate1	D06	SA706	CTACGCAG	SA504	CTGCGTGT	PrePostCleaning	na	CTACGCAGCTGCGTGT	AAA	AAA
Stethoscope12.pre.rep1	Stethoscope12	Plate1	D07	SA707	GGAGACTA	SA504	CTGCGTGT	PrePostCleaning	na	GGAGACTACTGCGTGT	AAA	AAA
Stethoscope12.pre.rep2	Stethoscope12	Plate1	D08	SA708	GTCGCTCG	SA504	CTGCGTGT	PrePostCleaning	na	GTCGCTCGCTGCGTGT	AAA	AAA
Stethoscope12.pre.rep3	Stethoscope12	Plate1	D09	SA709	GTCGTAGT	SA504	CTGCGTGT	PrePostCleaning	na	GTCGTAGTCTGCGTGT	AAA	AAA
Stethoscope13.pre.rep1	Stethoscope13	Plate1	D10	SA710	TAGCAGAC	SA504	CTGCGTGT	PrePostCleaning	na	TAGCAGACCTGCGTGT	AAA	AAA
Stethoscope13.pre.rep2	Stethoscope13	Plate1	D11	SA711	TCATAGAC	SA504	CTGCGTGT	PrePostCleaning	na	TCATAGACCTGCGTGT	AAA	AAA
Stethoscope13.pre.rep3	Stethoscope13	Plate1	D12	SA712	TCGCTATA	SA504	CTGCGTGT	PrePostCleaning	na	TCGCTATACTGCGTGT	AAA	AAA
Stethoscope14.pre.rep1	Stethoscope14	Plate1	E01	SA701	AACTCTCG	SA505	TCATCGAG	PrePostCleaning	na	AACTCTCGTCATCGAG	AAA	AAA
Stethoscope14.pre.rep2	Stethoscope14	Plate1	E02	SA702	ACTATGTC	SA505	TCATCGAG	PrePostCleaning	na	ACTATGTCTCATCGAG	AAA	AAA
Stethoscope14.pre.rep3	Stethoscope14	Plate1	E03	SA703	AGTAGCGT	SA505	TCATCGAG	PrePostCleaning	na	AGTAGCGTTCATCGAG	AAA	AAA
Stethoscope15.pre.rep1	Stethoscope15	Plate1	E04	SA704	CAGTGAGT	SA505	TCATCGAG	PrePostCleaning	na	CAGTGAGTTCATCGAG	AAA	AAA
Stethoscope15.pre.rep2	Stethoscope15	Plate1	E05	SA705	CGTACTCA	SA505	TCATCGAG	PrePostCleaning	na	CGTACTCATCATCGAG	AAA	AAA
Stethoscope15.pre.rep3	Stethoscope15	Plate1	E06	SA706	CTACGCAG	SA505	TCATCGAG	PrePostCleaning	na	CTACGCAGTCATCGAG	AAA	AAA
Stethoscope16.pre.rep1	Stethoscope16	Plate1	E07	SA707	GGAGACTA	SA505	TCATCGAG	PrePostCleaning	na	GGAGACTATCATCGAG	AAA	AAA
Stethoscope16.pre.rep2	Stethoscope16	Plate1	E08	SA708	GTCGCTCG	SA505	TCATCGAG	PrePostCleaning	na	GTCGCTCGTCATCGAG	AAA	AAA
Stethoscope16.pre.rep3	Stethoscope16	Plate1	E09	SA709	GTCGTAGT	SA505	TCATCGAG	PrePostCleaning	na	GTCGTAGTTCATCGAG	AAA	AAA
Stethoscope17.pre.rep1	Stethoscope17	Plate1	E10	SA710	TAGCAGAC	SA505	TCATCGAG	PrePostCleaning	na	TAGCAGACTCATCGAG	AAA	AAA
Stethoscope17.pre.rep2	Stethoscope17	Plate1	E11	SA711	TCATAGAC	SA505	TCATCGAG	PrePostCleaning	na	TCATAGACTCATCGAG	AAA	AAA
Stethoscope17.pre.rep3	Stethoscope17	Plate1	E12	SA712	TCGCTATA	SA505	TCATCGAG	PrePostCleaning	na	TCGCTATATCATCGAG	AAA	AAA
Stethoscope18.pre.rep1	Stethoscope18	Plate1	F01	SA701	AACTCTCG	SA506	CGTGAGTG	PrePostCleaning	na	AACTCTCGCGTGAGTG	AAA	AAA
Stethoscope18.pre.rep2	Stethoscope18	Plate1	F02	SA702	ACTATGTC	SA506	CGTGAGTG	PrePostCleaning	na	ACTATGTCCGTGAGTG	AAA	AAA
Stethoscope18.pre.rep3	Stethoscope18	Plate1	F03	SA703	AGTAGCGT	SA506	CGTGAGTG	PrePostCleaning	na	AGTAGCGTCGTGAGTG	AAA	AAA
Stethoscope19.pre.rep1	Stethoscope19	Plate1	F04	SA704	CAGTGAGT	SA506	CGTGAGTG	PrePostCleaning	na	CAGTGAGTCGTGAGTG	AAA	AAA
Stethoscope19.pre.rep2	Stethoscope19	Plate1	F05	SA705	CGTACTCA	SA506	CGTGAGTG	PrePostCleaning	na	CGTACTCACGTGAGTG	AAA	AAA
Stethoscope19.pre.rep3	Stethoscope19	Plate1	F06	SA706	CTACGCAG	SA506	CGTGAGTG	PrePostCleaning	na	CTACGCAGCGTGAGTG	AAA	AAA
Stethoscope20.pre.rep1	Stethoscope20	Plate1	F07	SA707	GGAGACTA	SA506	CGTGAGTG	PrePostCleaning	na	GGAGACTACGTGAGTG	AAA	AAA
Stethoscope20.pre.rep2	Stethoscope20	Plate1	F08	SA708	GTCGCTCG	SA506	CGTGAGTG	PrePostCleaning	na	GTCGCTCGCGTGAGTG	AAA	AAA
Stethoscope20.pre.rep3	Stethoscope20	Plate1	F09	SA709	GTCGTAGT	SA506	CGTGAGTG	PrePostCleaning	na	GTCGTAGTCGTGAGTG	AAA	AAA
pcrwater1.rep1	pcrwater1	Plate2	F10	SA710	TAGCAGAC	SA506	CGTGAGTG	PrePostCleaning	na	TAGCAGACCGTGAGTG	AAA	AAA
pcrwater1.rep2	pcrwater1	Plate2	F11	SA711	TCATAGAC	SA506	CGTGAGTG	PrePostCleaning	na	TCATAGACCGTGAGTG	AAA	AAA
pcrwater1.rep3	pcrwater1	Plate2	F12	SA712	TCGCTATA	SA506	CGTGAGTG	PrePostCleaning	na	TCGCTATACGTGAGTG	AAA	AAA
Sterile.Swab2.rep1	Sterile.Swab2	Plate2	A01	SB701	AAGTCGAG	SA501	ATCGTACG	PrePostCleaning	na	AAGTCGAGATCGTACG	AAA	AAA
Sterile.Swab2.rep2	Sterile.Swab2	Plate2	A02	SB702	ATACTTCG	SA501	ATCGTACG	PrePostCleaning	na	ATACTTCGATCGTACG	AAA	AAA
Sterile.Swab2.rep3	Sterile.Swab2	Plate2	A03	SB703	AGCTGCTA	SA501	ATCGTACG	PrePostCleaning	na	AGCTGCTAATCGTACG	AAA	AAA
Sterile.Swab3.rep1	Sterile.Swab3	Plate2	A04	SB704	CATAGAGA	SA501	ATCGTACG	PrePostCleaning	na	CATAGAGAATCGTACG	AAA	AAA
Sterile.Swab3.rep2	Sterile.Swab3	Plate2	A05	SB705	CGTAGATC	SA501	ATCGTACG	PrePostCleaning	na	CGTAGATCATCGTACG	AAA	AAA
Sterile.Swab3.rep3	Sterile.Swab3	Plate2	A06	SB706	CTCGTTAC	SA501	ATCGTACG	PrePostCleaning	na	CTCGTTACATCGTACG	AAA	AAA
Mock.Swab3.rep3	Mock.Swab3	Plate2	A07	SB707	GCGCACGT	SA501	ATCGTACG	PrePostCleaning	na	GCGCACGTATCGTACG	AAA	AAA
Mock.Swab3.rep4	Mock.Swab3	Plate2	A08	SB708	GGTACTAT	SA501	ATCGTACG	PrePostCleaning	na	GGTACTATATCGTACG	AAA	AAA
Mock.Swab3.rep5	Mock.Swab3	Plate2	A09	SB709	GTATACGC	SA501	ATCGTACG	PrePostCleaning	na	GTATACGCATCGTACG	AAA	AAA
Stethoscope1.post.rep1	Stethoscope1	Plate2	A10	SB710	TACGAGCA	SA501	ATCGTACG	PrePostCleaning	na	TACGAGCAATCGTACG	AAA	AAA
Stethoscope1.post.rep2	Stethoscope1	Plate2	A11	SB711	TCAGCGTT	SA501	ATCGTACG	PrePostCleaning	na	TCAGCGTTATCGTACG	AAA	AAA
Stethoscope1.post.rep3	Stethoscope1	Plate2	A12	SB712	TCGCTACG	SA501	ATCGTACG	PrePostCleaning	na	TCGCTACGATCGTACG	AAA	AAA
Stethoscope2.post.rep1	Stethoscope2	Plate2	B01	SB701	AAGTCGAG	SA502	ACTATCTG	PrePostCleaning	na	AAGTCGAGACTATCTG	AAA	AAA
Stethoscope2.post.rep2	Stethoscope2	Plate2	B02	SB702	ATACTTCG	SA502	ACTATCTG	PrePostCleaning	na	ATACTTCGACTATCTG	AAA	AAA
Stethoscope2.post.rep3	Stethoscope2	Plate2	B03	SB703	AGCTGCTA	SA502	ACTATCTG	PrePostCleaning	na	AGCTGCTAACTATCTG	AAA	AAA
Stethoscope3.post.rep1	Stethoscope3	Plate2	B04	SB704	CATAGAGA	SA502	ACTATCTG	PrePostCleaning	na	CATAGAGAACTATCTG	AAA	AAA
Stethoscope3.post.rep2	Stethoscope3	Plate2	B05	SB705	CGTAGATC	SA502	ACTATCTG	PrePostCleaning	na	CGTAGATCACTATCTG	AAA	AAA
Stethoscope3.post.rep3	Stethoscope3	Plate2	B06	SB706	CTCGTTAC	SA502	ACTATCTG	PrePostCleaning	na	CTCGTTACACTATCTG	AAA	AAA
Stethoscope4.post.rep1	Stethoscope4	Plate2	B07	SB707	GCGCACGT	SA502	ACTATCTG	PrePostCleaning	na	GCGCACGTACTATCTG	AAA	AAA
Stethoscope4.post.rep2	Stethoscope4	Plate2	B08	SB708	GGTACTAT	SA502	ACTATCTG	PrePostCleaning	na	GGTACTATACTATCTG	AAA	AAA
Stethoscope4.post.rep3	Stethoscope4	Plate2	B09	SB709	GTATACGC	SA502	ACTATCTG	PrePostCleaning	na	GTATACGCACTATCTG	AAA	AAA
Stethoscope5.post.rep1	Stethoscope5	Plate2	B10	SB710	TACGAGCA	SA502	ACTATCTG	PrePostCleaning	na	TACGAGCAACTATCTG	AAA	AAA
Stethoscope5.post.rep2	Stethoscope5	Plate2	B11	SB711	TCAGCGTT	SA502	ACTATCTG	PrePostCleaning	na	TCAGCGTTACTATCTG	AAA	AAA
Stethoscope5.post.rep3	Stethoscope5	Plate2	B12	SB712	TCGCTACG	SA502	ACTATCTG	PrePostCleaning	na	TCGCTACGACTATCTG	AAA	AAA
Stethoscope6.post.rep1	Stethoscope6	Plate2	C01	SB701	AAGTCGAG	SA503	TAGCGAGT	PrePostCleaning	na	AAGTCGAGTAGCGAGT	AAA	AAA
Stethoscope6.post.rep2	Stethoscope6	Plate2	C02	SB702	ATACTTCG	SA503	TAGCGAGT	PrePostCleaning	na	ATACTTCGTAGCGAGT	AAA	AAA
Stethoscope6.post.rep3	Stethoscope6	Plate2	C03	SB703	AGCTGCTA	SA503	TAGCGAGT	PrePostCleaning	na	AGCTGCTATAGCGAGT	AAA	AAA
Stethoscope7.post.rep1	Stethoscope7	Plate2	C04	SB704	CATAGAGA	SA503	TAGCGAGT	PrePostCleaning	na	CATAGAGATAGCGAGT	AAA	AAA
Stethoscope7.post.rep2	Stethoscope7	Plate2	C05	SB705	CGTAGATC	SA503	TAGCGAGT	PrePostCleaning	na	CGTAGATCTAGCGAGT	AAA	AAA
Stethoscope7.post.rep3	Stethoscope7	Plate2	C06	SB706	CTCGTTAC	SA503	TAGCGAGT	PrePostCleaning	na	CTCGTTACTAGCGAGT	AAA	AAA
Stethoscope8.post.rep1	Stethoscope8	Plate2	C07	SB707	GCGCACGT	SA503	TAGCGAGT	PrePostCleaning	na	GCGCACGTTAGCGAGT	AAA	AAA
Stethoscope8.post.rep2	Stethoscope8	Plate2	C08	SB708	GGTACTAT	SA503	TAGCGAGT	PrePostCleaning	na	GGTACTATTAGCGAGT	AAA	AAA
Stethoscope8.post.rep3	Stethoscope8	Plate2	C09	SB709	GTATACGC	SA503	TAGCGAGT	PrePostCleaning	na	GTATACGCTAGCGAGT	AAA	AAA
Stethoscope9.post.rep1	Stethoscope9	Plate2	C10	SB710	TACGAGCA	SA503	TAGCGAGT	PrePostCleaning	na	TACGAGCATAGCGAGT	AAA	AAA
Stethoscope9.post.rep2	Stethoscope9	Plate2	C11	SB711	TCAGCGTT	SA503	TAGCGAGT	PrePostCleaning	na	TCAGCGTTTAGCGAGT	AAA	AAA
Stethoscope9.post.rep3	Stethoscope9	Plate2	C12	SB712	TCGCTACG	SA503	TAGCGAGT	PrePostCleaning	na	TCGCTACGTAGCGAGT	AAA	AAA
Stethoscope10.post.rep1	Stethoscope10	Plate2	D01	SB701	AAGTCGAG	SA504	CTGCGTGT	PrePostCleaning	na	AAGTCGAGCTGCGTGT	AAA	AAA
Stethoscope10.post.rep2	Stethoscope10	Plate2	D02	SB702	ATACTTCG	SA504	CTGCGTGT	PrePostCleaning	na	ATACTTCGCTGCGTGT	AAA	AAA
Stethoscope10.post.rep3	Stethoscope10	Plate2	D03	SB703	AGCTGCTA	SA504	CTGCGTGT	PrePostCleaning	na	AGCTGCTACTGCGTGT	AAA	AAA
Stethoscope11.post.rep1	Stethoscope11	Plate2	D04	SB704	CATAGAGA	SA504	CTGCGTGT	PrePostCleaning	na	CATAGAGACTGCGTGT	AAA	AAA
Stethoscope11.post.rep2	Stethoscope11	Plate2	D05	SB705	CGTAGATC	SA504	CTGCGTGT	PrePostCleaning	na	CGTAGATCCTGCGTGT	AAA	AAA
Stethoscope11.post.rep3	Stethoscope11	Plate2	D06	SB706	CTCGTTAC	SA504	CTGCGTGT	PrePostCleaning	na	CTCGTTACCTGCGTGT	AAA	AAA
Stethoscope12.post.rep1	Stethoscope12	Plate2	D07	SB707	GCGCACGT	SA504	CTGCGTGT	PrePostCleaning	na	GCGCACGTCTGCGTGT	AAA	AAA
Stethoscope12.post.rep2	Stethoscope12	Plate2	D08	SB708	GGTACTAT	SA504	CTGCGTGT	PrePostCleaning	na	GGTACTATCTGCGTGT	AAA	AAA
Stethoscope12.post.rep3	Stethoscope12	Plate2	D09	SB709	GTATACGC	SA504	CTGCGTGT	PrePostCleaning	na	GTATACGCCTGCGTGT	AAA	AAA
Stethoscope13.post.rep1	Stethoscope13	Plate2	D10	SB710	TACGAGCA	SA504	CTGCGTGT	PrePostCleaning	na	TACGAGCACTGCGTGT	AAA	AAA
Stethoscope13.post.rep2	Stethoscope13	Plate2	D11	SB711	TCAGCGTT	SA504	CTGCGTGT	PrePostCleaning	na	TCAGCGTTCTGCGTGT	AAA	AAA
Stethoscope13.post.rep3	Stethoscope13	Plate2	D12	SB712	TCGCTACG	SA504	CTGCGTGT	PrePostCleaning	na	TCGCTACGCTGCGTGT	AAA	AAA
Stethoscope14.post.rep1	Stethoscope14	Plate2	E01	SB701	AAGTCGAG	SA505	TCATCGAG	PrePostCleaning	na	AAGTCGAGTCATCGAG	AAA	AAA
Stethoscope14.post.rep2	Stethoscope14	Plate2	E02	SB702	ATACTTCG	SA505	TCATCGAG	PrePostCleaning	na	ATACTTCGTCATCGAG	AAA	AAA
Stethoscope14.post.rep3	Stethoscope14	Plate2	E03	SB703	AGCTGCTA	SA505	TCATCGAG	PrePostCleaning	na	AGCTGCTATCATCGAG	AAA	AAA
Stethoscope15.post.rep1	Stethoscope15	Plate2	E04	SB704	CATAGAGA	SA505	TCATCGAG	PrePostCleaning	na	CATAGAGATCATCGAG	AAA	AAA
Stethoscope15.post.rep2	Stethoscope15	Plate2	E05	SB705	CGTAGATC	SA505	TCATCGAG	PrePostCleaning	na	CGTAGATCTCATCGAG	AAA	AAA
Stethoscope15.post.rep3	Stethoscope15	Plate2	E06	SB706	CTCGTTAC	SA505	TCATCGAG	PrePostCleaning	na	CTCGTTACTCATCGAG	AAA	AAA
Stethoscope16.post.rep1	Stethoscope16	Plate2	E07	SB707	GCGCACGT	SA505	TCATCGAG	PrePostCleaning	na	GCGCACGTTCATCGAG	AAA	AAA
Stethoscope16.post.rep2	Stethoscope16	Plate2	E08	SB708	GGTACTAT	SA505	TCATCGAG	PrePostCleaning	na	GGTACTATTCATCGAG	AAA	AAA
Stethoscope16.post.rep3	Stethoscope16	Plate2	E09	SB709	GTATACGC	SA505	TCATCGAG	PrePostCleaning	na	GTATACGCTCATCGAG	AAA	AAA
Stethoscope17.post.rep1	Stethoscope17	Plate2	E10	SB710	TACGAGCA	SA505	TCATCGAG	PrePostCleaning	na	TACGAGCATCATCGAG	AAA	AAA
Stethoscope17.post.rep2	Stethoscope17	Plate2	E11	SB711	TCAGCGTT	SA505	TCATCGAG	PrePostCleaning	na	TCAGCGTTTCATCGAG	AAA	AAA
Stethoscope17.post.rep3	Stethoscope17	Plate2	E12	SB712	TCGCTACG	SA505	TCATCGAG	PrePostCleaning	na	TCGCTACGTCATCGAG	AAA	AAA
Stethoscope18.post.rep1	Stethoscope18	Plate2	F01	SB701	AAGTCGAG	SA506	CGTGAGTG	PrePostCleaning	na	AAGTCGAGCGTGAGTG	AAA	AAA
Stethoscope18.post.rep2	Stethoscope18	Plate2	F02	SB702	ATACTTCG	SA506	CGTGAGTG	PrePostCleaning	na	ATACTTCGCGTGAGTG	AAA	AAA
Stethoscope18.post.rep3	Stethoscope18	Plate2	F03	SB703	AGCTGCTA	SA506	CGTGAGTG	PrePostCleaning	na	AGCTGCTACGTGAGTG	AAA	AAA
Stethoscope19.post.rep1	Stethoscope19	Plate2	F04	SB704	CATAGAGA	SA506	CGTGAGTG	PrePostCleaning	na	CATAGAGACGTGAGTG	AAA	AAA
Stethoscope19.post.rep2	Stethoscope19	Plate2	F05	SB705	CGTAGATC	SA506	CGTGAGTG	PrePostCleaning	na	CGTAGATCCGTGAGTG	AAA	AAA
Stethoscope19.post.rep3	Stethoscope19	Plate2	F06	SB706	CTCGTTAC	SA506	CGTGAGTG	PrePostCleaning	na	CTCGTTACCGTGAGTG	AAA	AAA
Stethoscope20.post.rep1	Stethoscope20	Plate2	F07	SB707	GCGCACGT	SA506	CGTGAGTG	PrePostCleaning	na	GCGCACGTCGTGAGTG	AAA	AAA
Stethoscope20.post.rep2	Stethoscope20	Plate2	F08	SB708	GGTACTAT	SA506	CGTGAGTG	PrePostCleaning	na	GGTACTATCGTGAGTG	AAA	AAA
Stethoscope20.post.rep3	Stethoscope20	Plate2	F09	SB709	GTATACGC	SA506	CGTGAGTG	PrePostCleaning	na	GTATACGCCGTGAGTG	AAA	AAA
pcrwater2.rep1	pcrwater2	Plate2	F10	SB710	TACGAGCA	SA506	CGTGAGTG	PrePostCleaning	na	TACGAGCACGTGAGTG	AAA	AAA
pcrwater2.rep2	pcrwater2	Plate2	F11	SB711	TCAGCGTT	SA506	CGTGAGTG	PrePostCleaning	na	TCAGCGTTCGTGAGTG	AAA	AAA
pcrwater2.rep3	pcrwater2	Plate2	F12	SB712	TCGCTACG	SA506	CGTGAGTG	PrePostCleaning	na	TCGCTACGCGTGAGTG	AAA	AAA

