sampleName,barcode1,barcode2,,,,,,,
iGSP0170-neg-1,TAAGGCGA,TATCCTCTNNWNNWNN,,,,,,,
iGSP0170-neg-2,CGTACTAG,TATCCTCTNNWNNWNN,,,,,,,
iGSP0170-neg-3,AGGCAGAA,TATCCTCTNNWNNWNN,,,,,,,
iGSP0170-neg-4,TCCTGAGC,TATCCTCTNNWNNWNN,,,,,,,
iGSP0171-neg-1,TAAGGCGA,AGAGTAGANNWNNWNN,,,,,,,
iGSP0171-neg-2,CGTACTAG,AGAGTAGANNWNNWNN,,,,,,,
iGSP0171-neg-3,AGGCAGAA,AGAGTAGANNWNNWNN,,,,,,,
iGSP0171-neg-4,TCCTGAGC,AGAGTAGANNWNNWNN,,,,,,,
iGSP0172-neg-1,TAAGGCGA,GTAAGGAGNNWNNWNN,,,,,,,
iGSP0172-neg-2,CGTACTAG,GTAAGGAGNNWNNWNN,,,,,,,
iGSP0172-neg-3,AGGCAGAA,GTAAGGAGNNWNNWNN,,,,,,,
iGSP0172-neg-4,TCCTGAGC,GTAAGGAGNNWNNWNN,,,,,,,
iGSP0173-neg-1,TAAGGCGA,ACTGCATANNWNNWNN,,,,,,,
iGSP0173-neg-2,CGTACTAG,ACTGCATANNWNNWNN,,,,,,,
iGSP0173-neg-3,AGGCAGAA,ACTGCATANNWNNWNN,,,,,,,
iGSP0173-neg-4,TCCTGAGC,ACTGCATANNWNNWNN,,,,,,,
iGSP0174-neg-1,TAAGGCGA,AAGGAGTANNWNNWNN,,,,,,,
iGSP0174-neg-2,CGTACTAG,AAGGAGTANNWNNWNN,,,,,,,
iGSP0174-neg-3,AGGCAGAA,AAGGAGTANNWNNWNN,,,,,,,
iGSP0174-neg-4,TCCTGAGC,AAGGAGTANNWNNWNN,,,,,,,
iGSP0175-neg-1,TAAGGCGA,CTAAGCCTNNWNNWNN,,,,,,,
iGSP0175-neg-2,CGTACTAG,CTAAGCCTNNWNNWNN,,,,,,,
iGSP0175-neg-3,AGGCAGAA,CTAAGCCTNNWNNWNN,,,,,,,
iGSP0175-neg-4,TCCTGAGC,CTAAGCCTNNWNNWNN,,,,,,,
iGSP0176-neg-1,TAAGGCGA,GACATTGTNNWNNWNN,,,,,,,
iGSP0176-neg-2,CGTACTAG,GACATTGTNNWNNWNN,,,,,,,
iGSP0176-neg-3,AGGCAGAA,GACATTGTNNWNNWNN,,,,,,,
iGSP0176-neg-4,TCCTGAGC,GACATTGTNNWNNWNN,,,,,,,
iGSP0177-neg-1,TAAGGCGA,ACTGATGGNNWNNWNN,,,,,,,
iGSP0177-neg-2,CGTACTAG,ACTGATGGNNWNNWNN,,,,,,,
iGSP0177-neg-3,AGGCAGAA,ACTGATGGNNWNNWNN,,,,,,,
iGSP0177-neg-4,TCCTGAGC,ACTGATGGNNWNNWNN,,,,,,,
UC190315-neg-1,TAAGGCGA,GTACCTAGNNWNNWNN,,,,,,,
UC190315-neg-2,CGTACTAG,GTACCTAGNNWNNWNN,,,,,,,
UC190315-neg-3,AGGCAGAA,GTACCTAGNNWNNWNN,,,,,,,
UC190315-neg-4,TCCTGAGC,GTACCTAGNNWNNWNN,,,,,,,
NTC190315-neg-1,TAAGGCGA,CAGAGCTANNWNNWNN,,,,,,,
NTC190315-neg-2,CGTACTAG,CAGAGCTANNWNNWNN,,,,,,,
NTC190315-neg-3,AGGCAGAA,CAGAGCTANNWNNWNN,,,,,,,
NTC190315-neg-4,TCCTGAGC,CAGAGCTANNWNNWNN,,,,,,,
