alias,uniqueRegion,linkerSequence,bcSeq,gender,primer,ltrBit,largeLTRFrag,vectorSeq,refGenome,,,,
D1-1_u3,U3,TTGCGGGATTGGTAAGGTGCNNNNNNNNNNNNCTCCGCTTAAGGGACT,GGCGCGGTTTAA,m,CTTGTGTG,,,,hg38,,,,
D1-2_u3,U3,TTGCGGGATTGGTAAGGTGCNNNNNNNNNNNNCTCCGCTTAAGGGACT,CCGGTATGCAAG,m,CTTGTGTG,,,,hg38,,,,
D1-3_u3,U3,TTGCGGGATTGGTAAGGTGCNNNNNNNNNNNNCTCCGCTTAAGGGACT,ATTATCGTGCAC,m,CTTGTGTG,,,,hg38,,,,
D1-4_u3,U3,TTGCGGGATTGGTAAGGTGCNNNNNNNNNNNNCTCCGCTTAAGGGACT,TAGACCTAGACC,m,CTTGTGTG,,,,hg38,,,,
D2-1_u3,U3,CGGATAAACGGTACAGACGGNNNNNNNNNNNNCTCCGCTTAAGGGACT,GATACGTCCTGA,m,CTTGTGTG,,,,hg38,,,,
D2-2_u3,U3,CGGATAAACGGTACAGACGGNNNNNNNNNNNNCTCCGCTTAAGGGACT,TTCTCACCTTTC,m,CTTGTGTG,,,,hg38,,,,
D2-3_u3,U3,CGGATAAACGGTACAGACGGNNNNNNNNNNNNCTCCGCTTAAGGGACT,CCAGGTATATTC,m,CTTGTGTG,,,,hg38,,,,
D2-4_u3,U3,CGGATAAACGGTACAGACGGNNNNNNNNNNNNCTCCGCTTAAGGGACT,TGTGCAAGCGAC,m,CTTGTGTG,,,,hg38,,,,
D3-1_u3,U3,CGGCAGTCAAATCAACCGGANNNNNNNNNNNNCTCCGCTTAAGGGACT,GGCGCGGTTTAA,m,CTTGTGTG,,,,hg38,,,,
D3-2_u3,U3,CGGCAGTCAAATCAACCGGANNNNNNNNNNNNCTCCGCTTAAGGGACT,CCGGTATGCAAG,m,CTTGTGTG,,,,hg38,,,,
D3-3_u3,U3,CGGCAGTCAAATCAACCGGANNNNNNNNNNNNCTCCGCTTAAGGGACT,ATTATCGTGCAC,m,CTTGTGTG,,,,hg38,,,,
D3-4_u3,U3,CGGCAGTCAAATCAACCGGANNNNNNNNNNNNCTCCGCTTAAGGGACT,TAGACCTAGACC,m,CTTGTGTG,,,,hg38,,,,
D4-1_u3,U3,GCTATTGCGATGAAGCAGCCNNNNNNNNNNNNCTCCGCTTAAGGGACT,GATACGTCCTGA,m,CTTGTGTG,,,,hg38,,,,
D4-2_u3,U3,GCTATTGCGATGAAGCAGCCNNNNNNNNNNNNCTCCGCTTAAGGGACT,TTCTCACCTTTC,m,CTTGTGTG,,,,hg38,,,,
D4-3_u3,U3,GCTATTGCGATGAAGCAGCCNNNNNNNNNNNNCTCCGCTTAAGGGACT,CCAGGTATATTC,m,CTTGTGTG,,,,hg38,,,,
D4-4_u3,U3,GCTATTGCGATGAAGCAGCCNNNNNNNNNNNNCTCCGCTTAAGGGACT,TGTGCAAGCGAC,m,CTTGTGTG,,,,hg38,,,,
E1-1_u3,U3,TCTATGTAACGAGTCTCAGCCNNNNNNNNNNNNCTCCGCTTAAGGGACT,GGCGCGGTTTAA,m,CTTGTGTG,,,,hg38,,,,
E1-2_u3,U3,TCTATGTAACGAGTCTCAGCCNNNNNNNNNNNNCTCCGCTTAAGGGACT,CCGGTATGCAAG,m,CTTGTGTG,,,,hg38,,,,
E1-3_u3,U3,TCTATGTAACGAGTCTCAGCCNNNNNNNNNNNNCTCCGCTTAAGGGACT,ATTATCGTGCAC,m,CTTGTGTG,,,,hg38,,,,
E1-4_u3,U3,TCTATGTAACGAGTCTCAGCCNNNNNNNNNNNNCTCCGCTTAAGGGACT,TAGACCTAGACC,m,CTTGTGTG,,,,hg38,,,,
E2-1_u3,U3,CTTCAGACATATAGTCGCTCGNNNNNNNNNNNNCTCCGCTTAAGGGACT,GATACGTCCTGA,m,CTTGTGTG,,,,hg38,,,,
E2-2_u3,U3,CTTCAGACATATAGTCGCTCGNNNNNNNNNNNNCTCCGCTTAAGGGACT,TTCTCACCTTTC,m,CTTGTGTG,,,,hg38,,,,
E2-3_u3,U3,CTTCAGACATATAGTCGCTCGNNNNNNNNNNNNCTCCGCTTAAGGGACT,CCAGGTATATTC,m,CTTGTGTG,,,,hg38,,,,
E2-4_u3,U3,CTTCAGACATATAGTCGCTCGNNNNNNNNNNNNCTCCGCTTAAGGGACT,TGTGCAAGCGAC,m,CTTGTGTG,,,,hg38,,,,
E3-1_u3,U3,TCGATACGTCTATTAGGGCACNNNNNNNNNNNNCTCCGCTTAAGGGACT,GGCGCGGTTTAA,m,CTTGTGTG,,,,hg38,,,,
E3-2_u3,U3,TCGATACGTCTATTAGGGCACNNNNNNNNNNNNCTCCGCTTAAGGGACT,CCGGTATGCAAG,m,CTTGTGTG,,,,hg38,,,,
E3-3_u3,U3,TCGATACGTCTATTAGGGCACNNNNNNNNNNNNCTCCGCTTAAGGGACT,ATTATCGTGCAC,m,CTTGTGTG,,,,hg38,,,,
E3-4_u3,U3,TCGATACGTCTATTAGGGCACNNNNNNNNNNNNCTCCGCTTAAGGGACT,TAGACCTAGACC,m,CTTGTGTG,,,,hg38,,,,
E4-1_u3,U3,GATCACAATACGTAACCTGCCNNNNNNNNNNNNCTCCGCTTAAGGGACT,GATACGTCCTGA,m,CTTGTGTG,,,,hg38,,,,
E4-2_u3,U3,GATCACAATACGTAACCTGCCNNNNNNNNNNNNCTCCGCTTAAGGGACT,TTCTCACCTTTC,m,CTTGTGTG,,,,hg38,,,,
E4-3_u3,U3,GATCACAATACGTAACCTGCCNNNNNNNNNNNNCTCCGCTTAAGGGACT,CCAGGTATATTC,m,CTTGTGTG,,,,hg38,,,,
E4-4_u3,U3,GATCACAATACGTAACCTGCCNNNNNNNNNNNNCTCCGCTTAAGGGACT,TGTGCAAGCGAC,m,CTTGTGTG,,,,hg38,,,,
F1-1_u3,U3,CACATCTTACGAAACATGGGCNNNNNNNNNNNNCTCCGCTTAAGGGACT,GGCGCGGTTTAA,m,CTTGTGTG,,,,hg38,,,,
F1-2_u3,U3,CACATCTTACGAAACATGGGCNNNNNNNNNNNNCTCCGCTTAAGGGACT,CCGGTATGCAAG,m,CTTGTGTG,,,,hg38,,,,
F1-3_u3,U3,CACATCTTACGAAACATGGGCNNNNNNNNNNNNCTCCGCTTAAGGGACT,ATTATCGTGCAC,m,CTTGTGTG,,,,hg38,,,,
F1-4_u3,U3,CACATCTTACGAAACATGGGCNNNNNNNNNNNNCTCCGCTTAAGGGACT,TAGACCTAGACC,m,CTTGTGTG,,,,hg38,,,,
F2-1_u3,U3,CGAAACGTGAATGGCGGATGNNNNNNNNNNNNCTCCGCTTAAGGGACT,GATACGTCCTGA,m,CTTGTGTG,,,,hg38,,,,
F2-2_u3,U3,CGAAACGTGAATGGCGGATGNNNNNNNNNNNNCTCCGCTTAAGGGACT,TTCTCACCTTTC,m,CTTGTGTG,,,,hg38,,,,
F2-3_u3,U3,CGAAACGTGAATGGCGGATGNNNNNNNNNNNNCTCCGCTTAAGGGACT,CCAGGTATATTC,m,CTTGTGTG,,,,hg38,,,,
F2-4_u3,U3,CGAAACGTGAATGGCGGATGNNNNNNNNNNNNCTCCGCTTAAGGGACT,TGTGCAAGCGAC,m,CTTGTGTG,,,,hg38,,,,
F3-1_u3,U3,GCTACGTTCGGAGAACATCCNNNNNNNNNNNNCTCCGCTTAAGGGACT,GGCGCGGTTTAA,m,CTTGTGTG,,,,hg38,,,,
F3-2_u3,U3,GCTACGTTCGGAGAACATCCNNNNNNNNNNNNCTCCGCTTAAGGGACT,CCGGTATGCAAG,m,CTTGTGTG,,,,hg38,,,,
F3-3_u3,U3,GCTACGTTCGGAGAACATCCNNNNNNNNNNNNCTCCGCTTAAGGGACT,ATTATCGTGCAC,m,CTTGTGTG,,,,hg38,,,,
F3-4_u3,U3,GCTACGTTCGGAGAACATCCNNNNNNNNNNNNCTCCGCTTAAGGGACT,TAGACCTAGACC,m,CTTGTGTG,,,,hg38,,,,
F4-1_u3,U3,AGGTTCGACACCTAGTGGAGNNNNNNNNNNNNCTCCGCTTAAGGGACT,GATACGTCCTGA,m,CTTGTGTG,,,,hg38,,,,
F4-2_u3,U3,AGGTTCGACACCTAGTGGAGNNNNNNNNNNNNCTCCGCTTAAGGGACT,TTCTCACCTTTC,m,CTTGTGTG,,,,hg38,,,,
F4-3_u3,U3,AGGTTCGACACCTAGTGGAGNNNNNNNNNNNNCTCCGCTTAAGGGACT,CCAGGTATATTC,m,CTTGTGTG,,,,hg38,,,,
F4-4_u3,U3,AGGTTCGACACCTAGTGGAGNNNNNNNNNNNNCTCCGCTTAAGGGACT,TGTGCAAGCGAC,m,CTTGTGTG,,,,hg38,,,,
UninfectedControl_20191218_u3_1,U3,GCTATCTGTTCGCGTAGACCNNNNNNNNNNNNCTCCGCTTAAGGGACT,GGCGCGGTTTAA,m,CTTGTGTG,,,,hg38,,,,
UninfectedControl_20191218_u3_2,U3,GCTATCTGTTCGCGTAGACCNNNNNNNNNNNNCTCCGCTTAAGGGACT,CCGGTATGCAAG,m,CTTGTGTG,,,,hg38,,,,
UninfectedControl_20191218_u3_3,U3,GCTATCTGTTCGCGTAGACCNNNNNNNNNNNNCTCCGCTTAAGGGACT,ATTATCGTGCAC,m,CTTGTGTG,,,,hg38,,,,
UninfectedControl_20191218_u3_4,U3,GCTATCTGTTCGCGTAGACCNNNNNNNNNNNNCTCCGCTTAAGGGACT,TAGACCTAGACC,m,CTTGTGTG,,,,hg38,,,,
NoTemplate_20191218_u3_1,U3,TAGGTCGTGTACCTCAAGCGNNNNNNNNNNNNCTCCGCTTAAGGGACT,GATACGTCCTGA,m,CTTGTGTG,,,,hg38,,,,
NoTemplate_20191218_u3_2,U3,TAGGTCGTGTACCTCAAGCGNNNNNNNNNNNNCTCCGCTTAAGGGACT,TTCTCACCTTTC,m,CTTGTGTG,,,,hg38,,,,
NoTemplate_20191218_u3_3,U3,TAGGTCGTGTACCTCAAGCGNNNNNNNNNNNNCTCCGCTTAAGGGACT,CCAGGTATATTC,m,CTTGTGTG,,,,hg38,,,,
NoTemplate_20191218_u3_4,U3,TAGGTCGTGTACCTCAAGCGNNNNNNNNNNNNCTCCGCTTAAGGGACT,TGTGCAAGCGAC,m,CTTGTGTG,,,,hg38,,,,
D1-1_u5,U5,TTGCGGGATTGGTAAGGTGCNNNNNNNNNNNNCTCCGCTTAAGGGACT,AACCGACAGCGT,m,GTCTGTTG,,,,hg38,,,,
D1-2_u5,U5,TTGCGGGATTGGTAAGGTGCNNNNNNNNNNNNCTCCGCTTAAGGGACT,AACTGAAACGAG,m,GTCTGTTG,,,,hg38,,,,
D1-3_u5,U5,TTGCGGGATTGGTAAGGTGCNNNNNNNNNNNNCTCCGCTTAAGGGACT,GTATAGGTTCGC,m,GTCTGTTG,,,,hg38,,,,
D1-4_u5,U5,TTGCGGGATTGGTAAGGTGCNNNNNNNNNNNNCTCCGCTTAAGGGACT,AGCATATGAGAG,m,GTCTGTTG,,,,hg38,,,,
D2-1_u5,U5,CGGATAAACGGTACAGACGGNNNNNNNNNNNNCTCCGCTTAAGGGACT,ACGCGATACTGG,m,GTCTGTTG,,,,hg38,,,,
D2-2_u5,U5,CGGATAAACGGTACAGACGGNNNNNNNNNNNNCTCCGCTTAAGGGACT,CTGAAGAAACGA,m,GTCTGTTG,,,,hg38,,,,
D2-3_u5,U5,CGGATAAACGGTACAGACGGNNNNNNNNNNNNCTCCGCTTAAGGGACT,CACTTAGGTACT,m,GTCTGTTG,,,,hg38,,,,
D2-4_u5,U5,CGGATAAACGGTACAGACGGNNNNNNNNNNNNCTCCGCTTAAGGGACT,CATCCTGCATCC,m,GTCTGTTG,,,,hg38,,,,
D3-1_u5,U5,CGGCAGTCAAATCAACCGGANNNNNNNNNNNNCTCCGCTTAAGGGACT,AACCGACAGCGT,m,GTCTGTTG,,,,hg38,,,,
D3-2_u5,U5,CGGCAGTCAAATCAACCGGANNNNNNNNNNNNCTCCGCTTAAGGGACT,AACTGAAACGAG,m,GTCTGTTG,,,,hg38,,,,
D3-3_u5,U5,CGGCAGTCAAATCAACCGGANNNNNNNNNNNNCTCCGCTTAAGGGACT,GTATAGGTTCGC,m,GTCTGTTG,,,,hg38,,,,
D3-4_u5,U5,CGGCAGTCAAATCAACCGGANNNNNNNNNNNNCTCCGCTTAAGGGACT,AGCATATGAGAG,m,GTCTGTTG,,,,hg38,,,,
D4-1_u5,U5,GCTATTGCGATGAAGCAGCCNNNNNNNNNNNNCTCCGCTTAAGGGACT,ACGCGATACTGG,m,GTCTGTTG,,,,hg38,,,,
D4-2_u5,U5,GCTATTGCGATGAAGCAGCCNNNNNNNNNNNNCTCCGCTTAAGGGACT,CTGAAGAAACGA,m,GTCTGTTG,,,,hg38,,,,
D4-3_u5,U5,GCTATTGCGATGAAGCAGCCNNNNNNNNNNNNCTCCGCTTAAGGGACT,CACTTAGGTACT,m,GTCTGTTG,,,,hg38,,,,
D4-4_u5,U5,GCTATTGCGATGAAGCAGCCNNNNNNNNNNNNCTCCGCTTAAGGGACT,CATCCTGCATCC,m,GTCTGTTG,,,,hg38,,,,
E1-1_u5,U5,TCTATGTAACGAGTCTCAGCCNNNNNNNNNNNNCTCCGCTTAAGGGACT,AACCGACAGCGT,m,GTCTGTTG,,,,hg38,,,,
E1-2_u5,U5,TCTATGTAACGAGTCTCAGCCNNNNNNNNNNNNCTCCGCTTAAGGGACT,AACTGAAACGAG,m,GTCTGTTG,,,,hg38,,,,
E1-3_u5,U5,TCTATGTAACGAGTCTCAGCCNNNNNNNNNNNNCTCCGCTTAAGGGACT,GTATAGGTTCGC,m,GTCTGTTG,,,,hg38,,,,
E1-4_u5,U5,TCTATGTAACGAGTCTCAGCCNNNNNNNNNNNNCTCCGCTTAAGGGACT,AGCATATGAGAG,m,GTCTGTTG,,,,hg38,,,,
E2-1_u5,U5,CTTCAGACATATAGTCGCTCGNNNNNNNNNNNNCTCCGCTTAAGGGACT,ACGCGATACTGG,m,GTCTGTTG,,,,hg38,,,,
E2-2_u5,U5,CTTCAGACATATAGTCGCTCGNNNNNNNNNNNNCTCCGCTTAAGGGACT,CTGAAGAAACGA,m,GTCTGTTG,,,,hg38,,,,
E2-3_u5,U5,CTTCAGACATATAGTCGCTCGNNNNNNNNNNNNCTCCGCTTAAGGGACT,CACTTAGGTACT,m,GTCTGTTG,,,,hg38,,,,
E2-4_u5,U5,CTTCAGACATATAGTCGCTCGNNNNNNNNNNNNCTCCGCTTAAGGGACT,CATCCTGCATCC,m,GTCTGTTG,,,,hg38,,,,
E3-1_u5,U5,TCGATACGTCTATTAGGGCACNNNNNNNNNNNNCTCCGCTTAAGGGACT,AACCGACAGCGT,m,GTCTGTTG,,,,hg38,,,,
E3-2_u5,U5,TCGATACGTCTATTAGGGCACNNNNNNNNNNNNCTCCGCTTAAGGGACT,AACTGAAACGAG,m,GTCTGTTG,,,,hg38,,,,
E3-3_u5,U5,TCGATACGTCTATTAGGGCACNNNNNNNNNNNNCTCCGCTTAAGGGACT,GTATAGGTTCGC,m,GTCTGTTG,,,,hg38,,,,
E3-4_u5,U5,TCGATACGTCTATTAGGGCACNNNNNNNNNNNNCTCCGCTTAAGGGACT,AGCATATGAGAG,m,GTCTGTTG,,,,hg38,,,,
E4-1_u5,U5,GATCACAATACGTAACCTGCCNNNNNNNNNNNNCTCCGCTTAAGGGACT,ACGCGATACTGG,m,GTCTGTTG,,,,hg38,,,,
E4-2_u5,U5,GATCACAATACGTAACCTGCCNNNNNNNNNNNNCTCCGCTTAAGGGACT,CTGAAGAAACGA,m,GTCTGTTG,,,,hg38,,,,
E4-3_u5,U5,GATCACAATACGTAACCTGCCNNNNNNNNNNNNCTCCGCTTAAGGGACT,CACTTAGGTACT,m,GTCTGTTG,,,,hg38,,,,
E4-4_u5,U5,GATCACAATACGTAACCTGCCNNNNNNNNNNNNCTCCGCTTAAGGGACT,CATCCTGCATCC,m,GTCTGTTG,,,,hg38,,,,
F1-1_u5,U5,CACATCTTACGAAACATGGGCNNNNNNNNNNNNCTCCGCTTAAGGGACT,AACCGACAGCGT,m,GTCTGTTG,,,,hg38,,,,
F1-2_u5,U5,CACATCTTACGAAACATGGGCNNNNNNNNNNNNCTCCGCTTAAGGGACT,AACTGAAACGAG,m,GTCTGTTG,,,,hg38,,,,
F1-3_u5,U5,CACATCTTACGAAACATGGGCNNNNNNNNNNNNCTCCGCTTAAGGGACT,GTATAGGTTCGC,m,GTCTGTTG,,,,hg38,,,,
F1-4_u5,U5,CACATCTTACGAAACATGGGCNNNNNNNNNNNNCTCCGCTTAAGGGACT,AGCATATGAGAG,m,GTCTGTTG,,,,hg38,,,,
F2-1_u5,U5,CGAAACGTGAATGGCGGATGNNNNNNNNNNNNCTCCGCTTAAGGGACT,ACGCGATACTGG,m,GTCTGTTG,,,,hg38,,,,
F2-2_u5,U5,CGAAACGTGAATGGCGGATGNNNNNNNNNNNNCTCCGCTTAAGGGACT,CTGAAGAAACGA,m,GTCTGTTG,,,,hg38,,,,
F2-3_u5,U5,CGAAACGTGAATGGCGGATGNNNNNNNNNNNNCTCCGCTTAAGGGACT,CACTTAGGTACT,m,GTCTGTTG,,,,hg38,,,,
F2-4_u5,U5,CGAAACGTGAATGGCGGATGNNNNNNNNNNNNCTCCGCTTAAGGGACT,CATCCTGCATCC,m,GTCTGTTG,,,,hg38,,,,
F3-1_u5,U5,GCTACGTTCGGAGAACATCCNNNNNNNNNNNNCTCCGCTTAAGGGACT,AACCGACAGCGT,m,GTCTGTTG,,,,hg38,,,,
F3-2_u5,U5,GCTACGTTCGGAGAACATCCNNNNNNNNNNNNCTCCGCTTAAGGGACT,AACTGAAACGAG,m,GTCTGTTG,,,,hg38,,,,
F3-3_u5,U5,GCTACGTTCGGAGAACATCCNNNNNNNNNNNNCTCCGCTTAAGGGACT,GTATAGGTTCGC,m,GTCTGTTG,,,,hg38,,,,
F3-4_u5,U5,GCTACGTTCGGAGAACATCCNNNNNNNNNNNNCTCCGCTTAAGGGACT,AGCATATGAGAG,m,GTCTGTTG,,,,hg38,,,,
F4-1_u5,U5,AGGTTCGACACCTAGTGGAGNNNNNNNNNNNNCTCCGCTTAAGGGACT,ACGCGATACTGG,m,GTCTGTTG,,,,hg38,,,,
F4-2_u5,U5,AGGTTCGACACCTAGTGGAGNNNNNNNNNNNNCTCCGCTTAAGGGACT,CTGAAGAAACGA,m,GTCTGTTG,,,,hg38,,,,
F4-3_u5,U5,AGGTTCGACACCTAGTGGAGNNNNNNNNNNNNCTCCGCTTAAGGGACT,CACTTAGGTACT,m,GTCTGTTG,,,,hg38,,,,
F4-4_u5,U5,AGGTTCGACACCTAGTGGAGNNNNNNNNNNNNCTCCGCTTAAGGGACT,CATCCTGCATCC,m,GTCTGTTG,,,,hg38,,,,
UninfectedControl_20191218_u5_1,U5,GCTATCTGTTCGCGTAGACCNNNNNNNNNNNNCTCCGCTTAAGGGACT,AACCGACAGCGT,m,GTCTGTTG,,,,hg38,,,,
UninfectedControl_20191218_u5_2,U5,GCTATCTGTTCGCGTAGACCNNNNNNNNNNNNCTCCGCTTAAGGGACT,AACTGAAACGAG,m,GTCTGTTG,,,,hg38,,,,
UninfectedControl_20191218_u5_3,U5,GCTATCTGTTCGCGTAGACCNNNNNNNNNNNNCTCCGCTTAAGGGACT,GTATAGGTTCGC,m,GTCTGTTG,,,,hg38,,,,
UninfectedControl_20191218_u5_4,U5,GCTATCTGTTCGCGTAGACCNNNNNNNNNNNNCTCCGCTTAAGGGACT,AGCATATGAGAG,m,GTCTGTTG,,,,hg38,,,,
NoTemplate_20191218_u5_1,U5,TAGGTCGTGTACCTCAAGCGNNNNNNNNNNNNCTCCGCTTAAGGGACT,ACGCGATACTGG,m,GTCTGTTG,,,,hg38,,,,
NoTemplate_20191218_u5_2,U5,TAGGTCGTGTACCTCAAGCGNNNNNNNNNNNNCTCCGCTTAAGGGACT,CTGAAGAAACGA,m,GTCTGTTG,,,,hg38,,,,
NoTemplate_20191218_u5_3,U5,TAGGTCGTGTACCTCAAGCGNNNNNNNNNNNNCTCCGCTTAAGGGACT,CACTTAGGTACT,m,GTCTGTTG,,,,hg38,,,,
NoTemplate_20191218_u5_4,U5,TAGGTCGTGTACCTCAAGCGNNNNNNNNNNNNCTCCGCTTAAGGGACT,CATCCTGCATCC,m,GTCTGTTG,,,,hg38,,,,
