alias,uniqueRegion,linkerSequence,bcSeq,gender,primer,ltrBit,largeLTRFrag,vectorSeq,refGenome
G1-U3-1,U3,CTTCAGACATATAGTCGCTCGNNNNNNNNNNNNCTCCGCTTAAGGGACT,GGCGCGGTTTAA,m,CTTGTGTG,,,,hg38
G1-U3-2,U3,CTTCAGACATATAGTCGCTCGNNNNNNNNNNNNCTCCGCTTAAGGGACT,CCGGTATGCAAG,m,CTTGTGTG,,,,hg38
G1-U3-3,U3,CTTCAGACATATAGTCGCTCGNNNNNNNNNNNNCTCCGCTTAAGGGACT,ATTATCGTGCAC,m,CTTGTGTG,,,,hg38
G1-U3-4,U3,CTTCAGACATATAGTCGCTCGNNNNNNNNNNNNCTCCGCTTAAGGGACT,TAGACCTAGACC,m,CTTGTGTG,,,,hg38
G2-U3-1,U3,TCGATACGTCTATTAGGGCACNNNNNNNNNNNNCTCCGCTTAAGGGACT,GATACGTCCTGA,m,CTTGTGTG,,,,hg38
G2-U3-2,U3,TCGATACGTCTATTAGGGCACNNNNNNNNNNNNCTCCGCTTAAGGGACT,TTCTCACCTTTC,m,CTTGTGTG,,,,hg38
G2-U3-3,U3,TCGATACGTCTATTAGGGCACNNNNNNNNNNNNCTCCGCTTAAGGGACT,CCAGGTATATTC,m,CTTGTGTG,,,,hg38
G2-U3-4,U3,TCGATACGTCTATTAGGGCACNNNNNNNNNNNNCTCCGCTTAAGGGACT,TGTGCAAGCGAC,m,CTTGTGTG,,,,hg38
G3-U3-1,U3,GATCACAATACGTAACCTGCCNNNNNNNNNNNNCTCCGCTTAAGGGACT,GGCGCGGTTTAA,m,CTTGTGTG,,,,hg38
G3-U3-2,U3,GATCACAATACGTAACCTGCCNNNNNNNNNNNNCTCCGCTTAAGGGACT,CCGGTATGCAAG,m,CTTGTGTG,,,,hg38
G3-U3-3,U3,GATCACAATACGTAACCTGCCNNNNNNNNNNNNCTCCGCTTAAGGGACT,ATTATCGTGCAC,m,CTTGTGTG,,,,hg38
G3-U3-4,U3,GATCACAATACGTAACCTGCCNNNNNNNNNNNNCTCCGCTTAAGGGACT,TAGACCTAGACC,m,CTTGTGTG,,,,hg38
G4-U3-1,U3,CACATCTTACGAAACATGGGCNNNNNNNNNNNNCTCCGCTTAAGGGACT,GATACGTCCTGA,m,CTTGTGTG,,,,hg38
G4-U3-2,U3,CACATCTTACGAAACATGGGCNNNNNNNNNNNNCTCCGCTTAAGGGACT,TTCTCACCTTTC,m,CTTGTGTG,,,,hg38
G4-U3-3,U3,CACATCTTACGAAACATGGGCNNNNNNNNNNNNCTCCGCTTAAGGGACT,CCAGGTATATTC,m,CTTGTGTG,,,,hg38
G4-U3-4,U3,CACATCTTACGAAACATGGGCNNNNNNNNNNNNCTCCGCTTAAGGGACT,TGTGCAAGCGAC,m,CTTGTGTG,,,,hg38
H1-U3-1,U3,CGAAACGTGAATGGCGGATGNNNNNNNNNNNNCTCCGCTTAAGGGACT,GGCGCGGTTTAA,m,CTTGTGTG,,,,hg38
H1-U3-2,U3,CGAAACGTGAATGGCGGATGNNNNNNNNNNNNCTCCGCTTAAGGGACT,CCGGTATGCAAG,m,CTTGTGTG,,,,hg38
H1-U3-3,U3,CGAAACGTGAATGGCGGATGNNNNNNNNNNNNCTCCGCTTAAGGGACT,ATTATCGTGCAC,m,CTTGTGTG,,,,hg38
H1-U3-4,U3,CGAAACGTGAATGGCGGATGNNNNNNNNNNNNCTCCGCTTAAGGGACT,TAGACCTAGACC,m,CTTGTGTG,,,,hg38
H2-U3-1,U3,TGCTTTCGCGTGATCGAACCNNNNNNNNNNNNCTCCGCTTAAGGGACT,GATACGTCCTGA,m,CTTGTGTG,,,,hg38
H2-U3-2,U3,TGCTTTCGCGTGATCGAACCNNNNNNNNNNNNCTCCGCTTAAGGGACT,TTCTCACCTTTC,m,CTTGTGTG,,,,hg38
H2-U3-3,U3,TGCTTTCGCGTGATCGAACCNNNNNNNNNNNNCTCCGCTTAAGGGACT,CCAGGTATATTC,m,CTTGTGTG,,,,hg38
H2-U3-4,U3,TGCTTTCGCGTGATCGAACCNNNNNNNNNNNNCTCCGCTTAAGGGACT,TGTGCAAGCGAC,m,CTTGTGTG,,,,hg38
H3-U3-1,U3,GCTACGTTCGGAGAACATCCNNNNNNNNNNNNCTCCGCTTAAGGGACT,GGCGCGGTTTAA,m,CTTGTGTG,,,,hg38
H3-U3-2,U3,GCTACGTTCGGAGAACATCCNNNNNNNNNNNNCTCCGCTTAAGGGACT,CCGGTATGCAAG,m,CTTGTGTG,,,,hg38
H3-U3-3,U3,GCTACGTTCGGAGAACATCCNNNNNNNNNNNNCTCCGCTTAAGGGACT,ATTATCGTGCAC,m,CTTGTGTG,,,,hg38
H3-U3-4,U3,GCTACGTTCGGAGAACATCCNNNNNNNNNNNNCTCCGCTTAAGGGACT,TAGACCTAGACC,m,CTTGTGTG,,,,hg38
H4-U3-1,U3,AGGTTCGACACCTAGTGGAGNNNNNNNNNNNNCTCCGCTTAAGGGACT,GATACGTCCTGA,m,CTTGTGTG,,,,hg38
H4-U3-2,U3,AGGTTCGACACCTAGTGGAGNNNNNNNNNNNNCTCCGCTTAAGGGACT,TTCTCACCTTTC,m,CTTGTGTG,,,,hg38
H4-U3-3,U3,AGGTTCGACACCTAGTGGAGNNNNNNNNNNNNCTCCGCTTAAGGGACT,CCAGGTATATTC,m,CTTGTGTG,,,,hg38
H4-U3-4,U3,AGGTTCGACACCTAGTGGAGNNNNNNNNNNNNCTCCGCTTAAGGGACT,TGTGCAAGCGAC,m,CTTGTGTG,,,,hg38
I1-U3-1,U3,GCTATCTGTTCGCGTAGACCNNNNNNNNNNNNCTCCGCTTAAGGGACT,GGCGCGGTTTAA,m,CTTGTGTG,,,,hg38
I1-U3-2,U3,GCTATCTGTTCGCGTAGACCNNNNNNNNNNNNCTCCGCTTAAGGGACT,CCGGTATGCAAG,m,CTTGTGTG,,,,hg38
I1-U3-3,U3,GCTATCTGTTCGCGTAGACCNNNNNNNNNNNNCTCCGCTTAAGGGACT,ATTATCGTGCAC,m,CTTGTGTG,,,,hg38
I1-U3-4,U3,GCTATCTGTTCGCGTAGACCNNNNNNNNNNNNCTCCGCTTAAGGGACT,TAGACCTAGACC,m,CTTGTGTG,,,,hg38
I2-U3-1,U3,TAGGTCGTGTACCTCAAGCGNNNNNNNNNNNNCTCCGCTTAAGGGACT,GATACGTCCTGA,m,CTTGTGTG,,,,hg38
I2-U3-2,U3,TAGGTCGTGTACCTCAAGCGNNNNNNNNNNNNCTCCGCTTAAGGGACT,TTCTCACCTTTC,m,CTTGTGTG,,,,hg38
I2-U3-3,U3,TAGGTCGTGTACCTCAAGCGNNNNNNNNNNNNCTCCGCTTAAGGGACT,CCAGGTATATTC,m,CTTGTGTG,,,,hg38
I2-U3-4,U3,TAGGTCGTGTACCTCAAGCGNNNNNNNNNNNNCTCCGCTTAAGGGACT,TGTGCAAGCGAC,m,CTTGTGTG,,,,hg38
I3-U3-1,U3,GCGATTTCGCATGACGGGTANNNNNNNNNNNNCTCCGCTTAAGGGACT,GGCGCGGTTTAA,m,CTTGTGTG,,,,hg38
I3-U3-2,U3,GCGATTTCGCATGACGGGTANNNNNNNNNNNNCTCCGCTTAAGGGACT,CCGGTATGCAAG,m,CTTGTGTG,,,,hg38
I3-U3-3,U3,GCGATTTCGCATGACGGGTANNNNNNNNNNNNCTCCGCTTAAGGGACT,ATTATCGTGCAC,m,CTTGTGTG,,,,hg38
I3-U3-4,U3,GCGATTTCGCATGACGGGTANNNNNNNNNNNNCTCCGCTTAAGGGACT,TAGACCTAGACC,m,CTTGTGTG,,,,hg38
I4-U3-1,U3,CATCCGGTGAACGTTTGGGANNNNNNNNNNNNCTCCGCTTAAGGGACT,GATACGTCCTGA,m,CTTGTGTG,,,,hg38
I4-U3-2,U3,CATCCGGTGAACGTTTGGGANNNNNNNNNNNNCTCCGCTTAAGGGACT,TTCTCACCTTTC,m,CTTGTGTG,,,,hg38
I4-U3-3,U3,CATCCGGTGAACGTTTGGGANNNNNNNNNNNNCTCCGCTTAAGGGACT,CCAGGTATATTC,m,CTTGTGTG,,,,hg38
I4-U3-4,U3,CATCCGGTGAACGTTTGGGANNNNNNNNNNNNCTCCGCTTAAGGGACT,TGTGCAAGCGAC,m,CTTGTGTG,,,,hg38
UNC20190912-U3-1,U3,GCCATTGACGCTAGACTTCGNNNNNNNNNNNNCTCCGCTTAAGGGACT,GGCGCGGTTTAA,m,CTTGTGTG,,,,hg38
UNC20190912-U3-2,U3,GCCATTGACGCTAGACTTCGNNNNNNNNNNNNCTCCGCTTAAGGGACT,CCGGTATGCAAG,m,CTTGTGTG,,,,hg38
UNC20190912-U3-3,U3,GCCATTGACGCTAGACTTCGNNNNNNNNNNNNCTCCGCTTAAGGGACT,ATTATCGTGCAC,m,CTTGTGTG,,,,hg38
UNC20190912-U3-4,U3,GCCATTGACGCTAGACTTCGNNNNNNNNNNNNCTCCGCTTAAGGGACT,TAGACCTAGACC,m,CTTGTGTG,,,,hg38
NTC20190912_U3-1,U3,CCGTGAAGAATCGGAATGCGNNNNNNNNNNNNCTCCGCTTAAGGGACT,GATACGTCCTGA,m,CTTGTGTG,,,,hg38
NTC20190912_U3-2,U3,CCGTGAAGAATCGGAATGCGNNNNNNNNNNNNCTCCGCTTAAGGGACT,TTCTCACCTTTC,m,CTTGTGTG,,,,hg38
NTC20190912_U3-3,U3,CCGTGAAGAATCGGAATGCGNNNNNNNNNNNNCTCCGCTTAAGGGACT,CCAGGTATATTC,m,CTTGTGTG,,,,hg38
NTC20190912_U3-4,U3,CCGTGAAGAATCGGAATGCGNNNNNNNNNNNNCTCCGCTTAAGGGACT,TGTGCAAGCGAC,m,CTTGTGTG,,,,hg38
G1-U5-1,U5,CTTCAGACATATAGTCGCTCGNNNNNNNNNNNNCTCCGCTTAAGGGACT,AACCGACAGCGT,m,GTCTGTTG,,,,hg38
G1-U5-2,U5,CTTCAGACATATAGTCGCTCGNNNNNNNNNNNNCTCCGCTTAAGGGACT,AACTGAAACGAG,m,GTCTGTTG,,,,hg38
G1-U5-3,U5,CTTCAGACATATAGTCGCTCGNNNNNNNNNNNNCTCCGCTTAAGGGACT,GTATAGGTTCGC,m,GTCTGTTG,,,,hg38
G1-U5-4,U5,CTTCAGACATATAGTCGCTCGNNNNNNNNNNNNCTCCGCTTAAGGGACT,AGCATATGAGAG,m,GTCTGTTG,,,,hg38
G2-U5-1,U5,TCGATACGTCTATTAGGGCACNNNNNNNNNNNNCTCCGCTTAAGGGACT,ACGCGATACTGG,m,GTCTGTTG,,,,hg38
G2-U5-2,U5,TCGATACGTCTATTAGGGCACNNNNNNNNNNNNCTCCGCTTAAGGGACT,CTGAAGAAACGA,m,GTCTGTTG,,,,hg38
G2-U5-3,U5,TCGATACGTCTATTAGGGCACNNNNNNNNNNNNCTCCGCTTAAGGGACT,CACTTAGGTACT,m,GTCTGTTG,,,,hg38
G2-U5-4,U5,TCGATACGTCTATTAGGGCACNNNNNNNNNNNNCTCCGCTTAAGGGACT,CATCCTGCATCC,m,GTCTGTTG,,,,hg38
G3-U5-1,U5,GATCACAATACGTAACCTGCCNNNNNNNNNNNNCTCCGCTTAAGGGACT,AACCGACAGCGT,m,GTCTGTTG,,,,hg38
G3-U5-2,U5,GATCACAATACGTAACCTGCCNNNNNNNNNNNNCTCCGCTTAAGGGACT,AACTGAAACGAG,m,GTCTGTTG,,,,hg38
G3-U5-3,U5,GATCACAATACGTAACCTGCCNNNNNNNNNNNNCTCCGCTTAAGGGACT,GTATAGGTTCGC,m,GTCTGTTG,,,,hg38
G3-U5-4,U5,GATCACAATACGTAACCTGCCNNNNNNNNNNNNCTCCGCTTAAGGGACT,AGCATATGAGAG,m,GTCTGTTG,,,,hg38
G4-U5-1,U5,CACATCTTACGAAACATGGGCNNNNNNNNNNNNCTCCGCTTAAGGGACT,ACGCGATACTGG,m,GTCTGTTG,,,,hg38
G4-U5-2,U5,CACATCTTACGAAACATGGGCNNNNNNNNNNNNCTCCGCTTAAGGGACT,CTGAAGAAACGA,m,GTCTGTTG,,,,hg38
G4-U5-3,U5,CACATCTTACGAAACATGGGCNNNNNNNNNNNNCTCCGCTTAAGGGACT,CACTTAGGTACT,m,GTCTGTTG,,,,hg38
G4-U5-4,U5,CACATCTTACGAAACATGGGCNNNNNNNNNNNNCTCCGCTTAAGGGACT,CATCCTGCATCC,m,GTCTGTTG,,,,hg38
H1-U5-1,U5,CGAAACGTGAATGGCGGATGNNNNNNNNNNNNCTCCGCTTAAGGGACT,AACCGACAGCGT,m,GTCTGTTG,,,,hg38
H1-U5-2,U5,CGAAACGTGAATGGCGGATGNNNNNNNNNNNNCTCCGCTTAAGGGACT,AACTGAAACGAG,m,GTCTGTTG,,,,hg38
H1-U5-3,U5,CGAAACGTGAATGGCGGATGNNNNNNNNNNNNCTCCGCTTAAGGGACT,GTATAGGTTCGC,m,GTCTGTTG,,,,hg38
H1-U5-4,U5,CGAAACGTGAATGGCGGATGNNNNNNNNNNNNCTCCGCTTAAGGGACT,AGCATATGAGAG,m,GTCTGTTG,,,,hg38
H2-U5-1,U5,TGCTTTCGCGTGATCGAACCNNNNNNNNNNNNCTCCGCTTAAGGGACT,ACGCGATACTGG,m,GTCTGTTG,,,,hg38
H2-U5-2,U5,TGCTTTCGCGTGATCGAACCNNNNNNNNNNNNCTCCGCTTAAGGGACT,CTGAAGAAACGA,m,GTCTGTTG,,,,hg38
H2-U5-3,U5,TGCTTTCGCGTGATCGAACCNNNNNNNNNNNNCTCCGCTTAAGGGACT,CACTTAGGTACT,m,GTCTGTTG,,,,hg38
H2-U5-4,U5,TGCTTTCGCGTGATCGAACCNNNNNNNNNNNNCTCCGCTTAAGGGACT,CATCCTGCATCC,m,GTCTGTTG,,,,hg38
H3-U5-1,U5,GCTACGTTCGGAGAACATCCNNNNNNNNNNNNCTCCGCTTAAGGGACT,AACCGACAGCGT,m,GTCTGTTG,,,,hg38
H3-U5-2,U5,GCTACGTTCGGAGAACATCCNNNNNNNNNNNNCTCCGCTTAAGGGACT,AACTGAAACGAG,m,GTCTGTTG,,,,hg38
H3-U5-3,U5,GCTACGTTCGGAGAACATCCNNNNNNNNNNNNCTCCGCTTAAGGGACT,GTATAGGTTCGC,m,GTCTGTTG,,,,hg38
H3-U5-4,U5,GCTACGTTCGGAGAACATCCNNNNNNNNNNNNCTCCGCTTAAGGGACT,AGCATATGAGAG,m,GTCTGTTG,,,,hg38
H4-U5-1,U5,AGGTTCGACACCTAGTGGAGNNNNNNNNNNNNCTCCGCTTAAGGGACT,ACGCGATACTGG,m,GTCTGTTG,,,,hg38
H4-U5-2,U5,AGGTTCGACACCTAGTGGAGNNNNNNNNNNNNCTCCGCTTAAGGGACT,CTGAAGAAACGA,m,GTCTGTTG,,,,hg38
H4-U5-3,U5,AGGTTCGACACCTAGTGGAGNNNNNNNNNNNNCTCCGCTTAAGGGACT,CACTTAGGTACT,m,GTCTGTTG,,,,hg38
H4-U5-4,U5,AGGTTCGACACCTAGTGGAGNNNNNNNNNNNNCTCCGCTTAAGGGACT,CATCCTGCATCC,m,GTCTGTTG,,,,hg38
I1-U5-1,U5,GCTATCTGTTCGCGTAGACCNNNNNNNNNNNNCTCCGCTTAAGGGACT,AACCGACAGCGT,m,GTCTGTTG,,,,hg38
I1-U5-2,U5,GCTATCTGTTCGCGTAGACCNNNNNNNNNNNNCTCCGCTTAAGGGACT,AACTGAAACGAG,m,GTCTGTTG,,,,hg38
I1-U5-3,U5,GCTATCTGTTCGCGTAGACCNNNNNNNNNNNNCTCCGCTTAAGGGACT,GTATAGGTTCGC,m,GTCTGTTG,,,,hg38
I1-U5-4,U5,GCTATCTGTTCGCGTAGACCNNNNNNNNNNNNCTCCGCTTAAGGGACT,AGCATATGAGAG,m,GTCTGTTG,,,,hg38
I2-U5-1,U5,TAGGTCGTGTACCTCAAGCGNNNNNNNNNNNNCTCCGCTTAAGGGACT,ACGCGATACTGG,m,GTCTGTTG,,,,hg38
I2-U5-2,U5,TAGGTCGTGTACCTCAAGCGNNNNNNNNNNNNCTCCGCTTAAGGGACT,CTGAAGAAACGA,m,GTCTGTTG,,,,hg38
I2-U5-3,U5,TAGGTCGTGTACCTCAAGCGNNNNNNNNNNNNCTCCGCTTAAGGGACT,CACTTAGGTACT,m,GTCTGTTG,,,,hg38
I2-U5-4,U5,TAGGTCGTGTACCTCAAGCGNNNNNNNNNNNNCTCCGCTTAAGGGACT,CATCCTGCATCC,m,GTCTGTTG,,,,hg38
I3-U5-1,U5,GCGATTTCGCATGACGGGTANNNNNNNNNNNNCTCCGCTTAAGGGACT,AACCGACAGCGT,m,GTCTGTTG,,,,hg38
I3-U5-2,U5,GCGATTTCGCATGACGGGTANNNNNNNNNNNNCTCCGCTTAAGGGACT,AACTGAAACGAG,m,GTCTGTTG,,,,hg38
I3-U5-3,U5,GCGATTTCGCATGACGGGTANNNNNNNNNNNNCTCCGCTTAAGGGACT,GTATAGGTTCGC,m,GTCTGTTG,,,,hg38
I3-U5-4,U5,GCGATTTCGCATGACGGGTANNNNNNNNNNNNCTCCGCTTAAGGGACT,AGCATATGAGAG,m,GTCTGTTG,,,,hg38
I4-U5-1,U5,CATCCGGTGAACGTTTGGGANNNNNNNNNNNNCTCCGCTTAAGGGACT,ACGCGATACTGG,m,GTCTGTTG,,,,hg38
I4-U5-2,U5,CATCCGGTGAACGTTTGGGANNNNNNNNNNNNCTCCGCTTAAGGGACT,CTGAAGAAACGA,m,GTCTGTTG,,,,hg38
I4-U5-3,U5,CATCCGGTGAACGTTTGGGANNNNNNNNNNNNCTCCGCTTAAGGGACT,CACTTAGGTACT,m,GTCTGTTG,,,,hg38
I4-U5-4,U5,CATCCGGTGAACGTTTGGGANNNNNNNNNNNNCTCCGCTTAAGGGACT,CATCCTGCATCC,m,GTCTGTTG,,,,hg38
UNC20190912-U5-1,U5,GCCATTGACGCTAGACTTCGNNNNNNNNNNNNCTCCGCTTAAGGGACT,AACCGACAGCGT,m,GTCTGTTG,,,,hg38
UNC20190912-U5-2,U5,GCCATTGACGCTAGACTTCGNNNNNNNNNNNNCTCCGCTTAAGGGACT,AACTGAAACGAG,m,GTCTGTTG,,,,hg38
UNC20190912-U5-3,U5,GCCATTGACGCTAGACTTCGNNNNNNNNNNNNCTCCGCTTAAGGGACT,GTATAGGTTCGC,m,GTCTGTTG,,,,hg38
UNC20190912-U5-4,U5,GCCATTGACGCTAGACTTCGNNNNNNNNNNNNCTCCGCTTAAGGGACT,AGCATATGAGAG,m,GTCTGTTG,,,,hg38
NTC20190912_U5-1,U5,CCGTGAAGAATCGGAATGCGNNNNNNNNNNNNCTCCGCTTAAGGGACT,ACGCGATACTGG,m,GTCTGTTG,,,,hg38
NTC20190912_U5-2,U5,CCGTGAAGAATCGGAATGCGNNNNNNNNNNNNCTCCGCTTAAGGGACT,CTGAAGAAACGA,m,GTCTGTTG,,,,hg38
NTC20190912_U5-3,U5,CCGTGAAGAATCGGAATGCGNNNNNNNNNNNNCTCCGCTTAAGGGACT,CACTTAGGTACT,m,GTCTGTTG,,,,hg38
NTC20190912_U5-4,U5,CCGTGAAGAATCGGAATGCGNNNNNNNNNNNNCTCCGCTTAAGGGACT,CATCCTGCATCC,m,GTCTGTTG,,,,hg38
