sample_name	barcode_sequence	primer_sequence	name	category	group	typeFull	typeAbbr	delivery	I7_Index_ID	index	I5_Index_ID	index2	linker_sequence
AS.B1	TCCGAATTCACAAATCCGTACAGC	TGCTGCCTCCCGTAGGAGT	AS.B1	n/a	Blank	Blank	B	n/a	F01	TCCGAATTCACA	GC2	AATCCGTACAGC	AAA
AS.B2	GAATAGAGCCAAAATCCGTACAGC	TGCTGCCTCCCGTAGGAGT	AS.B2	n/a	Blank	Blank	B	n/a	F07	GAATAGAGCCAA	GC2	AATCCGTACAGC	AAA
AS.B3	ACGCCACGAATGAATCCGTACAGC	TGCTGCCTCCCGTAGGAGT	AS.B3	n/a	Blank	Blank	B	n/a	G01	ACGCCACGAATG	GC2	AATCCGTACAGC	AAA
AS.B4	ACATTCAGCGCAAATCAGTCTCGT	TGCTGCCTCCCGTAGGAGT	AS.B4	n/a	Blank	Blank	B	n/a	A06	ACATTCAGCGCA	GC1	AATCAGTCTCGT	AAA
AS.B5	ACTGACAGCCATAATCAGTCTCGT	TGCTGCCTCCCGTAGGAGT	AS.B5	n/a	Blank	Blank	B	n/a	B06	ACTGACAGCCAT	GC1	AATCAGTCTCGT	AAA
FP.B1	CAGCTAGAACGCGTACATACCGGT	TGCTGCCTCCCGTAGGAGT	FP.B1	n/a	Blank	Blank	B	n/a	E06	CAGCTAGAACGC	GC10	GTACATACCGGT	AAA
FP.B10	TCTGTTGCTCTCGTATGCGCTGTA	TGCTGCCTCCCGTAGGAGT	FP.B10	n/a	Blank	Blank	B	n/a	H09	TCTGTTGCTCTC	GC9	GTATGCGCTGTA	AAA
FP.B11	TCTTCCGCTACTGTATGCGCTGTA	TGCTGCCTCCCGTAGGAGT	FP.B11	n/a	Blank	Blank	B	n/a	H10	TCTTCCGCTACT	GC9	GTATGCGCTGTA	AAA
FP.B2	TCCCAGAACAACGTACATACCGGT	TGCTGCCTCCCGTAGGAGT	FP.B2	n/a	Blank	Blank	B	n/a	F06	TCCCAGAACAAC	GC10	GTACATACCGGT	AAA
FP.B3	AGCTGGAAGTCCGTACATACCGGT	TGCTGCCTCCCGTAGGAGT	FP.B3	n/a	Blank	Blank	B	n/a	G06	AGCTGGAAGTCC	GC10	GTACATACCGGT	AAA
FP.B4	CACGGTTGTGAGGTACATACCGGT	TGCTGCCTCCCGTAGGAGT	FP.B4	n/a	Blank	Blank	B	n/a	H06	CACGGTTGTGAG	GC10	GTACATACCGGT	AAA
FP.B5	TCTGTTGCTCTCGTACATACCGGT	TGCTGCCTCCCGTAGGAGT	FP.B5	n/a	Blank	Blank	B	n/a	H09	TCTGTTGCTCTC	GC10	GTACATACCGGT	AAA
FP.B6	CAGCTAGAACGCGTATGCGCTGTA	TGCTGCCTCCCGTAGGAGT	FP.B6	n/a	Blank	Blank	B	n/a	E06	CAGCTAGAACGC	GC9	GTATGCGCTGTA	AAA
FP.B7	TCCCAGAACAACGTATGCGCTGTA	TGCTGCCTCCCGTAGGAGT	FP.B7	n/a	Blank	Blank	B	n/a	F06	TCCCAGAACAAC	GC9	GTATGCGCTGTA	AAA
FP.B8	AGCTGGAAGTCCGTATGCGCTGTA	TGCTGCCTCCCGTAGGAGT	FP.B8	n/a	Blank	Blank	B	n/a	G06	AGCTGGAAGTCC	GC9	GTATGCGCTGTA	AAA
FP.B9	CACGGTTGTGAGGTATGCGCTGTA	TGCTGCCTCCCGTAGGAGT	FP.B9	n/a	Blank	Blank	B	n/a	H06	CACGGTTGTGAG	GC9	GTATGCGCTGTA	AAA
H2O1	TCTTCCGCTACTGTACATACCGGT	TGCTGCCTCCCGTAGGAGT	H2O	n/a	H2O	H2O	H2O	n/a	H10	TCTTCCGCTACT	GC10	GTACATACCGGT	AAA
H2O10	ACACGTAAGCCTAATCCGTACAGC	TGCTGCCTCCCGTAGGAGT	H2O	n/a	H2O	H2O	H2O	n/a	G03	ACACGTAAGCCT	GC2	AATCCGTACAGC	AAA
H2O11	GCGGCAATTACGAATCCGTACAGC	TGCTGCCTCCCGTAGGAGT	H2O	n/a	H2O	H2O	H2O	n/a	G04	GCGGCAATTACG	GC2	AATCCGTACAGC	AAA
H2O12	GGAAACCACCACAATCCGTACAGC	TGCTGCCTCCCGTAGGAGT	H2O	n/a	H2O	H2O	H2O	n/a	G05	GGAAACCACCAC	GC2	AATCCGTACAGC	AAA
H2O13	ATACTTCGCAGGGTACATACCGGT	TGCTGCCTCCCGTAGGAGT	H2O	n/a	H2O	H2O	H2O	n/a	D11	ATACTTCGCAGG	GC10	GTACATACCGGT	AAA
H2O14	ATCGCTCGAGGAGTACATACCGGT	TGCTGCCTCCCGTAGGAGT	H2O	n/a	H2O	H2O	H2O	n/a	D12	ATCGCTCGAGGA	GC10	GTACATACCGGT	AAA
H2O15	ACTCACGGTATGAATCAGTCTCGT	TGCTGCCTCCCGTAGGAGT	H2O	n/a	H2O	H2O	H2O	n/a	B11	ACTCACGGTATG	GC1	AATCAGTCTCGT	AAA
H2O16	ATGGTTGTTGGCAATCAGTCTCGT	TGCTGCCTCCCGTAGGAGT	H2O	n/a	H2O	H2O	H2O	n/a	B12	ATGGTTGTTGGC	GC1	AATCAGTCTCGT	AAA
H2O17	GCAGGATAGATAAATCAGTCTCGT	TGCTGCCTCCCGTAGGAGT	H2O	n/a	H2O	H2O	H2O	n/a	F10	GCAGGATAGATA	GC1	AATCAGTCTCGT	AAA
H2O18	TCTACGGAGAGCAATCAGTCTCGT	TGCTGCCTCCCGTAGGAGT	H2O	n/a	H2O	H2O	H2O	n/a	F11	TCTACGGAGAGC	GC1	AATCAGTCTCGT	AAA
H2O19	AATCTTGCTGCAAATCAGTCTCGT	TGCTGCCTCCCGTAGGAGT	H2O	n/a	H2O	H2O	H2O	n/a	F12	AATCTTGCTGCA	GC1	AATCAGTCTCGT	AAA
H2O2	ACGGCATGGCATGTACATACCGGT	TGCTGCCTCCCGTAGGAGT	H2O	n/a	H2O	H2O	H2O	n/a	H11	ACGGCATGGCAT	GC10	GTACATACCGGT	AAA
H2O20	ATCGCTCGAGGAACACCTGGTGAT	TGCTGCCTCCCGTAGGAGT	H2O	n/a	H2O	H2O	H2O	n/a	D12	ATCGCTCGAGGA	GC3	ACACCTGGTGAT	AAA
H2O3	TAACACCACATCGTACATACCGGT	TGCTGCCTCCCGTAGGAGT	H2O	n/a	H2O	H2O	H2O	n/a	H12	TAACACCACATC	GC10	GTACATACCGGT	AAA
H2O4	ATACTTCGCAGGGTATGCGCTGTA	TGCTGCCTCCCGTAGGAGT	H2O	n/a	H2O	H2O	H2O	n/a	D11	ATACTTCGCAGG	GC9	GTATGCGCTGTA	AAA
H2O5	ATCGCTCGAGGAGTATGCGCTGTA	TGCTGCCTCCCGTAGGAGT	H2O	n/a	H2O	H2O	H2O	n/a	D12	ATCGCTCGAGGA	GC9	GTATGCGCTGTA	AAA
H2O6	ACGGCATGGCATGTATGCGCTGTA	TGCTGCCTCCCGTAGGAGT	H2O	n/a	H2O	H2O	H2O	n/a	H11	ACGGCATGGCAT	GC9	GTATGCGCTGTA	AAA
H2O7	TAACACCACATCGTATGCGCTGTA	TGCTGCCTCCCGTAGGAGT	H2O	n/a	H2O	H2O	H2O	n/a	H12	TAACACCACATC	GC9	GTATGCGCTGTA	AAA
H2O8	GAGGCTCATCATAATCCGTACAGC	TGCTGCCTCCCGTAGGAGT	H2O	n/a	H2O	H2O	H2O	n/a	E02	GAGGCTCATCAT	GC2	AATCCGTACAGC	AAA
H2O9	ATGAGACTCCACAATCCGTACAGC	TGCTGCCTCCCGTAGGAGT	H2O	n/a	H2O	H2O	H2O	n/a	E03	ATGAGACTCCAC	GC2	AATCCGTACAGC	AAA
MP.B1	ACATTCAGCGCAGTACATACCGGT	TGCTGCCTCCCGTAGGAGT	MP.B1	n/a	Blank	Blank	B	n/a	A06	ACATTCAGCGCA	GC10	GTACATACCGGT	AAA
MP.B10	GAATGATGAGTGGTATGCGCTGTA	TGCTGCCTCCCGTAGGAGT	MP.B10	n/a	Blank	Blank	B	n/a	D10	GAATGATGAGTG	GC9	GTATGCGCTGTA	AAA
MP.B2	ACTGACAGCCATGTACATACCGGT	TGCTGCCTCCCGTAGGAGT	MP.B2	n/a	Blank	Blank	B	n/a	B06	ACTGACAGCCAT	GC10	GTACATACCGGT	AAA
MP.B3	CGAGAAGAGAACGTACATACCGGT	TGCTGCCTCCCGTAGGAGT	MP.B3	n/a	Blank	Blank	B	n/a	C06	CGAGAAGAGAAC	GC10	GTACATACCGGT	AAA
MP.B4	AGGCATCTTACGGTACATACCGGT	TGCTGCCTCCCGTAGGAGT	MP.B4	n/a	Blank	Blank	B	n/a	D06	AGGCATCTTACG	GC10	GTACATACCGGT	AAA
MP.B5	GAATGATGAGTGGTACATACCGGT	TGCTGCCTCCCGTAGGAGT	MP.B5	n/a	Blank	Blank	B	n/a	D10	GAATGATGAGTG	GC10	GTACATACCGGT	AAA
MP.B6	ACATTCAGCGCAGTATGCGCTGTA	TGCTGCCTCCCGTAGGAGT	MP.B6	n/a	Blank	Blank	B	n/a	A06	ACATTCAGCGCA	GC9	GTATGCGCTGTA	AAA
MP.B7	ACTGACAGCCATGTATGCGCTGTA	TGCTGCCTCCCGTAGGAGT	MP.B7	n/a	Blank	Blank	B	n/a	B06	ACTGACAGCCAT	GC9	GTATGCGCTGTA	AAA
MP.B8	CGAGAAGAGAACGTATGCGCTGTA	TGCTGCCTCCCGTAGGAGT	MP.B8	n/a	Blank	Blank	B	n/a	C06	CGAGAAGAGAAC	GC9	GTATGCGCTGTA	AAA
MP.B9	AGGCATCTTACGGTATGCGCTGTA	TGCTGCCTCCCGTAGGAGT	MP.B9	n/a	Blank	Blank	B	n/a	D06	AGGCATCTTACG	GC9	GTATGCGCTGTA	AAA
POS.control1	AAGGAGCGCCTTGTACATACCGGT	TGCTGCCTCCCGTAGGAGT	POS1	n/a	POS	Positive Control (Gene Block)	Pos	n/a	C01	AAGGAGCGCCTT	GC10	GTACATACCGGT	AAA
POS.control2	AAGGAGCGCCTTGTATGCGCTGTA	TGCTGCCTCCCGTAGGAGT	POS2	n/a	POS	Positive Control (Gene Block)	Pos	n/a	C01	AAGGAGCGCCTT	GC9	GTATGCGCTGTA	AAA
POS.control3	AAGGAGCGCCTTAATCCGTACAGC	TGCTGCCTCCCGTAGGAGT	POS3	n/a	POS	Positive Control (Gene Block)	Pos	n/a	C01	AAGGAGCGCCTT	GC2	AATCCGTACAGC	AAA
POS.control4	AAGGAGCGCCTTAATCAGTCTCGT	TGCTGCCTCCCGTAGGAGT	POS4	n/a	POS	Positive Control (Gene Block)	Pos	n/a	C01	AAGGAGCGCCTT	GC1	AATCAGTCTCGT	AAA
POS.control5	AAGGAGCGCCTTACACCTGGTGAT	TGCTGCCTCCCGTAGGAGT	POS5	n/a	POS	Positive Control (Gene Block)	Pos	n/a	C01	AAGGAGCGCCTT	GC3	ACACCTGGTGAT	AAA
S.B1	ACATTCAGCGCAAATCCGTACAGC	TGCTGCCTCCCGTAGGAGT	S.B1	n/a	Blank	Blank	B	n/a	A06	ACATTCAGCGCA	GC2	AATCCGTACAGC	AAA
S.B10	ACTGACAGCCATACACCTGGTGAT	TGCTGCCTCCCGTAGGAGT	S.B10	n/a	Blank	Blank	B	n/a	B06	ACTGACAGCCAT	GC3	ACACCTGGTGAT	AAA
S.B11	CGAGAAGAGAACACACCTGGTGAT	TGCTGCCTCCCGTAGGAGT	S.B11	n/a	Blank	Blank	B	n/a	C06	CGAGAAGAGAAC	GC3	ACACCTGGTGAT	AAA
S.B12	AGGCATCTTACGACACCTGGTGAT	TGCTGCCTCCCGTAGGAGT	S.B12	n/a	Blank	Blank	B	n/a	D06	AGGCATCTTACG	GC3	ACACCTGGTGAT	AAA
S.B13	GAATGATGAGTGACACCTGGTGAT	TGCTGCCTCCCGTAGGAGT	S.B13	n/a	Blank	Blank	B	n/a	D10	GAATGATGAGTG	GC3	ACACCTGGTGAT	AAA
S.B14	ATACTTCGCAGGACACCTGGTGAT	TGCTGCCTCCCGTAGGAGT	S.B14	n/a	Blank	Blank	B	n/a	D11	ATACTTCGCAGG	GC3	ACACCTGGTGAT	AAA
S.B2	CGTGACAATGTCAATCCGTACAGC	TGCTGCCTCCCGTAGGAGT	S.B2	n/a	Blank	Blank	B	n/a	A12	CGTGACAATGTC	GC2	AATCCGTACAGC	AAA
S.B3	ACTGACAGCCATAATCCGTACAGC	TGCTGCCTCCCGTAGGAGT	S.B3	n/a	Blank	Blank	B	n/a	B06	ACTGACAGCCAT	GC2	AATCCGTACAGC	AAA
S.B4	ATGGTTGTTGGCAATCCGTACAGC	TGCTGCCTCCCGTAGGAGT	S.B4	n/a	Blank	Blank	B	n/a	B12	ATGGTTGTTGGC	GC2	AATCCGTACAGC	AAA
S.B5	CGAGAAGAGAACAATCCGTACAGC	TGCTGCCTCCCGTAGGAGT	S.B5	n/a	Blank	Blank	B	n/a	C06	CGAGAAGAGAAC	GC2	AATCCGTACAGC	AAA
S.B6	CCTAGTACTGATAATCCGTACAGC	TGCTGCCTCCCGTAGGAGT	S.B6	n/a	Blank	Blank	B	n/a	C12	CCTAGTACTGAT	GC2	AATCCGTACAGC	AAA
S.B7	AGGCATCTTACGAATCCGTACAGC	TGCTGCCTCCCGTAGGAGT	S.B7	n/a	Blank	Blank	B	n/a	D06	AGGCATCTTACG	GC2	AATCCGTACAGC	AAA
S.B8	GTCTAATTCCGAAATCCGTACAGC	TGCTGCCTCCCGTAGGAGT	S.B8	n/a	Blank	Blank	B	n/a	E01	GTCTAATTCCGA	GC2	AATCCGTACAGC	AAA
S.B9	ACATTCAGCGCAACACCTGGTGAT	TGCTGCCTCCCGTAGGAGT	S.B9	n/a	Blank	Blank	B	n/a	A06	ACATTCAGCGCA	GC3	ACACCTGGTGAT	AAA
VS.B1	CGAGAAGAGAACAATCAGTCTCGT	TGCTGCCTCCCGTAGGAGT	VS.B1	n/a	Blank	Blank	B	n/a	C06	CGAGAAGAGAAC	GC1	AATCAGTCTCGT	AAA
VS.B2	AGGCATCTTACGAATCAGTCTCGT	TGCTGCCTCCCGTAGGAGT	VS.B2	n/a	Blank	Blank	B	n/a	D06	AGGCATCTTACG	GC1	AATCAGTCTCGT	AAA
VS.B4	TCCCAGAACAACAATCAGTCTCGT	TGCTGCCTCCCGTAGGAGT	VS.B4	n/a	Blank	Blank	B	n/a	F06	TCCCAGAACAAC	GC1	AATCAGTCTCGT	AAA
AS01	CTTGTGTCGATAAATCCGTACAGC	TGCTGCCTCCCGTAGGAGT	0202 Air Swab	Term	202	Air Swab	AS	SVD	E04	CTTGTGTCGATA	GC2	AATCCGTACAGC	AAA
AS02	ACGGGACATGCTAATCCGTACAGC	TGCTGCCTCCCGTAGGAGT	0146 Air Swab	Term	146	Air Swab	AS	SVD	E05	ACGGGACATGCT	GC2	AATCCGTACAGC	AAA
AS03	CAGCTAGAACGCAATCCGTACAGC	TGCTGCCTCCCGTAGGAGT	0147 Air Swab	Term	147	Air Swab	AS	SVD	E06	CAGCTAGAACGC	GC2	AATCCGTACAGC	AAA
AS04	CCACCTACTCCAAATCCGTACAGC	TGCTGCCTCCCGTAGGAGT	0157 Air Swab	Term	157	Air Swab	AS	SVD	E07	CCACCTACTCCA	GC2	AATCCGTACAGC	AAA
AS05	AACACAAGGAGTAATCCGTACAGC	TGCTGCCTCCCGTAGGAGT	0166 Air Swab	Term	166	Air Swab	AS	SVD	E08	AACACAAGGAGT	GC2	AATCCGTACAGC	AAA
AS06	TGTAATTGTCGCAATCCGTACAGC	TGCTGCCTCCCGTAGGAGT	0170 Air Swab	Term	170	Air Swab	AS	SVD	E09	TGTAATTGTCGC	GC2	AATCCGTACAGC	AAA
AS07	CGTCCGAAATACAATCCGTACAGC	TGCTGCCTCCCGTAGGAGT	0171 Air Swab	Term	171	Air Swab	AS	SVD	E10	CGTCCGAAATAC	GC2	AATCCGTACAGC	AAA
AS08	ATGTCGAGAGAAAATCCGTACAGC	TGCTGCCTCCCGTAGGAGT	0172 Air Swab	Term	172	Air Swab	AS	SVD	E11	ATGTCGAGAGAA	GC2	AATCCGTACAGC	AAA
AS09	TAACGCTTGGGTAATCCGTACAGC	TGCTGCCTCCCGTAGGAGT	0177 Air Swab	Term	177	Air Swab	AS	SVD	E12	TAACGCTTGGGT	GC2	AATCCGTACAGC	AAA
AS10	TCCTCTGTCGACAATCCGTACAGC	TGCTGCCTCCCGTAGGAGT	0178 Air Swab	Term	178	Air Swab	AS	SVD	F02	TCCTCTGTCGAC	GC2	AATCCGTACAGC	AAA
AS11	CGTGACAATGTCAATCAGTCTCGT	TGCTGCCTCCCGTAGGAGT	0182 Air Swab	Term	182	Air Swab	AS	SVD	A12	CGTGACAATGTC	GC1	AATCAGTCTCGT	AAA
AS12	ACGTGTACCCAAAATCAGTCTCGT	TGCTGCCTCCCGTAGGAGT	0186 Air Swab	Term	186	Air Swab	AS	C-Section	B01	ACGTGTACCCAA	GC1	AATCAGTCTCGT	AAA
AS13	CTAGCGAACATCAATCAGTCTCGT	TGCTGCCTCCCGTAGGAGT	0187 Air Swab	Term	187	Air Swab	AS	SVD	B02	CTAGCGAACATC	GC1	AATCAGTCTCGT	AAA
AS14	AATGCCTCAACTAATCAGTCTCGT	TGCTGCCTCCCGTAGGAGT	0190 Air Swab	Term	190	Air Swab	AS	SVD	B03	AATGCCTCAACT	GC1	AATCAGTCTCGT	AAA
AS15	TTCCTAGGTGAGAATCAGTCTCGT	TGCTGCCTCCCGTAGGAGT	0191 Air Swab	Term	191	Air Swab	AS	SVD	B04	TTCCTAGGTGAG	GC1	AATCAGTCTCGT	AAA
AS16	CAAGCATGCCTAAATCAGTCTCGT	TGCTGCCTCCCGTAGGAGT	0193 Air Swab	Term	193	Air Swab	AS	SVD	B05	CAAGCATGCCTA	GC1	AATCAGTCTCGT	AAA
AS17	CAGCGGTGACATAATCAGTCTCGT	TGCTGCCTCCCGTAGGAGT	0195 Air Swab	Term	195	Air Swab	AS	SVD	B07	CAGCGGTGACAT	GC1	AATCAGTCTCGT	AAA
AS18	TCGTCGATAATCAATCAGTCTCGT	TGCTGCCTCCCGTAGGAGT	0197 Air Swab	Term	197	Air Swab	AS	SVD	B08	TCGTCGATAATC	GC1	AATCAGTCTCGT	AAA
AS19	TGACCTCCAAGAAATCAGTCTCGT	TGCTGCCTCCCGTAGGAGT	0198 Air Swab	Term	198	Air Swab	AS	SVD	B09	TGACCTCCAAGA	GC1	AATCAGTCTCGT	AAA
AS20	AGCCTAAGCACGAATCAGTCTCGT	TGCTGCCTCCCGTAGGAGT	0198 Air Swab	Term	198	Air Swab	AS	SVD	B10	AGCCTAAGCACG	GC1	AATCAGTCTCGT	AAA
FP01	GTCTAATTCCGAGTACATACCGGT	TGCTGCCTCCCGTAGGAGT	0202PCFSBDEB1	Term	202	Placenta Fetal Side Delivery Biopsy	PF	SVD	E01	GTCTAATTCCGA	GC10	GTACATACCGGT	AAA
FP02	GAGGCTCATCATGTACATACCGGT	TGCTGCCTCCCGTAGGAGT	0146PCFSBDEB1	Term	146	Placenta Fetal Side Delivery Biopsy	PF	SVD	E02	GAGGCTCATCAT	GC10	GTACATACCGGT	AAA
FP03	ATGAGACTCCACGTACATACCGGT	TGCTGCCTCCCGTAGGAGT	0147PCFSBDEB1	Term	147	Placenta Fetal Side Delivery Biopsy	PF	SVD	E03	ATGAGACTCCAC	GC10	GTACATACCGGT	AAA
FP04	CTTGTGTCGATAGTACATACCGGT	TGCTGCCTCCCGTAGGAGT	0157PCFSBDEB1	Term	157	Placenta Fetal Side Delivery Biopsy	PF	SVD	E04	CTTGTGTCGATA	GC10	GTACATACCGGT	AAA
FP05	ACGGGACATGCTGTACATACCGGT	TGCTGCCTCCCGTAGGAGT	0166PCFSBDEB1	Term	166	Placenta Fetal Side Delivery Biopsy	PF	SVD	E05	ACGGGACATGCT	GC10	GTACATACCGGT	AAA
FP06	CCACCTACTCCAGTACATACCGGT	TGCTGCCTCCCGTAGGAGT	0170PCFSBDEB1	Term	170	Placenta Fetal Side Delivery Biopsy	PF	SVD	E07	CCACCTACTCCA	GC10	GTACATACCGGT	AAA
FP07	AACACAAGGAGTGTACATACCGGT	TGCTGCCTCCCGTAGGAGT	0171PCFSBDEB1	Term	171	Placenta Fetal Side Delivery Biopsy	PF	SVD	E08	AACACAAGGAGT	GC10	GTACATACCGGT	AAA
FP08	TGTAATTGTCGCGTACATACCGGT	TGCTGCCTCCCGTAGGAGT	0172PCFSBDEB1	Term	172	Placenta Fetal Side Delivery Biopsy	PF	SVD	E09	TGTAATTGTCGC	GC10	GTACATACCGGT	AAA
FP09	CGTCCGAAATACGTACATACCGGT	TGCTGCCTCCCGTAGGAGT	0177PCFSBDEB1	Term	177	Placenta Fetal Side Delivery Biopsy	PF	SVD	E10	CGTCCGAAATAC	GC10	GTACATACCGGT	AAA
FP10	ATGTCGAGAGAAGTACATACCGGT	TGCTGCCTCCCGTAGGAGT	0178PCFSBDEB1	Term	178	Placenta Fetal Side Delivery Biopsy	PF	SVD	E11	ATGTCGAGAGAA	GC10	GTACATACCGGT	AAA
FP11	TAACGCTTGGGTGTACATACCGGT	TGCTGCCTCCCGTAGGAGT	0182PCFSBDEB1	Term	182	Placenta Fetal Side Delivery Biopsy	PF	SVD	E12	TAACGCTTGGGT	GC10	GTACATACCGGT	AAA
FP12	TCCGAATTCACAGTACATACCGGT	TGCTGCCTCCCGTAGGAGT	0186PCFSBDEB1	Term	186	Placenta Fetal Side Delivery Biopsy	PF	C-Section	F01	TCCGAATTCACA	GC10	GTACATACCGGT	AAA
FP13	TCCTCTGTCGACGTACATACCGGT	TGCTGCCTCCCGTAGGAGT	0187PCFSBDEB1	Term	187	Placenta Fetal Side Delivery Biopsy	PF	SVD	F02	TCCTCTGTCGAC	GC10	GTACATACCGGT	AAA
FP14	GAATCTTCGAGCGTACATACCGGT	TGCTGCCTCCCGTAGGAGT	0190PCFSBDEB1	Term	190	Placenta Fetal Side Delivery Biopsy	PF	SVD	F03	GAATCTTCGAGC	GC10	GTACATACCGGT	AAA
FP15	TGAGCCGGAATCGTACATACCGGT	TGCTGCCTCCCGTAGGAGT	0191PCFSBDEB1	Term	191	Placenta Fetal Side Delivery Biopsy	PF	SVD	F04	TGAGCCGGAATC	GC10	GTACATACCGGT	AAA
FP16	GTCATATCGTACGTACATACCGGT	TGCTGCCTCCCGTAGGAGT	0193PCFSBDEB1	Term	193	Placenta Fetal Side Delivery Biopsy	PF	SVD	F05	GTCATATCGTAC	GC10	GTACATACCGGT	AAA
FP17	GAATAGAGCCAAGTACATACCGGT	TGCTGCCTCCCGTAGGAGT	0195PCFSBDEB1	Term	195	Placenta Fetal Side Delivery Biopsy	PF	SVD	F07	GAATAGAGCCAA	GC10	GTACATACCGGT	AAA
FP18	AATGTCCGTGACGTACATACCGGT	TGCTGCCTCCCGTAGGAGT	0197PCFSBDEB1	Term	197	Placenta Fetal Side Delivery Biopsy	PF	SVD	F08	AATGTCCGTGAC	GC10	GTACATACCGGT	AAA
FP19	AATGGAGCATGAGTACATACCGGT	TGCTGCCTCCCGTAGGAGT	0198PCFSBDEB1	Term	198	Placenta Fetal Side Delivery Biopsy	PF	SVD	F09	AATGGAGCATGA	GC10	GTACATACCGGT	AAA
FP20	GCAGGATAGATAGTACATACCGGT	TGCTGCCTCCCGTAGGAGT	0201PCFSBDEB1	Term	201	Placenta Fetal Side Delivery Biopsy	PF	SVD	F10	GCAGGATAGATA	GC10	GTACATACCGGT	AAA
FP41	GTCTAATTCCGAGTATGCGCTGTA	TGCTGCCTCCCGTAGGAGT	0202PCFSBDEB2	Term	202	Placenta Fetal Side Delivery Biopsy	PF	SVD	E01	GTCTAATTCCGA	GC9	GTATGCGCTGTA	AAA
FP42	GAGGCTCATCATGTATGCGCTGTA	TGCTGCCTCCCGTAGGAGT	0146PCFSBDEB2	Term	146	Placenta Fetal Side Delivery Biopsy	PF	SVD	E02	GAGGCTCATCAT	GC9	GTATGCGCTGTA	AAA
FP43	ATGAGACTCCACGTATGCGCTGTA	TGCTGCCTCCCGTAGGAGT	0147PCFSBDEB2	Term	147	Placenta Fetal Side Delivery Biopsy	PF	SVD	E03	ATGAGACTCCAC	GC9	GTATGCGCTGTA	AAA
FP44	CTTGTGTCGATAGTATGCGCTGTA	TGCTGCCTCCCGTAGGAGT	0157PCFSBDEB2	Term	157	Placenta Fetal Side Delivery Biopsy	PF	SVD	E04	CTTGTGTCGATA	GC9	GTATGCGCTGTA	AAA
FP45	ACGGGACATGCTGTATGCGCTGTA	TGCTGCCTCCCGTAGGAGT	0166PCFSBDEB2	Term	166	Placenta Fetal Side Delivery Biopsy	PF	SVD	E05	ACGGGACATGCT	GC9	GTATGCGCTGTA	AAA
FP46	CCACCTACTCCAGTATGCGCTGTA	TGCTGCCTCCCGTAGGAGT	0170PCFSBDEB2	Term	170	Placenta Fetal Side Delivery Biopsy	PF	SVD	E07	CCACCTACTCCA	GC9	GTATGCGCTGTA	AAA
FP47	AACACAAGGAGTGTATGCGCTGTA	TGCTGCCTCCCGTAGGAGT	0171PCFSBDEB2	Term	171	Placenta Fetal Side Delivery Biopsy	PF	SVD	E08	AACACAAGGAGT	GC9	GTATGCGCTGTA	AAA
FP48	TGTAATTGTCGCGTATGCGCTGTA	TGCTGCCTCCCGTAGGAGT	0172PCFSBDEB2	Term	172	Placenta Fetal Side Delivery Biopsy	PF	SVD	E09	TGTAATTGTCGC	GC9	GTATGCGCTGTA	AAA
FP49	CGTCCGAAATACGTATGCGCTGTA	TGCTGCCTCCCGTAGGAGT	0177PCFSBDEB2	Term	177	Placenta Fetal Side Delivery Biopsy	PF	SVD	E10	CGTCCGAAATAC	GC9	GTATGCGCTGTA	AAA
FP50	ATGTCGAGAGAAGTATGCGCTGTA	TGCTGCCTCCCGTAGGAGT	0178PCFSBDEB2	Term	178	Placenta Fetal Side Delivery Biopsy	PF	SVD	E11	ATGTCGAGAGAA	GC9	GTATGCGCTGTA	AAA
FP51	TAACGCTTGGGTGTATGCGCTGTA	TGCTGCCTCCCGTAGGAGT	0182PCFSBDEB2	Term	182	Placenta Fetal Side Delivery Biopsy	PF	SVD	E12	TAACGCTTGGGT	GC9	GTATGCGCTGTA	AAA
FP52	TCCGAATTCACAGTATGCGCTGTA	TGCTGCCTCCCGTAGGAGT	0186PCFSBDEB2	Term	186	Placenta Fetal Side Delivery Biopsy	PF	C-Section	F01	TCCGAATTCACA	GC9	GTATGCGCTGTA	AAA
FP53	TCCTCTGTCGACGTATGCGCTGTA	TGCTGCCTCCCGTAGGAGT	0187PCFSBDEB2	Term	187	Placenta Fetal Side Delivery Biopsy	PF	SVD	F02	TCCTCTGTCGAC	GC9	GTATGCGCTGTA	AAA
FP54	GAATCTTCGAGCGTATGCGCTGTA	TGCTGCCTCCCGTAGGAGT	0190PCFSBDEB2	Term	190	Placenta Fetal Side Delivery Biopsy	PF	SVD	F03	GAATCTTCGAGC	GC9	GTATGCGCTGTA	AAA
FP55	TGAGCCGGAATCGTATGCGCTGTA	TGCTGCCTCCCGTAGGAGT	0191PCFSBDEB2	Term	191	Placenta Fetal Side Delivery Biopsy	PF	SVD	F04	TGAGCCGGAATC	GC9	GTATGCGCTGTA	AAA
FP56	GTCATATCGTACGTATGCGCTGTA	TGCTGCCTCCCGTAGGAGT	0193PCFSBDEB2	Term	193	Placenta Fetal Side Delivery Biopsy	PF	SVD	F05	GTCATATCGTAC	GC9	GTATGCGCTGTA	AAA
FP57	GAATAGAGCCAAGTATGCGCTGTA	TGCTGCCTCCCGTAGGAGT	0195PCFSBDEB2	Term	195	Placenta Fetal Side Delivery Biopsy	PF	SVD	F07	GAATAGAGCCAA	GC9	GTATGCGCTGTA	AAA
FP58	AATGTCCGTGACGTATGCGCTGTA	TGCTGCCTCCCGTAGGAGT	0197PCFSBDEB2	Term	197	Placenta Fetal Side Delivery Biopsy	PF	SVD	F08	AATGTCCGTGAC	GC9	GTATGCGCTGTA	AAA
FP59	AATGGAGCATGAGTATGCGCTGTA	TGCTGCCTCCCGTAGGAGT	0198PCFSBDEB2	Term	198	Placenta Fetal Side Delivery Biopsy	PF	SVD	F09	AATGGAGCATGA	GC9	GTATGCGCTGTA	AAA
FP60	GCAGGATAGATAGTATGCGCTGTA	TGCTGCCTCCCGTAGGAGT	0201PCFSBDEB2	Term	201	Placenta Fetal Side Delivery Biopsy	PF	SVD	F10	GCAGGATAGATA	GC9	GTATGCGCTGTA	AAA
MP01	TACAGATGGCTCGTACATACCGGT	TGCTGCCTCCCGTAGGAGT	0202PCMSBDEB1	Term	202	Placenta Maternal Side Delivery Biopsy	PM	SVD	A01	TACAGATGGCTC	GC10	GTACATACCGGT	AAA
MP02	TAGGAACTGGCCGTACATACCGGT	TGCTGCCTCCCGTAGGAGT	0146PCMSBDEB1	Term	146	Placenta Maternal Side Delivery Biopsy	PM	SVD	A02	TAGGAACTGGCC	GC10	GTACATACCGGT	AAA
MP03	CGCAGCGGTATAGTACATACCGGT	TGCTGCCTCCCGTAGGAGT	0147PCMSBDEB1	Term	147	Placenta Maternal Side Delivery Biopsy	PM	SVD	A03	CGCAGCGGTATA	GC10	GTACATACCGGT	AAA
MP04	GAAGTTGGAAGTGTACATACCGGT	TGCTGCCTCCCGTAGGAGT	0157PCMSBDEB1	Term	157	Placenta Maternal Side Delivery Biopsy	PM	SVD	A04	GAAGTTGGAAGT	GC10	GTACATACCGGT	AAA
MP05	GACGGAACCCATGTACATACCGGT	TGCTGCCTCCCGTAGGAGT	0166PCMSBDEB1	Term	166	Placenta Maternal Side Delivery Biopsy	PM	SVD	A05	GACGGAACCCAT	GC10	GTACATACCGGT	AAA
MP06	GAGGAATAGCAGGTACATACCGGT	TGCTGCCTCCCGTAGGAGT	0170PCMSBDEB1	Term	170	Placenta Maternal Side Delivery Biopsy	PM	SVD	A07	GAGGAATAGCAG	GC10	GTACATACCGGT	AAA
MP07	TGTTATCGCACAGTACATACCGGT	TGCTGCCTCCCGTAGGAGT	0171PCMSBDEB1	Term	171	Placenta Maternal Side Delivery Biopsy	PM	SVD	A08	TGTTATCGCACA	GC10	GTACATACCGGT	AAA
MP08	CTTACACCAAGTGTACATACCGGT	TGCTGCCTCCCGTAGGAGT	0172PCMSBDEB1	Term	172	Placenta Maternal Side Delivery Biopsy	PM	SVD	A09	CTTACACCAAGT	GC10	GTACATACCGGT	AAA
MP09	AGTTCCCGAGTAGTACATACCGGT	TGCTGCCTCCCGTAGGAGT	0177PCMSBDEB1	Term	177	Placenta Maternal Side Delivery Biopsy	PM	SVD	A10	AGTTCCCGAGTA	GC10	GTACATACCGGT	AAA
MP10	GTACCTAATTGCGTACATACCGGT	TGCTGCCTCCCGTAGGAGT	0178PCMSBDEB1	Term	178	Placenta Maternal Side Delivery Biopsy	PM	SVD	A11	GTACCTAATTGC	GC10	GTACATACCGGT	AAA
MP11	CGTGACAATGTCGTACATACCGGT	TGCTGCCTCCCGTAGGAGT	0182PCMSBDEB1	Term	182	Placenta Maternal Side Delivery Biopsy	PM	SVD	A12	CGTGACAATGTC	GC10	GTACATACCGGT	AAA
MP12	ACGTGTACCCAAGTACATACCGGT	TGCTGCCTCCCGTAGGAGT	0186PCMSBDEB1	Term	186	Placenta Maternal Side Delivery Biopsy	PM	C-Section	B01	ACGTGTACCCAA	GC10	GTACATACCGGT	AAA
MP13	CTAGCGAACATCGTACATACCGGT	TGCTGCCTCCCGTAGGAGT	0187PCMSBDEB1	Term	187	Placenta Maternal Side Delivery Biopsy	PM	SVD	B02	CTAGCGAACATC	GC10	GTACATACCGGT	AAA
MP14	AATGCCTCAACTGTACATACCGGT	TGCTGCCTCCCGTAGGAGT	0190PCMSBDEB1	Term	190	Placenta Maternal Side Delivery Biopsy	PM	SVD	B03	AATGCCTCAACT	GC10	GTACATACCGGT	AAA
MP15	TTCCTAGGTGAGGTACATACCGGT	TGCTGCCTCCCGTAGGAGT	0191PCMSBDEB1	Term	191	Placenta Maternal Side Delivery Biopsy	PM	SVD	B04	TTCCTAGGTGAG	GC10	GTACATACCGGT	AAA
MP16	CAAGCATGCCTAGTACATACCGGT	TGCTGCCTCCCGTAGGAGT	0193PCMSBDEB1	Term	193	Placenta Maternal Side Delivery Biopsy	PM	SVD	B05	CAAGCATGCCTA	GC10	GTACATACCGGT	AAA
MP17	CAGCGGTGACATGTACATACCGGT	TGCTGCCTCCCGTAGGAGT	0195PCMSBDEB1	Term	195	Placenta Maternal Side Delivery Biopsy	PM	SVD	B07	CAGCGGTGACAT	GC10	GTACATACCGGT	AAA
MP18	TCGTCGATAATCGTACATACCGGT	TGCTGCCTCCCGTAGGAGT	0197PCMSBDEB1	Term	197	Placenta Maternal Side Delivery Biopsy	PM	SVD	B08	TCGTCGATAATC	GC10	GTACATACCGGT	AAA
MP19	TGACCTCCAAGAGTACATACCGGT	TGCTGCCTCCCGTAGGAGT	0198PCMSBDEB1	Term	198	Placenta Maternal Side Delivery Biopsy	PM	SVD	B09	TGACCTCCAAGA	GC10	GTACATACCGGT	AAA
MP20	AGCCTAAGCACGGTACATACCGGT	TGCTGCCTCCCGTAGGAGT	0201PCMSBDEB1	Term	201	Placenta Maternal Side Delivery Biopsy	PM	SVD	B10	AGCCTAAGCACG	GC10	GTACATACCGGT	AAA
MP41	TACAGATGGCTCGTATGCGCTGTA	TGCTGCCTCCCGTAGGAGT	0202PCMSBDEB2	Term	202	Placenta Maternal Side Delivery Biopsy	PM	SVD	A01	TACAGATGGCTC	GC9	GTATGCGCTGTA	AAA
MP42	TAGGAACTGGCCGTATGCGCTGTA	TGCTGCCTCCCGTAGGAGT	0146PCMSBDEB2	Term	146	Placenta Maternal Side Delivery Biopsy	PM	SVD	A02	TAGGAACTGGCC	GC9	GTATGCGCTGTA	AAA
MP43	CGCAGCGGTATAGTATGCGCTGTA	TGCTGCCTCCCGTAGGAGT	0147PCMSBDEB2	Term	147	Placenta Maternal Side Delivery Biopsy	PM	SVD	A03	CGCAGCGGTATA	GC9	GTATGCGCTGTA	AAA
MP44	GAAGTTGGAAGTGTATGCGCTGTA	TGCTGCCTCCCGTAGGAGT	0157PCMSBDEB2	Term	157	Placenta Maternal Side Delivery Biopsy	PM	SVD	A04	GAAGTTGGAAGT	GC9	GTATGCGCTGTA	AAA
MP45	GACGGAACCCATGTATGCGCTGTA	TGCTGCCTCCCGTAGGAGT	0166PCMSBDEB2	Term	166	Placenta Maternal Side Delivery Biopsy	PM	SVD	A05	GACGGAACCCAT	GC9	GTATGCGCTGTA	AAA
MP46	GAGGAATAGCAGGTATGCGCTGTA	TGCTGCCTCCCGTAGGAGT	0170PCMSBDEB2	Term	170	Placenta Maternal Side Delivery Biopsy	PM	SVD	A07	GAGGAATAGCAG	GC9	GTATGCGCTGTA	AAA
MP47	TGTTATCGCACAGTATGCGCTGTA	TGCTGCCTCCCGTAGGAGT	0171PCMSBDEB2	Term	171	Placenta Maternal Side Delivery Biopsy	PM	SVD	A08	TGTTATCGCACA	GC9	GTATGCGCTGTA	AAA
MP48	CTTACACCAAGTGTATGCGCTGTA	TGCTGCCTCCCGTAGGAGT	0172PCMSBDEB2	Term	172	Placenta Maternal Side Delivery Biopsy	PM	SVD	A09	CTTACACCAAGT	GC9	GTATGCGCTGTA	AAA
MP49	AGTTCCCGAGTAGTATGCGCTGTA	TGCTGCCTCCCGTAGGAGT	0177PCMSBDEB2	Term	177	Placenta Maternal Side Delivery Biopsy	PM	SVD	A10	AGTTCCCGAGTA	GC9	GTATGCGCTGTA	AAA
MP50	GTACCTAATTGCGTATGCGCTGTA	TGCTGCCTCCCGTAGGAGT	0178PCMSBDEB2	Term	178	Placenta Maternal Side Delivery Biopsy	PM	SVD	A11	GTACCTAATTGC	GC9	GTATGCGCTGTA	AAA
MP51	CGTGACAATGTCGTATGCGCTGTA	TGCTGCCTCCCGTAGGAGT	0182PCMSBDEB2	Term	182	Placenta Maternal Side Delivery Biopsy	PM	SVD	A12	CGTGACAATGTC	GC9	GTATGCGCTGTA	AAA
MP52	ACGTGTACCCAAGTATGCGCTGTA	TGCTGCCTCCCGTAGGAGT	0186PCMSBDEB2	Term	186	Placenta Maternal Side Delivery Biopsy	PM	C-Section	B01	ACGTGTACCCAA	GC9	GTATGCGCTGTA	AAA
MP53	CTAGCGAACATCGTATGCGCTGTA	TGCTGCCTCCCGTAGGAGT	0187PCMSBDEB2	Term	187	Placenta Maternal Side Delivery Biopsy	PM	SVD	B02	CTAGCGAACATC	GC9	GTATGCGCTGTA	AAA
MP54	AATGCCTCAACTGTATGCGCTGTA	TGCTGCCTCCCGTAGGAGT	0190PCMSBDEB2	Term	190	Placenta Maternal Side Delivery Biopsy	PM	SVD	B03	AATGCCTCAACT	GC9	GTATGCGCTGTA	AAA
MP55	TTCCTAGGTGAGGTATGCGCTGTA	TGCTGCCTCCCGTAGGAGT	0191PCMSBDEB2	Term	191	Placenta Maternal Side Delivery Biopsy	PM	SVD	B04	TTCCTAGGTGAG	GC9	GTATGCGCTGTA	AAA
MP56	CAAGCATGCCTAGTATGCGCTGTA	TGCTGCCTCCCGTAGGAGT	0193PCMSBDEB2	Term	193	Placenta Maternal Side Delivery Biopsy	PM	SVD	B05	CAAGCATGCCTA	GC9	GTATGCGCTGTA	AAA
MP57	CAGCGGTGACATGTATGCGCTGTA	TGCTGCCTCCCGTAGGAGT	0195PCMSBDEB2	Term	195	Placenta Maternal Side Delivery Biopsy	PM	SVD	B07	CAGCGGTGACAT	GC9	GTATGCGCTGTA	AAA
MP58	TCGTCGATAATCGTATGCGCTGTA	TGCTGCCTCCCGTAGGAGT	0197PCMSBDEB2	Term	197	Placenta Maternal Side Delivery Biopsy	PM	SVD	B08	TCGTCGATAATC	GC9	GTATGCGCTGTA	AAA
MP59	TGACCTCCAAGAGTATGCGCTGTA	TGCTGCCTCCCGTAGGAGT	0198PCMSBDEB2	Term	198	Placenta Maternal Side Delivery Biopsy	PM	SVD	B09	TGACCTCCAAGA	GC9	GTATGCGCTGTA	AAA
MP60	AGCCTAAGCACGGTATGCGCTGTA	TGCTGCCTCCCGTAGGAGT	0201PCMSBDEB2	Term	201	Placenta Maternal Side Delivery Biopsy	PM	SVD	B10	AGCCTAAGCACG	GC9	GTATGCGCTGTA	AAA
S01	TACAGATGGCTCAATCCGTACAGC	TGCTGCCTCCCGTAGGAGT	0202MSMBIER	Term	202	Maternal Saliva Microbiome Enrollment	S	SVD	A01	TACAGATGGCTC	GC2	AATCCGTACAGC	AAA
S02	TAGGAACTGGCCAATCCGTACAGC	TGCTGCCTCCCGTAGGAGT	0146MSMBIER	Term	146	Maternal Saliva Microbiome Enrollment	S	SVD	A02	TAGGAACTGGCC	GC2	AATCCGTACAGC	AAA
S03	CGCAGCGGTATAAATCCGTACAGC	TGCTGCCTCCCGTAGGAGT	0147MSMBIER	Term	147	Maternal Saliva Microbiome Enrollment	S	SVD	A03	CGCAGCGGTATA	GC2	AATCCGTACAGC	AAA
S04	GAAGTTGGAAGTAATCCGTACAGC	TGCTGCCTCCCGTAGGAGT	0157MSMBIER	Term	157	Maternal Saliva Microbiome Enrollment	S	SVD	A04	GAAGTTGGAAGT	GC2	AATCCGTACAGC	AAA
S05	GACGGAACCCATAATCCGTACAGC	TGCTGCCTCCCGTAGGAGT	0166MSMBIER	Term	166	Maternal Saliva Microbiome Enrollment	S	SVD	A05	GACGGAACCCAT	GC2	AATCCGTACAGC	AAA
S06	GAGGAATAGCAGAATCCGTACAGC	TGCTGCCTCCCGTAGGAGT	0170MSMBIER	Term	170	Maternal Saliva Microbiome Enrollment	S	SVD	A07	GAGGAATAGCAG	GC2	AATCCGTACAGC	AAA
S07	TGTTATCGCACAAATCCGTACAGC	TGCTGCCTCCCGTAGGAGT	0171MSMBIER	Term	171	Maternal Saliva Microbiome Enrollment	S	SVD	A08	TGTTATCGCACA	GC2	AATCCGTACAGC	AAA
S08	CTTACACCAAGTAATCCGTACAGC	TGCTGCCTCCCGTAGGAGT	0172MSMBIER	Term	172	Maternal Saliva Microbiome Enrollment	S	SVD	A09	CTTACACCAAGT	GC2	AATCCGTACAGC	AAA
S09	AGTTCCCGAGTAAATCCGTACAGC	TGCTGCCTCCCGTAGGAGT	0177MSMBIER	Term	177	Maternal Saliva Microbiome Enrollment	S	SVD	A10	AGTTCCCGAGTA	GC2	AATCCGTACAGC	AAA
S10	GTACCTAATTGCAATCCGTACAGC	TGCTGCCTCCCGTAGGAGT	0178MSMBIER	Term	178	Maternal Saliva Microbiome Enrollment	S	SVD	A11	GTACCTAATTGC	GC2	AATCCGTACAGC	AAA
S11	ACGTGTACCCAAAATCCGTACAGC	TGCTGCCTCCCGTAGGAGT	0182MSMBIER	Term	182	Maternal Saliva Microbiome Enrollment	S	SVD	B01	ACGTGTACCCAA	GC2	AATCCGTACAGC	AAA
S12	CTAGCGAACATCAATCCGTACAGC	TGCTGCCTCCCGTAGGAGT	0186MSMBIER	Term	186	Maternal Saliva Microbiome Enrollment	S	C-Section	B02	CTAGCGAACATC	GC2	AATCCGTACAGC	AAA
S13	AATGCCTCAACTAATCCGTACAGC	TGCTGCCTCCCGTAGGAGT	0187MSMBIER	Term	187	Maternal Saliva Microbiome Enrollment	S	SVD	B03	AATGCCTCAACT	GC2	AATCCGTACAGC	AAA
S14	TTCCTAGGTGAGAATCCGTACAGC	TGCTGCCTCCCGTAGGAGT	0190MSMBIER	Term	190	Maternal Saliva Microbiome Enrollment	S	SVD	B04	TTCCTAGGTGAG	GC2	AATCCGTACAGC	AAA
S15	CAAGCATGCCTAAATCCGTACAGC	TGCTGCCTCCCGTAGGAGT	0191MSMBIER	Term	191	Maternal Saliva Microbiome Enrollment	S	SVD	B05	CAAGCATGCCTA	GC2	AATCCGTACAGC	AAA
S16	CAGCGGTGACATAATCCGTACAGC	TGCTGCCTCCCGTAGGAGT	0193MSMBIER	Term	193	Maternal Saliva Microbiome Enrollment	S	SVD	B07	CAGCGGTGACAT	GC2	AATCCGTACAGC	AAA
S17	TCGTCGATAATCAATCCGTACAGC	TGCTGCCTCCCGTAGGAGT	0195MSMBIER	Term	195	Maternal Saliva Microbiome Enrollment	S	SVD	B08	TCGTCGATAATC	GC2	AATCCGTACAGC	AAA
S18	TGACCTCCAAGAAATCCGTACAGC	TGCTGCCTCCCGTAGGAGT	0197MSMBIER	Term	197	Maternal Saliva Microbiome Enrollment	S	SVD	B09	TGACCTCCAAGA	GC2	AATCCGTACAGC	AAA
S19	AGCCTAAGCACGAATCCGTACAGC	TGCTGCCTCCCGTAGGAGT	0198MSMBIER	Term	198	Maternal Saliva Microbiome Enrollment	S	SVD	B10	AGCCTAAGCACG	GC2	AATCCGTACAGC	AAA
S20	ACTCACGGTATGAATCCGTACAGC	TGCTGCCTCCCGTAGGAGT	0201MSMBIER	Term	201	Maternal Saliva Microbiome Enrollment	S	SVD	B11	ACTCACGGTATG	GC2	AATCCGTACAGC	AAA
S41	TACAGATGGCTCACACCTGGTGAT	TGCTGCCTCCCGTAGGAGT	0202MSMBIER_DUP	Term	202	Maternal Saliva Microbiome Enrollment	S	SVD	A01	TACAGATGGCTC	GC3	ACACCTGGTGAT	AAA
S42	TAGGAACTGGCCACACCTGGTGAT	TGCTGCCTCCCGTAGGAGT	0146MSMBIER_DUP	Term	146	Maternal Saliva Microbiome Enrollment	S	SVD	A02	TAGGAACTGGCC	GC3	ACACCTGGTGAT	AAA
S43	CGCAGCGGTATAACACCTGGTGAT	TGCTGCCTCCCGTAGGAGT	0147MSMBIER_DUP	Term	147	Maternal Saliva Microbiome Enrollment	S	SVD	A03	CGCAGCGGTATA	GC3	ACACCTGGTGAT	AAA
S44	GAAGTTGGAAGTACACCTGGTGAT	TGCTGCCTCCCGTAGGAGT	0157MSMBIER_DUP	Term	157	Maternal Saliva Microbiome Enrollment	S	SVD	A04	GAAGTTGGAAGT	GC3	ACACCTGGTGAT	AAA
S45	GACGGAACCCATACACCTGGTGAT	TGCTGCCTCCCGTAGGAGT	0166MSMBIER_DUP	Term	166	Maternal Saliva Microbiome Enrollment	S	SVD	A05	GACGGAACCCAT	GC3	ACACCTGGTGAT	AAA
S46	GAGGAATAGCAGACACCTGGTGAT	TGCTGCCTCCCGTAGGAGT	0170MSMBIER_DUP	Term	170	Maternal Saliva Microbiome Enrollment	S	SVD	A07	GAGGAATAGCAG	GC3	ACACCTGGTGAT	AAA
S47	TGTTATCGCACAACACCTGGTGAT	TGCTGCCTCCCGTAGGAGT	0171MSMBIER_DUP	Term	171	Maternal Saliva Microbiome Enrollment	S	SVD	A08	TGTTATCGCACA	GC3	ACACCTGGTGAT	AAA
S48	CTTACACCAAGTACACCTGGTGAT	TGCTGCCTCCCGTAGGAGT	0172MSMBIER_DUP	Term	172	Maternal Saliva Microbiome Enrollment	S	SVD	A09	CTTACACCAAGT	GC3	ACACCTGGTGAT	AAA
S49	AGTTCCCGAGTAACACCTGGTGAT	TGCTGCCTCCCGTAGGAGT	0177MSMBIER_DUP	Term	177	Maternal Saliva Microbiome Enrollment	S	SVD	A10	AGTTCCCGAGTA	GC3	ACACCTGGTGAT	AAA
S50	GTACCTAATTGCACACCTGGTGAT	TGCTGCCTCCCGTAGGAGT	0178MSMBIER_DUP	Term	178	Maternal Saliva Microbiome Enrollment	S	SVD	A11	GTACCTAATTGC	GC3	ACACCTGGTGAT	AAA
S51	CGTGACAATGTCACACCTGGTGAT	TGCTGCCTCCCGTAGGAGT	0182MSMBIER_DUP	Term	182	Maternal Saliva Microbiome Enrollment	S	SVD	A12	CGTGACAATGTC	GC3	ACACCTGGTGAT	AAA
S52	ACGTGTACCCAAACACCTGGTGAT	TGCTGCCTCCCGTAGGAGT	0186MSMBIER_DUP	Term	186	Maternal Saliva Microbiome Enrollment	S	C-Section	B01	ACGTGTACCCAA	GC3	ACACCTGGTGAT	AAA
S53	CTAGCGAACATCACACCTGGTGAT	TGCTGCCTCCCGTAGGAGT	0187MSMBIER_DUP	Term	187	Maternal Saliva Microbiome Enrollment	S	SVD	B02	CTAGCGAACATC	GC3	ACACCTGGTGAT	AAA
S54	AATGCCTCAACTACACCTGGTGAT	TGCTGCCTCCCGTAGGAGT	0190MSMBIER_DUP	Term	190	Maternal Saliva Microbiome Enrollment	S	SVD	B03	AATGCCTCAACT	GC3	ACACCTGGTGAT	AAA
S55	TTCCTAGGTGAGACACCTGGTGAT	TGCTGCCTCCCGTAGGAGT	0191MSMBIER_DUP	Term	191	Maternal Saliva Microbiome Enrollment	S	SVD	B04	TTCCTAGGTGAG	GC3	ACACCTGGTGAT	AAA
S56	CAAGCATGCCTAACACCTGGTGAT	TGCTGCCTCCCGTAGGAGT	0193MSMBIER_DUP	Term	193	Maternal Saliva Microbiome Enrollment	S	SVD	B05	CAAGCATGCCTA	GC3	ACACCTGGTGAT	AAA
S57	CAGCGGTGACATACACCTGGTGAT	TGCTGCCTCCCGTAGGAGT	0195MSMBIER_DUP	Term	195	Maternal Saliva Microbiome Enrollment	S	SVD	B07	CAGCGGTGACAT	GC3	ACACCTGGTGAT	AAA
S58	TCGTCGATAATCACACCTGGTGAT	TGCTGCCTCCCGTAGGAGT	0197MSMBIER_DUP	Term	197	Maternal Saliva Microbiome Enrollment	S	SVD	B08	TCGTCGATAATC	GC3	ACACCTGGTGAT	AAA
S59	TGACCTCCAAGAACACCTGGTGAT	TGCTGCCTCCCGTAGGAGT	0198MSMBIER_DUP	Term	198	Maternal Saliva Microbiome Enrollment	S	SVD	B09	TGACCTCCAAGA	GC3	ACACCTGGTGAT	AAA
S60	AGCCTAAGCACGACACCTGGTGAT	TGCTGCCTCCCGTAGGAGT	0201MSMBIER_DUP	Term	201	Maternal Saliva Microbiome Enrollment	S	SVD	B10	AGCCTAAGCACG	GC3	ACACCTGGTGAT	AAA
VS01	GACAGGAGATAGAATCAGTCTCGT	TGCTGCCTCCCGTAGGAGT	0202VSMBIER	Term	202	Vaginal Swab Microbiome Enrollment	VS	SVD	C02	GACAGGAGATAG	GC1	AATCAGTCTCGT	AAA
VS02	GGTGTCTATTGTAATCAGTCTCGT	TGCTGCCTCCCGTAGGAGT	0146VSMBIER	Term	146	Vaginal Swab Microbiome Enrollment	VS	SVD	C03	GGTGTCTATTGT	GC1	AATCAGTCTCGT	AAA
VS03	GCACGACAACACAATCAGTCTCGT	TGCTGCCTCCCGTAGGAGT	0147VSMBIER	Term	147	Vaginal Swab Microbiome Enrollment	VS	SVD	C04	GCACGACAACAC	GC1	AATCAGTCTCGT	AAA
VS04	CCTGAACTAGTTAATCAGTCTCGT	TGCTGCCTCCCGTAGGAGT	0157VSMBIER	Term	157	Vaginal Swab Microbiome Enrollment	VS	SVD	C05	CCTGAACTAGTT	GC1	AATCAGTCTCGT	AAA
VS05	ATCGGCGTTACAAATCAGTCTCGT	TGCTGCCTCCCGTAGGAGT	0166VSMBIER	Term	166	Vaginal Swab Microbiome Enrollment	VS	SVD	C07	ATCGGCGTTACA	GC1	AATCAGTCTCGT	AAA
VS06	ATTGGGCTAGGCAATCAGTCTCGT	TGCTGCCTCCCGTAGGAGT	0170VSMBIER	Term	170	Vaginal Swab Microbiome Enrollment	VS	SVD	C08	ATTGGGCTAGGC	GC1	AATCAGTCTCGT	AAA
VS07	ACAAGGAGGTGAAATCAGTCTCGT	TGCTGCCTCCCGTAGGAGT	0171VSMBIER	Term	171	Vaginal Swab Microbiome Enrollment	VS	SVD	C09	ACAAGGAGGTGA	GC1	AATCAGTCTCGT	AAA
VS08	ATACCTTCGGTAAATCAGTCTCGT	TGCTGCCTCCCGTAGGAGT	0172VSMBIER	Term	172	Vaginal Swab Microbiome Enrollment	VS	SVD	C10	ATACCTTCGGTA	GC1	AATCAGTCTCGT	AAA
VS09	GTCTACACACATAATCAGTCTCGT	TGCTGCCTCCCGTAGGAGT	0177VSMBIER	Term	177	Vaginal Swab Microbiome Enrollment	VS	SVD	C11	GTCTACACACAT	GC1	AATCAGTCTCGT	AAA
VS10	CCTAGTACTGATAATCAGTCTCGT	TGCTGCCTCCCGTAGGAGT	0178VSMBIER	Term	178	Vaginal Swab Microbiome Enrollment	VS	SVD	C12	CCTAGTACTGAT	GC1	AATCAGTCTCGT	AAA
VS11	CGATCCGTATTAAATCAGTCTCGT	TGCTGCCTCCCGTAGGAGT	0182VSMBIER	Term	182	Vaginal Swab Microbiome Enrollment	VS	SVD	D01	CGATCCGTATTA	GC1	AATCAGTCTCGT	AAA
VS12	ATTCCTGTGAGTAATCAGTCTCGT	TGCTGCCTCCCGTAGGAGT	0186VSMBIER	Term	186	Vaginal Swab Microbiome Enrollment	VS	C-Section	D02	ATTCCTGTGAGT	GC1	AATCAGTCTCGT	AAA
VS13	GTCAATTGACCGAATCAGTCTCGT	TGCTGCCTCCCGTAGGAGT	0187VSMBIER	Term	187	Vaginal Swab Microbiome Enrollment	VS	SVD	D03	GTCAATTGACCG	GC1	AATCAGTCTCGT	AAA
VS14	ATCGATCTGTGGAATCAGTCTCGT	TGCTGCCTCCCGTAGGAGT	0190VSMBIER	Term	190	Vaginal Swab Microbiome Enrollment	VS	SVD	D04	ATCGATCTGTGG	GC1	AATCAGTCTCGT	AAA
VS15	CTTCGGCAGAATAATCAGTCTCGT	TGCTGCCTCCCGTAGGAGT	0191VSMBIER	Term	191	Vaginal Swab Microbiome Enrollment	VS	SVD	D05	CTTCGGCAGAAT	GC1	AATCAGTCTCGT	AAA
VS16	AGATGTTCTGCTAATCAGTCTCGT	TGCTGCCTCCCGTAGGAGT	0193VSMBIER	Term	193	Vaginal Swab Microbiome Enrollment	VS	SVD	D07	AGATGTTCTGCT	GC1	AATCAGTCTCGT	AAA
VS17	ACCACATACATCAATCAGTCTCGT	TGCTGCCTCCCGTAGGAGT	0195VSMBIER	Term	195	Vaginal Swab Microbiome Enrollment	VS	SVD	D08	ACCACATACATC	GC1	AATCAGTCTCGT	AAA
VS18	TATCAGGTGTGCAATCAGTCTCGT	TGCTGCCTCCCGTAGGAGT	0197VSMBIER	Term	197	Vaginal Swab Microbiome Enrollment	VS	SVD	D09	TATCAGGTGTGC	GC1	AATCAGTCTCGT	AAA
VS19	GAATGATGAGTGAATCAGTCTCGT	TGCTGCCTCCCGTAGGAGT	0198VSMBIER	Term	198	Vaginal Swab Microbiome Enrollment	VS	SVD	D10	GAATGATGAGTG	GC1	AATCAGTCTCGT	AAA
VS20	ATACTTCGCAGGAATCAGTCTCGT	TGCTGCCTCCCGTAGGAGT	0201VSMBIER	Term	201	Vaginal Swab Microbiome Enrollment	VS	SVD	D11	ATACTTCGCAGG	GC1	AATCAGTCTCGT	AAA
AS21	TACAGATGGCTCAATCAGTCTCGT	TGCTGCCTCCCGTAGGAGT	0135 Air Swab	Preterm	135	Air Swab	AS	SVD	A01	TACAGATGGCTC	GC1	AATCAGTCTCGT	AAA
AS22	TAGGAACTGGCCAATCAGTCTCGT	TGCTGCCTCCCGTAGGAGT	0184 Air Swab	Preterm	184	Air Swab	AS	SVD	A02	TAGGAACTGGCC	GC1	AATCAGTCTCGT	AAA
AS23	CGCAGCGGTATAAATCAGTCTCGT	TGCTGCCTCCCGTAGGAGT	0192 Air Swab	Preterm	192	Air Swab	AS	SVD	A03	CGCAGCGGTATA	GC1	AATCAGTCTCGT	AAA
AS24	GAAGTTGGAAGTAATCAGTCTCGT	TGCTGCCTCCCGTAGGAGT	0207 Air Swab	Preterm	207	Air Swab	AS	SVD	A04	GAAGTTGGAAGT	GC1	AATCAGTCTCGT	AAA
AS25	GACGGAACCCATAATCAGTCTCGT	TGCTGCCTCCCGTAGGAGT	0216 Air Swab	Preterm	216	Air Swab	AS	SVD	A05	GACGGAACCCAT	GC1	AATCAGTCTCGT	AAA
AS26	GAGGAATAGCAGAATCAGTCTCGT	TGCTGCCTCCCGTAGGAGT	0224 Air Swab	Preterm	224	Air Swab	AS	SVD	A07	GAGGAATAGCAG	GC1	AATCAGTCTCGT	AAA
AS27	TGTTATCGCACAAATCAGTCTCGT	TGCTGCCTCCCGTAGGAGT	0226 Air Swab	Preterm	226	Air Swab	AS	SVD	A08	TGTTATCGCACA	GC1	AATCAGTCTCGT	AAA
AS28	CTTACACCAAGTAATCAGTCTCGT	TGCTGCCTCCCGTAGGAGT	0250 Air Swab	Preterm	250	Air Swab	AS	C-Section	A09	CTTACACCAAGT	GC1	AATCAGTCTCGT	AAA
AS29	AGTTCCCGAGTAAATCAGTCTCGT	TGCTGCCTCCCGTAGGAGT	0254 Air Swab	Preterm	254	Air Swab	AS	C-Section	A10	AGTTCCCGAGTA	GC1	AATCAGTCTCGT	AAA
AS30	GTACCTAATTGCAATCAGTCTCGT	TGCTGCCTCCCGTAGGAGT	0259 Air Swab	Preterm	259	Air Swab	AS	SVD	A11	GTACCTAATTGC	GC1	AATCAGTCTCGT	AAA
AS31	GAATCTTCGAGCAATCCGTACAGC	TGCTGCCTCCCGTAGGAGT	0262 Air Swab	Preterm	262	Air Swab	AS	SVD	F03	GAATCTTCGAGC	GC2	AATCCGTACAGC	AAA
AS32	TGAGCCGGAATCAATCCGTACAGC	TGCTGCCTCCCGTAGGAGT	0264 Air Swab	Preterm	264	Air Swab	AS	SVD	F04	TGAGCCGGAATC	GC2	AATCCGTACAGC	AAA
AS33	GTCATATCGTACAATCCGTACAGC	TGCTGCCTCCCGTAGGAGT	0265 Air Swab	Preterm	265	Air Swab	AS	C-Section	F05	GTCATATCGTAC	GC2	AATCCGTACAGC	AAA
AS34	TCCCAGAACAACAATCCGTACAGC	TGCTGCCTCCCGTAGGAGT	0267 Air Swab	Preterm	267	Air Swab	AS	C-Section	F06	TCCCAGAACAAC	GC2	AATCCGTACAGC	AAA
AS35	AATGTCCGTGACAATCCGTACAGC	TGCTGCCTCCCGTAGGAGT	0274 Air Swab	Preterm	274	Air Swab	AS	SVD	F08	AATGTCCGTGAC	GC2	AATCCGTACAGC	AAA
AS36	AATGGAGCATGAAATCCGTACAGC	TGCTGCCTCCCGTAGGAGT	0279 Air Swab	Preterm	279	Air Swab	AS	C-Section	F09	AATGGAGCATGA	GC2	AATCCGTACAGC	AAA
AS37	GCAGGATAGATAAATCCGTACAGC	TGCTGCCTCCCGTAGGAGT	0297 Air Swab	Preterm	297	Air Swab	AS	SVD	F10	GCAGGATAGATA	GC2	AATCCGTACAGC	AAA
AS38	TCTACGGAGAGCAATCCGTACAGC	TGCTGCCTCCCGTAGGAGT	0307 Air Swab	Preterm	307	Air Swab	AS	SVD	F11	TCTACGGAGAGC	GC2	AATCCGTACAGC	AAA
AS39	AATCTTGCTGCAAATCCGTACAGC	TGCTGCCTCCCGTAGGAGT	0314 Air Swab	Preterm	314	Air Swab	AS	SVD	F12	AATCTTGCTGCA	GC2	AATCCGTACAGC	AAA
AS40	CTATTTGCGACAAATCCGTACAGC	TGCTGCCTCCCGTAGGAGT	0318 Air Swab	Preterm	318	Air Swab	AS	SVD	G02	CTATTTGCGACA	GC2	AATCCGTACAGC	AAA
FP21	TCTACGGAGAGCGTACATACCGGT	TGCTGCCTCCCGTAGGAGT	0135PCFSBDEB1	Preterm	135	Placenta Fetal Side Delivery Biopsy	PF	SVD	F11	TCTACGGAGAGC	GC10	GTACATACCGGT	AAA
FP22	AATCTTGCTGCAGTACATACCGGT	TGCTGCCTCCCGTAGGAGT	0184PCFSBDEB1	Preterm	184	Placenta Fetal Side Delivery Biopsy	PF	SVD	F12	AATCTTGCTGCA	GC10	GTACATACCGGT	AAA
FP23	ACGCCACGAATGGTACATACCGGT	TGCTGCCTCCCGTAGGAGT	0192PCFSBDEB1	Preterm	192	Placenta Fetal Side Delivery Biopsy	PF	SVD	G01	ACGCCACGAATG	GC10	GTACATACCGGT	AAA
FP24	CTATTTGCGACAGTACATACCGGT	TGCTGCCTCCCGTAGGAGT	0207PCFSBDEB1	Preterm	207	Placenta Fetal Side Delivery Biopsy	PF	SVD	G02	CTATTTGCGACA	GC10	GTACATACCGGT	AAA
FP25	ACACGTAAGCCTGTACATACCGGT	TGCTGCCTCCCGTAGGAGT	0216PCFSBDEB1	Preterm	216	Placenta Fetal Side Delivery Biopsy	PF	SVD	G03	ACACGTAAGCCT	GC10	GTACATACCGGT	AAA
FP26	GCGGCAATTACGGTACATACCGGT	TGCTGCCTCCCGTAGGAGT	0224PCFSBDEB1	Preterm	224	Placenta Fetal Side Delivery Biopsy	PF	SVD	G04	GCGGCAATTACG	GC10	GTACATACCGGT	AAA
FP27	GGAAACCACCACGTACATACCGGT	TGCTGCCTCCCGTAGGAGT	0226PCFSBDEB1	Preterm	226	Placenta Fetal Side Delivery Biopsy	PF	SVD	G05	GGAAACCACCAC	GC10	GTACATACCGGT	AAA
FP28	GTACGTGGGATCGTACATACCGGT	TGCTGCCTCCCGTAGGAGT	0250PCFSBDEB1	Preterm	250	Placenta Fetal Side Delivery Biopsy	PF	C-Section	G07	GTACGTGGGATC	GC10	GTACATACCGGT	AAA
FP29	TACTTCGCTCGCGTACATACCGGT	TGCTGCCTCCCGTAGGAGT	0254PCFSBDEB1	Preterm	254	Placenta Fetal Side Delivery Biopsy	PF	C-Section	G08	TACTTCGCTCGC	GC10	GTACATACCGGT	AAA
FP30	AGCTTGACAGCTGTACATACCGGT	TGCTGCCTCCCGTAGGAGT	0259PCFSBDEB1	Preterm	259	Placenta Fetal Side Delivery Biopsy	PF	SVD	G09	AGCTTGACAGCT	GC10	GTACATACCGGT	AAA
FP31	GACTCTTGGCAAGTACATACCGGT	TGCTGCCTCCCGTAGGAGT	0262PCFSBDEB1	Preterm	262	Placenta Fetal Side Delivery Biopsy	PF	SVD	G10	GACTCTTGGCAA	GC10	GTACATACCGGT	AAA
FP32	GGTCAGCTTAACGTACATACCGGT	TGCTGCCTCCCGTAGGAGT	0264PCFSBDEB1	Preterm	264	Placenta Fetal Side Delivery Biopsy	PF	SVD	G11	GGTCAGCTTAAC	GC10	GTACATACCGGT	AAA
FP33	TGCAATGTTGCTGTACATACCGGT	TGCTGCCTCCCGTAGGAGT	0265PCFSBDEB1	Preterm	265	Placenta Fetal Side Delivery Biopsy	PF	C-Section	G12	TGCAATGTTGCT	GC10	GTACATACCGGT	AAA
FP34	GGCCACGTAGTAGTACATACCGGT	TGCTGCCTCCCGTAGGAGT	0267PCFSBDEB1	Preterm	267	Placenta Fetal Side Delivery Biopsy	PF	C-Section	H01	GGCCACGTAGTA	GC10	GTACATACCGGT	AAA
FP35	AGTAGAGGGATGGTACATACCGGT	TGCTGCCTCCCGTAGGAGT	0274PCFSBDEB1	Preterm	274	Placenta Fetal Side Delivery Biopsy	PF	SVD	H02	AGTAGAGGGATG	GC10	GTACATACCGGT	AAA
FP36	GAGTGGTAGAGAGTACATACCGGT	TGCTGCCTCCCGTAGGAGT	0279PCFSBDEB1	Preterm	279	Placenta Fetal Side Delivery Biopsy	PF	C-Section	H03	GAGTGGTAGAGA	GC10	GTACATACCGGT	AAA
FP37	GAACTAGTCACCGTACATACCGGT	TGCTGCCTCCCGTAGGAGT	0297PCFSBDEB1	Preterm	297	Placenta Fetal Side Delivery Biopsy	PF	SVD	H04	GAACTAGTCACC	GC10	GTACATACCGGT	AAA
FP38	TTGCGCATACTAGTACATACCGGT	TGCTGCCTCCCGTAGGAGT	0307PCFSBDEB1	Preterm	307	Placenta Fetal Side Delivery Biopsy	PF	SVD	H05	TTGCGCATACTA	GC10	GTACATACCGGT	AAA
FP39	GAAGAAGCGGTAGTACATACCGGT	TGCTGCCTCCCGTAGGAGT	0314PCFSBDEB1	Preterm	314	Placenta Fetal Side Delivery Biopsy	PF	SVD	H07	GAAGAAGCGGTA	GC10	GTACATACCGGT	AAA
FP40	GCTTCGGTAGATGTACATACCGGT	TGCTGCCTCCCGTAGGAGT	0318PCFSBDEB1	Preterm	318	Placenta Fetal Side Delivery Biopsy	PF	SVD	H08	GCTTCGGTAGAT	GC10	GTACATACCGGT	AAA
FP61	TCTACGGAGAGCGTATGCGCTGTA	TGCTGCCTCCCGTAGGAGT	0135PCFSBDEB2	Preterm	135	Placenta Fetal Side Delivery Biopsy	PF	SVD	F11	TCTACGGAGAGC	GC9	GTATGCGCTGTA	AAA
FP62	AATCTTGCTGCAGTATGCGCTGTA	TGCTGCCTCCCGTAGGAGT	0184PCFSBDEB2	Preterm	184	Placenta Fetal Side Delivery Biopsy	PF	SVD	F12	AATCTTGCTGCA	GC9	GTATGCGCTGTA	AAA
FP63	ACGCCACGAATGGTATGCGCTGTA	TGCTGCCTCCCGTAGGAGT	0192PCFSBDEB2	Preterm	192	Placenta Fetal Side Delivery Biopsy	PF	SVD	G01	ACGCCACGAATG	GC9	GTATGCGCTGTA	AAA
FP64	CTATTTGCGACAGTATGCGCTGTA	TGCTGCCTCCCGTAGGAGT	0207PCFSBDEB2	Preterm	207	Placenta Fetal Side Delivery Biopsy	PF	SVD	G02	CTATTTGCGACA	GC9	GTATGCGCTGTA	AAA
FP65	ACACGTAAGCCTGTATGCGCTGTA	TGCTGCCTCCCGTAGGAGT	0216PCFSBDEB2	Preterm	216	Placenta Fetal Side Delivery Biopsy	PF	SVD	G03	ACACGTAAGCCT	GC9	GTATGCGCTGTA	AAA
FP66	GCGGCAATTACGGTATGCGCTGTA	TGCTGCCTCCCGTAGGAGT	0224PCFSBDEB2	Preterm	224	Placenta Fetal Side Delivery Biopsy	PF	SVD	G04	GCGGCAATTACG	GC9	GTATGCGCTGTA	AAA
FP67	GGAAACCACCACGTATGCGCTGTA	TGCTGCCTCCCGTAGGAGT	0226PCFSBDEB2	Preterm	226	Placenta Fetal Side Delivery Biopsy	PF	SVD	G05	GGAAACCACCAC	GC9	GTATGCGCTGTA	AAA
FP68	GTACGTGGGATCGTATGCGCTGTA	TGCTGCCTCCCGTAGGAGT	0250PCFSBDEB2	Preterm	250	Placenta Fetal Side Delivery Biopsy	PF	C-Section	G07	GTACGTGGGATC	GC9	GTATGCGCTGTA	AAA
FP69	TACTTCGCTCGCGTATGCGCTGTA	TGCTGCCTCCCGTAGGAGT	0254PCFSBDEB2	Preterm	254	Placenta Fetal Side Delivery Biopsy	PF	C-Section	G08	TACTTCGCTCGC	GC9	GTATGCGCTGTA	AAA
FP70	AGCTTGACAGCTGTATGCGCTGTA	TGCTGCCTCCCGTAGGAGT	0259PCFSBDEB2	Preterm	259	Placenta Fetal Side Delivery Biopsy	PF	SVD	G09	AGCTTGACAGCT	GC9	GTATGCGCTGTA	AAA
FP71	GACTCTTGGCAAGTATGCGCTGTA	TGCTGCCTCCCGTAGGAGT	0262PCFSBDEB2	Preterm	262	Placenta Fetal Side Delivery Biopsy	PF	SVD	G10	GACTCTTGGCAA	GC9	GTATGCGCTGTA	AAA
FP72	GGTCAGCTTAACGTATGCGCTGTA	TGCTGCCTCCCGTAGGAGT	0264PCFSBDEB1	Preterm	264	Placenta Fetal Side Delivery Biopsy	PF	SVD	G11	GGTCAGCTTAAC	GC9	GTATGCGCTGTA	AAA
FP73	TGCAATGTTGCTGTATGCGCTGTA	TGCTGCCTCCCGTAGGAGT	0265PCFSBDEB2	Preterm	265	Placenta Fetal Side Delivery Biopsy	PF	C-Section	G12	TGCAATGTTGCT	GC9	GTATGCGCTGTA	AAA
FP74	GGCCACGTAGTAGTATGCGCTGTA	TGCTGCCTCCCGTAGGAGT	0267PCFSBDEB2	Preterm	267	Placenta Fetal Side Delivery Biopsy	PF	C-Section	H01	GGCCACGTAGTA	GC9	GTATGCGCTGTA	AAA
FP75	AGTAGAGGGATGGTATGCGCTGTA	TGCTGCCTCCCGTAGGAGT	0274PCFSBDEB2	Preterm	274	Placenta Fetal Side Delivery Biopsy	PF	SVD	H02	AGTAGAGGGATG	GC9	GTATGCGCTGTA	AAA
FP76	GAGTGGTAGAGAGTATGCGCTGTA	TGCTGCCTCCCGTAGGAGT	0279PCFSBDEB2	Preterm	279	Placenta Fetal Side Delivery Biopsy	PF	C-Section	H03	GAGTGGTAGAGA	GC9	GTATGCGCTGTA	AAA
FP77	GAACTAGTCACCGTATGCGCTGTA	TGCTGCCTCCCGTAGGAGT	0297PCFSBDEB2	Preterm	297	Placenta Fetal Side Delivery Biopsy	PF	SVD	H04	GAACTAGTCACC	GC9	GTATGCGCTGTA	AAA
FP78	TTGCGCATACTAGTATGCGCTGTA	TGCTGCCTCCCGTAGGAGT	0307PCFSBDEB2	Preterm	307	Placenta Fetal Side Delivery Biopsy	PF	SVD	H05	TTGCGCATACTA	GC9	GTATGCGCTGTA	AAA
FP79	GAAGAAGCGGTAGTATGCGCTGTA	TGCTGCCTCCCGTAGGAGT	0314PCFSBDEB2	Preterm	314	Placenta Fetal Side Delivery Biopsy	PF	SVD	H07	GAAGAAGCGGTA	GC9	GTATGCGCTGTA	AAA
FP80	GCTTCGGTAGATGTATGCGCTGTA	TGCTGCCTCCCGTAGGAGT	0318PCFSBDEB2	Preterm	318	Placenta Fetal Side Delivery Biopsy	PF	SVD	H08	GCTTCGGTAGAT	GC9	GTATGCGCTGTA	AAA
MP21	ACTCACGGTATGGTACATACCGGT	TGCTGCCTCCCGTAGGAGT	0135PCMSBDEB1	Preterm	135	Placenta Maternal Side Delivery Biopsy	PM	SVD	B11	ACTCACGGTATG	GC10	GTACATACCGGT	AAA
MP22	ATGGTTGTTGGCGTACATACCGGT	TGCTGCCTCCCGTAGGAGT	0184PCMSBDEB1	Preterm	184	Placenta Maternal Side Delivery Biopsy	PM	SVD	B12	ATGGTTGTTGGC	GC10	GTACATACCGGT	AAA
MP23	GACAGGAGATAGGTACATACCGGT	TGCTGCCTCCCGTAGGAGT	0192PCMSBDEB1	Preterm	192	Placenta Maternal Side Delivery Biopsy	PM	SVD	C02	GACAGGAGATAG	GC10	GTACATACCGGT	AAA
MP24	GGTGTCTATTGTGTACATACCGGT	TGCTGCCTCCCGTAGGAGT	0207PCMSBDEB1	Preterm	207	Placenta Maternal Side Delivery Biopsy	PM	SVD	C03	GGTGTCTATTGT	GC10	GTACATACCGGT	AAA
MP25	GCACGACAACACGTACATACCGGT	TGCTGCCTCCCGTAGGAGT	0216PCMSBDEB1	Preterm	216	Placenta Maternal Side Delivery Biopsy	PM	SVD	C04	GCACGACAACAC	GC10	GTACATACCGGT	AAA
MP26	CCTGAACTAGTTGTACATACCGGT	TGCTGCCTCCCGTAGGAGT	0224PCMSBDEB1	Preterm	224	Placenta Maternal Side Delivery Biopsy	PM	SVD	C05	CCTGAACTAGTT	GC10	GTACATACCGGT	AAA
MP27	ATCGGCGTTACAGTACATACCGGT	TGCTGCCTCCCGTAGGAGT	0226PCMSBDEB1	Preterm	226	Placenta Maternal Side Delivery Biopsy	PM	SVD	C07	ATCGGCGTTACA	GC10	GTACATACCGGT	AAA
MP28	ATTGGGCTAGGCGTACATACCGGT	TGCTGCCTCCCGTAGGAGT	0250PCMSBDEB1	Preterm	250	Placenta Maternal Side Delivery Biopsy	PM	C-Section	C08	ATTGGGCTAGGC	GC10	GTACATACCGGT	AAA
MP29	ACAAGGAGGTGAGTACATACCGGT	TGCTGCCTCCCGTAGGAGT	0254PCMSBDEB1	Preterm	254	Placenta Maternal Side Delivery Biopsy	PM	C-Section	C09	ACAAGGAGGTGA	GC10	GTACATACCGGT	AAA
MP30	ATACCTTCGGTAGTACATACCGGT	TGCTGCCTCCCGTAGGAGT	0259PCMSBDEB1	Preterm	259	Placenta Maternal Side Delivery Biopsy	PM	SVD	C10	ATACCTTCGGTA	GC10	GTACATACCGGT	AAA
MP31	GTCTACACACATGTACATACCGGT	TGCTGCCTCCCGTAGGAGT	0262PCMSBDEB1	Preterm	262	Placenta Maternal Side Delivery Biopsy	PM	SVD	C11	GTCTACACACAT	GC10	GTACATACCGGT	AAA
MP32	CCTAGTACTGATGTACATACCGGT	TGCTGCCTCCCGTAGGAGT	0264PCMSBDEB1	Preterm	264	Placenta Maternal Side Delivery Biopsy	PM	SVD	C12	CCTAGTACTGAT	GC10	GTACATACCGGT	AAA
MP33	CGATCCGTATTAGTACATACCGGT	TGCTGCCTCCCGTAGGAGT	0265PCMSBDEB1	Preterm	265	Placenta Maternal Side Delivery Biopsy	PM	C-Section	D01	CGATCCGTATTA	GC10	GTACATACCGGT	AAA
MP34	ATTCCTGTGAGTGTACATACCGGT	TGCTGCCTCCCGTAGGAGT	0267PCMSBDEB1	Preterm	267	Placenta Maternal Side Delivery Biopsy	PM	C-Section	D02	ATTCCTGTGAGT	GC10	GTACATACCGGT	AAA
MP35	GTCAATTGACCGGTACATACCGGT	TGCTGCCTCCCGTAGGAGT	0274PCMSBDEB1	Preterm	274	Placenta Maternal Side Delivery Biopsy	PM	SVD	D03	GTCAATTGACCG	GC10	GTACATACCGGT	AAA
MP36	ATCGATCTGTGGGTACATACCGGT	TGCTGCCTCCCGTAGGAGT	0279PCMSBDEB1	Preterm	279	Placenta Maternal Side Delivery Biopsy	PM	C-Section	D04	ATCGATCTGTGG	GC10	GTACATACCGGT	AAA
MP37	CTTCGGCAGAATGTACATACCGGT	TGCTGCCTCCCGTAGGAGT	0297PCMSBDEB1	Preterm	297	Placenta Maternal Side Delivery Biopsy	PM	SVD	D05	CTTCGGCAGAAT	GC10	GTACATACCGGT	AAA
MP38	AGATGTTCTGCTGTACATACCGGT	TGCTGCCTCCCGTAGGAGT	0307PCMSBDEB1	Preterm	307	Placenta Maternal Side Delivery Biopsy	PM	SVD	D07	AGATGTTCTGCT	GC10	GTACATACCGGT	AAA
MP39	ACCACATACATCGTACATACCGGT	TGCTGCCTCCCGTAGGAGT	0314PCMSBDEB1	Preterm	314	Placenta Maternal Side Delivery Biopsy	PM	SVD	D08	ACCACATACATC	GC10	GTACATACCGGT	AAA
MP40	TATCAGGTGTGCGTACATACCGGT	TGCTGCCTCCCGTAGGAGT	0318PCMSBDEB1	Preterm	318	Placenta Maternal Side Delivery Biopsy	PM	SVD	D09	TATCAGGTGTGC	GC10	GTACATACCGGT	AAA
MP61	ACTCACGGTATGGTATGCGCTGTA	TGCTGCCTCCCGTAGGAGT	0135PCMSBDEB2	Preterm	135	Placenta Maternal Side Delivery Biopsy	PM	SVD	B11	ACTCACGGTATG	GC9	GTATGCGCTGTA	AAA
MP62	ATGGTTGTTGGCGTATGCGCTGTA	TGCTGCCTCCCGTAGGAGT	0184PCMSBDEB2	Preterm	184	Placenta Maternal Side Delivery Biopsy	PM	SVD	B12	ATGGTTGTTGGC	GC9	GTATGCGCTGTA	AAA
MP63	GACAGGAGATAGGTATGCGCTGTA	TGCTGCCTCCCGTAGGAGT	0192PCMSBDEB2	Preterm	192	Placenta Maternal Side Delivery Biopsy	PM	SVD	C02	GACAGGAGATAG	GC9	GTATGCGCTGTA	AAA
MP64	GGTGTCTATTGTGTATGCGCTGTA	TGCTGCCTCCCGTAGGAGT	0207PCMSBDEB2	Preterm	207	Placenta Maternal Side Delivery Biopsy	PM	SVD	C03	GGTGTCTATTGT	GC9	GTATGCGCTGTA	AAA
MP65	GCACGACAACACGTATGCGCTGTA	TGCTGCCTCCCGTAGGAGT	0216PCMSBDEB2	Preterm	216	Placenta Maternal Side Delivery Biopsy	PM	SVD	C04	GCACGACAACAC	GC9	GTATGCGCTGTA	AAA
MP66	CCTGAACTAGTTGTATGCGCTGTA	TGCTGCCTCCCGTAGGAGT	0224PCMSBDEB2	Preterm	224	Placenta Maternal Side Delivery Biopsy	PM	SVD	C05	CCTGAACTAGTT	GC9	GTATGCGCTGTA	AAA
MP67	ATCGGCGTTACAGTATGCGCTGTA	TGCTGCCTCCCGTAGGAGT	0226PCMSBDEB2	Preterm	226	Placenta Maternal Side Delivery Biopsy	PM	SVD	C07	ATCGGCGTTACA	GC9	GTATGCGCTGTA	AAA
MP68	ATTGGGCTAGGCGTATGCGCTGTA	TGCTGCCTCCCGTAGGAGT	0250PCMSBDEB2	Preterm	250	Placenta Maternal Side Delivery Biopsy	PM	C-Section	C08	ATTGGGCTAGGC	GC9	GTATGCGCTGTA	AAA
MP69	ACAAGGAGGTGAGTATGCGCTGTA	TGCTGCCTCCCGTAGGAGT	0254PCMSBDEB2	Preterm	254	Placenta Maternal Side Delivery Biopsy	PM	C-Section	C09	ACAAGGAGGTGA	GC9	GTATGCGCTGTA	AAA
MP70	ATACCTTCGGTAGTATGCGCTGTA	TGCTGCCTCCCGTAGGAGT	0259PCMSBDEB2	Preterm	259	Placenta Maternal Side Delivery Biopsy	PM	SVD	C10	ATACCTTCGGTA	GC9	GTATGCGCTGTA	AAA
MP71	GTCTACACACATGTATGCGCTGTA	TGCTGCCTCCCGTAGGAGT	0262PCMSBDEB2	Preterm	262	Placenta Maternal Side Delivery Biopsy	PM	SVD	C11	GTCTACACACAT	GC9	GTATGCGCTGTA	AAA
MP72	CCTAGTACTGATGTATGCGCTGTA	TGCTGCCTCCCGTAGGAGT	0264PCMSBDEB2	Preterm	264	Placenta Maternal Side Delivery Biopsy	PM	SVD	C12	CCTAGTACTGAT	GC9	GTATGCGCTGTA	AAA
MP73	CGATCCGTATTAGTATGCGCTGTA	TGCTGCCTCCCGTAGGAGT	0265PCMSBDEB2	Preterm	265	Placenta Maternal Side Delivery Biopsy	PM	C-Section	D01	CGATCCGTATTA	GC9	GTATGCGCTGTA	AAA
MP74	ATTCCTGTGAGTGTATGCGCTGTA	TGCTGCCTCCCGTAGGAGT	0267PCMSBDEB2	Preterm	267	Placenta Maternal Side Delivery Biopsy	PM	C-Section	D02	ATTCCTGTGAGT	GC9	GTATGCGCTGTA	AAA
MP75	GTCAATTGACCGGTATGCGCTGTA	TGCTGCCTCCCGTAGGAGT	0274PCMSBDEB2	Preterm	274	Placenta Maternal Side Delivery Biopsy	PM	SVD	D03	GTCAATTGACCG	GC9	GTATGCGCTGTA	AAA
MP76	ATCGATCTGTGGGTATGCGCTGTA	TGCTGCCTCCCGTAGGAGT	0279PCMSBDEB2	Preterm	279	Placenta Maternal Side Delivery Biopsy	PM	C-Section	D04	ATCGATCTGTGG	GC9	GTATGCGCTGTA	AAA
MP77	CTTCGGCAGAATGTATGCGCTGTA	TGCTGCCTCCCGTAGGAGT	0297PCMSBDEB2	Preterm	297	Placenta Maternal Side Delivery Biopsy	PM	SVD	D05	CTTCGGCAGAAT	GC9	GTATGCGCTGTA	AAA
MP78	AGATGTTCTGCTGTATGCGCTGTA	TGCTGCCTCCCGTAGGAGT	0307PCMSBDEB2	Preterm	307	Placenta Maternal Side Delivery Biopsy	PM	SVD	D07	AGATGTTCTGCT	GC9	GTATGCGCTGTA	AAA
MP79	ACCACATACATCGTATGCGCTGTA	TGCTGCCTCCCGTAGGAGT	0314PCMSBDEB2	Preterm	314	Placenta Maternal Side Delivery Biopsy	PM	SVD	D08	ACCACATACATC	GC9	GTATGCGCTGTA	AAA
MP80	TATCAGGTGTGCGTATGCGCTGTA	TGCTGCCTCCCGTAGGAGT	0318PCMSBDEB2	Preterm	318	Placenta Maternal Side Delivery Biopsy	PM	SVD	D09	TATCAGGTGTGC	GC9	GTATGCGCTGTA	AAA
S21	GACAGGAGATAGAATCCGTACAGC	TGCTGCCTCCCGTAGGAGT	0135MSMBIER	Preterm	135	Maternal Saliva Microbiome Enrollment	S	SVD	C02	GACAGGAGATAG	GC2	AATCCGTACAGC	AAA
S22	GGTGTCTATTGTAATCCGTACAGC	TGCTGCCTCCCGTAGGAGT	0184MSMBIER	Preterm	184	Maternal Saliva Microbiome Enrollment	S	SVD	C03	GGTGTCTATTGT	GC2	AATCCGTACAGC	AAA
S23	GCACGACAACACAATCCGTACAGC	TGCTGCCTCCCGTAGGAGT	0192MSMBIER	Preterm	192	Maternal Saliva Microbiome Enrollment	S	SVD	C04	GCACGACAACAC	GC2	AATCCGTACAGC	AAA
S24	CCTGAACTAGTTAATCCGTACAGC	TGCTGCCTCCCGTAGGAGT	0207MSMBIER	Preterm	207	Maternal Saliva Microbiome Enrollment	S	SVD	C05	CCTGAACTAGTT	GC2	AATCCGTACAGC	AAA
S25	ATCGGCGTTACAAATCCGTACAGC	TGCTGCCTCCCGTAGGAGT	0216MSMBIER	Preterm	216	Maternal Saliva Microbiome Enrollment	S	SVD	C07	ATCGGCGTTACA	GC2	AATCCGTACAGC	AAA
S26	ATTGGGCTAGGCAATCCGTACAGC	TGCTGCCTCCCGTAGGAGT	0224MSMBIER	Preterm	224	Maternal Saliva Microbiome Enrollment	S	SVD	C08	ATTGGGCTAGGC	GC2	AATCCGTACAGC	AAA
S27	ACAAGGAGGTGAAATCCGTACAGC	TGCTGCCTCCCGTAGGAGT	0226MSMBIER	Preterm	226	Maternal Saliva Microbiome Enrollment	S	SVD	C09	ACAAGGAGGTGA	GC2	AATCCGTACAGC	AAA
S28	ATACCTTCGGTAAATCCGTACAGC	TGCTGCCTCCCGTAGGAGT	0250MSMBIER	Preterm	250	Maternal Saliva Microbiome Enrollment	S	C-Section	C10	ATACCTTCGGTA	GC2	AATCCGTACAGC	AAA
S29	GTCTACACACATAATCCGTACAGC	TGCTGCCTCCCGTAGGAGT	0254MSMBIER	Preterm	254	Maternal Saliva Microbiome Enrollment	S	C-Section	C11	GTCTACACACAT	GC2	AATCCGTACAGC	AAA
S30	CGATCCGTATTAAATCCGTACAGC	TGCTGCCTCCCGTAGGAGT	0259MSMBIER	Preterm	259	Maternal Saliva Microbiome Enrollment	S	SVD	D01	CGATCCGTATTA	GC2	AATCCGTACAGC	AAA
S31	ATTCCTGTGAGTAATCCGTACAGC	TGCTGCCTCCCGTAGGAGT	0262MSMBIER	Preterm	262	Maternal Saliva Microbiome Enrollment	S	SVD	D02	ATTCCTGTGAGT	GC2	AATCCGTACAGC	AAA
S32	GTCAATTGACCGAATCCGTACAGC	TGCTGCCTCCCGTAGGAGT	0264MSMBIER	Preterm	264	Maternal Saliva Microbiome Enrollment	S	SVD	D03	GTCAATTGACCG	GC2	AATCCGTACAGC	AAA
S33	ATCGATCTGTGGAATCCGTACAGC	TGCTGCCTCCCGTAGGAGT	0265MSMBIER	Preterm	265	Maternal Saliva Microbiome Enrollment	S	C-Section	D04	ATCGATCTGTGG	GC2	AATCCGTACAGC	AAA
S34	CTTCGGCAGAATAATCCGTACAGC	TGCTGCCTCCCGTAGGAGT	0267MSMBIER	Preterm	267	Maternal Saliva Microbiome Enrollment	S	C-Section	D05	CTTCGGCAGAAT	GC2	AATCCGTACAGC	AAA
S35	AGATGTTCTGCTAATCCGTACAGC	TGCTGCCTCCCGTAGGAGT	0274MSMBIER	Preterm	274	Maternal Saliva Microbiome Enrollment	S	SVD	D07	AGATGTTCTGCT	GC2	AATCCGTACAGC	AAA
S36	ACCACATACATCAATCCGTACAGC	TGCTGCCTCCCGTAGGAGT	0279MSMBIER	Preterm	279	Maternal Saliva Microbiome Enrollment	S	C-Section	D08	ACCACATACATC	GC2	AATCCGTACAGC	AAA
S37	TATCAGGTGTGCAATCCGTACAGC	TGCTGCCTCCCGTAGGAGT	0297MSMBIER	Preterm	297	Maternal Saliva Microbiome Enrollment	S	SVD	D09	TATCAGGTGTGC	GC2	AATCCGTACAGC	AAA
S38	GAATGATGAGTGAATCCGTACAGC	TGCTGCCTCCCGTAGGAGT	0307MSMBIER	Preterm	307	Maternal Saliva Microbiome Enrollment	S	SVD	D10	GAATGATGAGTG	GC2	AATCCGTACAGC	AAA
S39	ATACTTCGCAGGAATCCGTACAGC	TGCTGCCTCCCGTAGGAGT	0314MSMBIER	Preterm	314	Maternal Saliva Microbiome Enrollment	S	SVD	D11	ATACTTCGCAGG	GC2	AATCCGTACAGC	AAA
S40	ATCGCTCGAGGAAATCCGTACAGC	TGCTGCCTCCCGTAGGAGT	0318MSMBIER	Preterm	318	Maternal Saliva Microbiome Enrollment	S	SVD	D12	ATCGCTCGAGGA	GC2	AATCCGTACAGC	AAA
S61	ACTCACGGTATGACACCTGGTGAT	TGCTGCCTCCCGTAGGAGT	0135MSMBIER_DUP	Preterm	135	Maternal Saliva Microbiome Enrollment	S	SVD	B11	ACTCACGGTATG	GC3	ACACCTGGTGAT	AAA
S62	ATGGTTGTTGGCACACCTGGTGAT	TGCTGCCTCCCGTAGGAGT	0184MSMBIER_DUP	Preterm	184	Maternal Saliva Microbiome Enrollment	S	SVD	B12	ATGGTTGTTGGC	GC3	ACACCTGGTGAT	AAA
S63	GACAGGAGATAGACACCTGGTGAT	TGCTGCCTCCCGTAGGAGT	0192MSMBIER_DUP	Preterm	192	Maternal Saliva Microbiome Enrollment	S	SVD	C02	GACAGGAGATAG	GC3	ACACCTGGTGAT	AAA
S64	GGTGTCTATTGTACACCTGGTGAT	TGCTGCCTCCCGTAGGAGT	0207MSMBIER_DUP	Preterm	207	Maternal Saliva Microbiome Enrollment	S	SVD	C03	GGTGTCTATTGT	GC3	ACACCTGGTGAT	AAA
S65	GCACGACAACACACACCTGGTGAT	TGCTGCCTCCCGTAGGAGT	0216MSMBIER_DUP	Preterm	216	Maternal Saliva Microbiome Enrollment	S	SVD	C04	GCACGACAACAC	GC3	ACACCTGGTGAT	AAA
S66	CCTGAACTAGTTACACCTGGTGAT	TGCTGCCTCCCGTAGGAGT	0224MSMBIER_DUP	Preterm	224	Maternal Saliva Microbiome Enrollment	S	SVD	C05	CCTGAACTAGTT	GC3	ACACCTGGTGAT	AAA
S67	ATCGGCGTTACAACACCTGGTGAT	TGCTGCCTCCCGTAGGAGT	0226MSMBIER_DUP	Preterm	226	Maternal Saliva Microbiome Enrollment	S	SVD	C07	ATCGGCGTTACA	GC3	ACACCTGGTGAT	AAA
S68	ATTGGGCTAGGCACACCTGGTGAT	TGCTGCCTCCCGTAGGAGT	0250MSMBIER_DUP	Preterm	250	Maternal Saliva Microbiome Enrollment	S	C-Section	C08	ATTGGGCTAGGC	GC3	ACACCTGGTGAT	AAA
S69	ACAAGGAGGTGAACACCTGGTGAT	TGCTGCCTCCCGTAGGAGT	0254MSMBIER_DUP	Preterm	254	Maternal Saliva Microbiome Enrollment	S	C-Section	C09	ACAAGGAGGTGA	GC3	ACACCTGGTGAT	AAA
S70	ATACCTTCGGTAACACCTGGTGAT	TGCTGCCTCCCGTAGGAGT	0259MSMBIER_DUP	Preterm	259	Maternal Saliva Microbiome Enrollment	S	SVD	C10	ATACCTTCGGTA	GC3	ACACCTGGTGAT	AAA
S71	GTCTACACACATACACCTGGTGAT	TGCTGCCTCCCGTAGGAGT	0262MSMBIER_DUP	Preterm	262	Maternal Saliva Microbiome Enrollment	S	SVD	C11	GTCTACACACAT	GC3	ACACCTGGTGAT	AAA
S72	CCTAGTACTGATACACCTGGTGAT	TGCTGCCTCCCGTAGGAGT	0264MSMBIER_DUP	Preterm	264	Maternal Saliva Microbiome Enrollment	S	SVD	C12	CCTAGTACTGAT	GC3	ACACCTGGTGAT	AAA
S73	CGATCCGTATTAACACCTGGTGAT	TGCTGCCTCCCGTAGGAGT	0265MSMBIER_DUP	Preterm	265	Maternal Saliva Microbiome Enrollment	S	C-Section	D01	CGATCCGTATTA	GC3	ACACCTGGTGAT	AAA
S74	ATTCCTGTGAGTACACCTGGTGAT	TGCTGCCTCCCGTAGGAGT	0267MSMBIER_DUP	Preterm	267	Maternal Saliva Microbiome Enrollment	S	C-Section	D02	ATTCCTGTGAGT	GC3	ACACCTGGTGAT	AAA
S75	GTCAATTGACCGACACCTGGTGAT	TGCTGCCTCCCGTAGGAGT	0274MSMBIER_DUP	Preterm	274	Maternal Saliva Microbiome Enrollment	S	SVD	D03	GTCAATTGACCG	GC3	ACACCTGGTGAT	AAA
S76	ATCGATCTGTGGACACCTGGTGAT	TGCTGCCTCCCGTAGGAGT	0279MSMBIER_DUP	Preterm	279	Maternal Saliva Microbiome Enrollment	S	C-Section	D04	ATCGATCTGTGG	GC3	ACACCTGGTGAT	AAA
S77	CTTCGGCAGAATACACCTGGTGAT	TGCTGCCTCCCGTAGGAGT	0297MSMBIER_DUP	Preterm	297	Maternal Saliva Microbiome Enrollment	S	SVD	D05	CTTCGGCAGAAT	GC3	ACACCTGGTGAT	AAA
S78	AGATGTTCTGCTACACCTGGTGAT	TGCTGCCTCCCGTAGGAGT	0307MSMBIER_DUP	Preterm	307	Maternal Saliva Microbiome Enrollment	S	SVD	D07	AGATGTTCTGCT	GC3	ACACCTGGTGAT	AAA
S79	ACCACATACATCACACCTGGTGAT	TGCTGCCTCCCGTAGGAGT	0314MSMBIER_DUP	Preterm	314	Maternal Saliva Microbiome Enrollment	S	SVD	D08	ACCACATACATC	GC3	ACACCTGGTGAT	AAA
S80	TATCAGGTGTGCACACCTGGTGAT	TGCTGCCTCCCGTAGGAGT	0318MSMBIER_DUP	Preterm	318	Maternal Saliva Microbiome Enrollment	S	SVD	D09	TATCAGGTGTGC	GC3	ACACCTGGTGAT	AAA
VS21	ATCGCTCGAGGAAATCAGTCTCGT	TGCTGCCTCCCGTAGGAGT	0135VSMBIER	Preterm	135	Vaginal Swab Microbiome Enrollment	VS	SVD	D12	ATCGCTCGAGGA	GC1	AATCAGTCTCGT	AAA
VS22	GTCTAATTCCGAAATCAGTCTCGT	TGCTGCCTCCCGTAGGAGT	0184VSMBIER	Preterm	184	Vaginal Swab Microbiome Enrollment	VS	SVD	E01	GTCTAATTCCGA	GC1	AATCAGTCTCGT	AAA
VS23	GAGGCTCATCATAATCAGTCTCGT	TGCTGCCTCCCGTAGGAGT	0192VSMBIER	Preterm	192	Vaginal Swab Microbiome Enrollment	VS	SVD	E02	GAGGCTCATCAT	GC1	AATCAGTCTCGT	AAA
VS24	ATGAGACTCCACAATCAGTCTCGT	TGCTGCCTCCCGTAGGAGT	0207VSMBIER	Preterm	207	Vaginal Swab Microbiome Enrollment	VS	SVD	E03	ATGAGACTCCAC	GC1	AATCAGTCTCGT	AAA
VS25	CTTGTGTCGATAAATCAGTCTCGT	TGCTGCCTCCCGTAGGAGT	0216VSMBIER	Preterm	216	Vaginal Swab Microbiome Enrollment	VS	SVD	E04	CTTGTGTCGATA	GC1	AATCAGTCTCGT	AAA
VS26	ACGGGACATGCTAATCAGTCTCGT	TGCTGCCTCCCGTAGGAGT	0224VSMBIER	Preterm	224	Vaginal Swab Microbiome Enrollment	VS	SVD	E05	ACGGGACATGCT	GC1	AATCAGTCTCGT	AAA
VS27	CCACCTACTCCAAATCAGTCTCGT	TGCTGCCTCCCGTAGGAGT	0226VSMBIER	Preterm	226	Vaginal Swab Microbiome Enrollment	VS	SVD	E07	CCACCTACTCCA	GC1	AATCAGTCTCGT	AAA
VS28	AACACAAGGAGTAATCAGTCTCGT	TGCTGCCTCCCGTAGGAGT	0250VSMBIER	Preterm	250	Vaginal Swab Microbiome Enrollment	VS	C-Section	E08	AACACAAGGAGT	GC1	AATCAGTCTCGT	AAA
VS29	TGTAATTGTCGCAATCAGTCTCGT	TGCTGCCTCCCGTAGGAGT	0254VSMBIER	Preterm	254	Vaginal Swab Microbiome Enrollment	VS	C-Section	E09	TGTAATTGTCGC	GC1	AATCAGTCTCGT	AAA
VS30	CGTCCGAAATACAATCAGTCTCGT	TGCTGCCTCCCGTAGGAGT	0259VSMBIER	Preterm	259	Vaginal Swab Microbiome Enrollment	VS	SVD	E10	CGTCCGAAATAC	GC1	AATCAGTCTCGT	AAA
VS31	ATGTCGAGAGAAAATCAGTCTCGT	TGCTGCCTCCCGTAGGAGT	0262VSMBIER	Preterm	262	Vaginal Swab Microbiome Enrollment	VS	SVD	E11	ATGTCGAGAGAA	GC1	AATCAGTCTCGT	AAA
VS32	TAACGCTTGGGTAATCAGTCTCGT	TGCTGCCTCCCGTAGGAGT	0264VSMBIER	Preterm	264	Vaginal Swab Microbiome Enrollment	VS	SVD	E12	TAACGCTTGGGT	GC1	AATCAGTCTCGT	AAA
VS33	TCCGAATTCACAAATCAGTCTCGT	TGCTGCCTCCCGTAGGAGT	0265VSMBIER	Preterm	265	Vaginal Swab Microbiome Enrollment	VS	C-Section	F01	TCCGAATTCACA	GC1	AATCAGTCTCGT	AAA
VS34	TCCTCTGTCGACAATCAGTCTCGT	TGCTGCCTCCCGTAGGAGT	0267VSMBIER	Preterm	267	Vaginal Swab Microbiome Enrollment	VS	C-Section	F02	TCCTCTGTCGAC	GC1	AATCAGTCTCGT	AAA
VS35	GAATCTTCGAGCAATCAGTCTCGT	TGCTGCCTCCCGTAGGAGT	0274VSMBIER	Preterm	274	Vaginal Swab Microbiome Enrollment	VS	SVD	F03	GAATCTTCGAGC	GC1	AATCAGTCTCGT	AAA
VS36	TGAGCCGGAATCAATCAGTCTCGT	TGCTGCCTCCCGTAGGAGT	0279VSMBIER	Preterm	279	Vaginal Swab Microbiome Enrollment	VS	C-Section	F04	TGAGCCGGAATC	GC1	AATCAGTCTCGT	AAA
VS37	GTCATATCGTACAATCAGTCTCGT	TGCTGCCTCCCGTAGGAGT	0297VSMBIER	Preterm	297	Vaginal Swab Microbiome Enrollment	VS	SVD	F05	GTCATATCGTAC	GC1	AATCAGTCTCGT	AAA
VS38	GAATAGAGCCAAAATCAGTCTCGT	TGCTGCCTCCCGTAGGAGT	0307VSMBIER	Preterm	307	Vaginal Swab Microbiome Enrollment	VS	SVD	F07	GAATAGAGCCAA	GC1	AATCAGTCTCGT	AAA
VS39	AATGTCCGTGACAATCAGTCTCGT	TGCTGCCTCCCGTAGGAGT	0314VSMBIER	Preterm	314	Vaginal Swab Microbiome Enrollment	VS	SVD	F08	AATGTCCGTGAC	GC1	AATCAGTCTCGT	AAA
VS40	AATGGAGCATGAAATCAGTCTCGT	TGCTGCCTCCCGTAGGAGT	0318VSMBIER	Preterm	318	Vaginal Swab Microbiome Enrollment	VS	SVD	F09	AATGGAGCATGA	GC1	AATCAGTCTCGT	AAA

