Sample_ID,Sample_Name,Sample_Plate,Sample_Well,I7_Index_ID,index1,I5_Index_ID,index2,Sample_Project,Description
sterile.swab.20160114.rep1,,,,,GAGCCATCTGTA,,ACCGGTATGTAC,,
sterile.swab.20160114.rep2,,,,,GGCCAGTTCCTA,,ACCGGTATGTAC,,
sterile.swab.20160114.rep3,,,,,TATACCGCTGCG,,ACCGGTATGTAC,,
x02.L.SS.20140717.rep1,,,,,ACTTCCAACTTC,,ACCGGTATGTAC,,
x02.L.SS.20140717.rep2,,,,,ATGGGTTCCGTC,,ACCGGTATGTAC,,
x02.L.SS.20140717.rep3,,,,,TGCGCTGAATGT,,ACCGGTATGTAC,,
x99.L.SS.20141113.rep1,,,,,CTGCTATTCCTC,,ACCGGTATGTAC,,
x99.L.SS.20141113.rep2,,,,,TGTGCGATAACA,,ACCGGTATGTAC,,
x99.L.SS.20141113.rep3,,,,,ACTTGGTGTAAG,,ACCGGTATGTAC,,
x99.R.SS.20141113.rep1,,,,,TACTCGGGAACT,,ACCGGTATGTAC,,
x99.R.SS.20141113.rep2,,,,,GCAATTAGGTAC,,ACCGGTATGTAC,,
x99.R.SS.20141113.rep3,,,,,GACATTGTCACG,,ACCGGTATGTAC,,
x99.L.SS.20141121.rep1,,,,,TTGGGTACACGT,,ACCGGTATGTAC,,
x99.L.SS.20141121.rep2,,,,,GATGTTCGCTAG,,ACCGGTATGTAC,,
x99.L.SS.20141121.rep3,,,,,AGTTGAGGCATT,,ACCGGTATGTAC,,
x99.R.SS.20141121.rep1,,,,,CTCACCTAGGAA,,ACCGGTATGTAC,,
x99.R.SS.20141121.rep2,,,,,TAGGCATGCTTG,,ACCGGTATGTAC,,
x99.R.SS.20141121.rep3,,,,,ATGGCTGTCAGT,,ACCGGTATGTAC,,
x99.R.SS.20150108.rep1,,,,,ATGTCACCGCTG,,ACCGGTATGTAC,,
x99.R.SS.20150108.rep2,,,,,GATTATCGACGA,,ACCGGTATGTAC,,
x99.R.SS.20150108.rep3,,,,,TCTTGGAGGTCA,,ACCGGTATGTAC,,
x99.L.SS.20150303.rep1,,,,,CGTGCTTAGGCT,,ACCGGTATGTAC,,
x99.L.SS.20150303.rep2,,,,,CATACCGTGAGT,,ACCGGTATGTAC,,
x99.L.SS.20150303.rep3,,,,,GCCAACAACCAT,,ACCGGTATGTAC,,
x99.R.SS.20150303.rep1,,,,,AAGGCGCTCCTT,,ACCGGTATGTAC,,
x99.R.SS.20150303.rep2,,,,,CTATCTCCTGTC,,ACCGGTATGTAC,,
x99.R.SS.20150303.rep3,,,,,ACAATAGACACC,,ACCGGTATGTAC,,
x99.L.SS.20150312.rep1,,,,,GTGTTGTCGTGC,,ACCGGTATGTAC,,
x99.L.SS.20150312.rep2,,,,,AACTAGTTCAGG,,ACCGGTATGTAC,,
x99.L.SS.20150312.rep3,,,,,GTTCTCTTCTCG,,ACCGGTATGTAC,,
x99.R.SS.20150312.rep1,,,,,TGTAACGCCGAT,,ACCGGTATGTAC,,
x99.R.SS.20150312.rep2,,,,,GCCTAGCCCAAT,,ACCGGTATGTAC,,
x99.R.SS.20150312.rep3,,,,,TCACCTCCTTGT,,ACCGGTATGTAC,,
x99.R.SS.20150317.rep1,,,,,TACCGAAGGTAT,,ACCGGTATGTAC,,
x99.R.SS.20150317.rep2,,,,,ATGTGTGTAGAC,,ACCGGTATGTAC,,
x99.R.SS.20150317.rep3,,,,,ATCAGTACTAGG,,ACCGGTATGTAC,,
saline.20160115.rep1,,,,,TAATACGGATCG,,ACCGGTATGTAC,,
saline.20160115.rep2,,,,,ACTCACAGGAAT,,ACCGGTATGTAC,,
saline.20160115.rep3,,,,,CGGTCAATTGAC,,ACCGGTATGTAC,,
x99.L.SW.20141113.rep1,,,,,CCACAGATCGAT,,ACCGGTATGTAC,,
x99.L.SW.20141113.rep2,,,,,ATTCTGCCGAAG,,ACCGGTATGTAC,,
x99.L.SW.20141113.rep3,,,,,CGTAAGATGCCT,,ACCGGTATGTAC,,
x99.R.SW.20141113.rep1,,,,,AGCAGAACATCT,,ACCGGTATGTAC,,
x99.R.SW.20141113.rep2,,,,,GATGTATGTGGT,,ACCGGTATGTAC,,
x99.R.SW.20141113.rep3,,,,,GCACACCTGATA,,ACCGGTATGTAC,,
x99.L.SW.20141121.rep1,,,,,CACTCATCATTC,,ACCGGTATGTAC,,
x99.L.SW.20141121.rep2,,,,,CCTGCGAAGTAT,,ACCGGTATGTAC,,
x99.L.SW.20141121.rep3,,,,,TCCTCGAGCGAT,,ACCGGTATGTAC,,
x99.R.SW.20141121.rep1,,,,,TCGGAATTAGAC,,ACCGGTATGTAC,,
x99.R.SW.20141121.rep2,,,,,ATGATGAGCCTC,,ACCGGTATGTAC,,
x99.R.SW.20141121.rep3,,,,,GTGGAGTCTCAT,,ACCGGTATGTAC,,
x99.R.SW.20150108.rep1,,,,,TATCGACACAAG,,ACCGGTATGTAC,,
x99.R.SW.20150108.rep2,,,,,AGCATGTCCCGT,,ACCGGTATGTAC,,
x99.R.SW.20150108.rep3,,,,,GCGTTCTAGCTG,,ACCGGTATGTAC,,
x99.L.SW.20150303.rep1,,,,,TGGAGTAGGTGG,,ACCGGTATGTAC,,
x99.L.SW.20150303.rep2,,,,,ACTCCTTGTGTT,,ACCGGTATGTAC,,
x99.L.SW.20150303.rep3,,,,,GCGACAATTACA,,ACCGGTATGTAC,,
x99.R.SW.20150303.rep1,,,,,GTATTTCGGACG,,ACCGGTATGTAC,,
x99.R.SW.20150303.rep2,,,,,TTCTCTCGACAT,,ACCGGTATGTAC,,
x99.R.SW.20150303.rep3,,,,,ACCCAAGCGTTA,,ACCGGTATGTAC,,
x99.L.SW.20150312.rep1,,,,,TGTGAATTCGGA,,ACCGGTATGTAC,,
x99.L.SW.20150312.rep2,,,,,GTCGACAGAGGA,,ACCGGTATGTAC,,
x99.L.SW.20150312.rep3,,,,,GCTCGAAGATTC,,ACCGGTATGTAC,,
x99.R.SW.20150312.rep1,,,,,GATTCCGGCTCA,,ACCGGTATGTAC,,
x99.R.SW.20150312.rep2,,,,,GTACGATATGAC,,ACCGGTATGTAC,,
x99.R.SW.20150312.rep3,,,,,GTTGTTCTGGGA,,ACCGGTATGTAC,,
x99.L.SW.20150317.rep1,,,,,TTGGCTCTATTC,,ACCGGTATGTAC,,
x99.L.SW.20150317.rep2,,,,,GTCACGGACATT,,ACCGGTATGTAC,,
x99.L.SW.20150317.rep3,,,,,TCATGCTCCATT,,ACCGGTATGTAC,,
x99.R.SW.20150317.rep1,,,,,TATCTATCCTGC,,ACCGGTATGTAC,,
x99.R.SW.20150317.rep2,,,,,GCTCTCCGTAGA,,ACCGGTATGTAC,,
x99.R.SW.20150317.rep3,,,,,TGCAGCAAGATT,,ACCGGTATGTAC,,
water1.rep1,,,,,CATTCGTGGCGT,,ACCGGTATGTAC,,
water1.rep2,,,,,TGTCGCAAATAG,,ACCGGTATGTAC,,
water1.rep3,,,,,AGGCTTACGTGT,,ACCGGTATGTAC,,
water2.rep1,,,,,CGTAATTGCCGC,,ACCGGTATGTAC,,
water2.rep2,,,,,GTGGTGGTTTCC,,ACCGGTATGTAC,,
water2.rep3,,,,,GGACTTCCAGCT,,ACCGGTATGTAC,,
sterile.swab.20160113.rep1,,,,,GAGCCATCTGTA,,AATTGTGTCGGA,,
sterile.swab.20160113.rep2,,,,,GGCCAGTTCCTA,,AATTGTGTCGGA,,
sterile.swab.20160113.rep3,,,,,TATACCGCTGCG,,AATTGTGTCGGA,,
x720.L.SS.20140313.rep1,,,,,ACTTCCAACTTC,,AATTGTGTCGGA,,
x720.L.SS.20140313.rep2,,,,,ATGGGTTCCGTC,,AATTGTGTCGGA,,
x720.L.SS.20140313.rep3,,,,,TGCGCTGAATGT,,AATTGTGTCGGA,,
x720.R.SS.20140313.rep1,,,,,CTGCTATTCCTC,,AATTGTGTCGGA,,
x720.R.SS.20140313.rep2,,,,,TGTGCGATAACA,,AATTGTGTCGGA,,
x720.R.SS.20140313.rep3,,,,,ACTTGGTGTAAG,,AATTGTGTCGGA,,
x18.L.SS.20140318.rep1,,,,,TACTCGGGAACT,,AATTGTGTCGGA,,
x18.L.SS.20140318.rep2,,,,,GCAATTAGGTAC,,AATTGTGTCGGA,,
x18.L.SS.20140318.rep3,,,,,GACATTGTCACG,,AATTGTGTCGGA,,
x18.L.SS.20140401.rep1,,,,,TTGGGTACACGT,,AATTGTGTCGGA,,
x18.L.SS.20140401.rep2,,,,,GATGTTCGCTAG,,AATTGTGTCGGA,,
x18.L.SS.20140401.rep3,,,,,AGTTGAGGCATT,,AATTGTGTCGGA,,
x18.L.SS.20140410.rep1,,,,,CTCACCTAGGAA,,AATTGTGTCGGA,,
x18.L.SS.20140410.rep2,,,,,TAGGCATGCTTG,,AATTGTGTCGGA,,
x18.L.SS.20140410.rep3,,,,,ATGGCTGTCAGT,,AATTGTGTCGGA,,
x18.L.SS.20140523.rep1,,,,,ATGTCACCGCTG,,AATTGTGTCGGA,,
x18.L.SS.20140523.rep2,,,,,GATTATCGACGA,,AATTGTGTCGGA,,
x18.L.SS.20140523.rep3,,,,,TCTTGGAGGTCA,,AATTGTGTCGGA,,
x48.L.SS.20141017.rep1,,,,,CGTGCTTAGGCT,,AATTGTGTCGGA,,
x48.L.SS.20141017.rep2,,,,,CATACCGTGAGT,,AATTGTGTCGGA,,
x48.L.SS.20141017.rep3,,,,,GCCAACAACCAT,,AATTGTGTCGGA,,
sterile.swab.20160321.rep1,,,,,AAGGCGCTCCTT,,AATTGTGTCGGA,,
sterile.swab.20160321.rep2,,,,,CTATCTCCTGTC,,AATTGTGTCGGA,,
sterile.swab.20160321.rep3,,,,,ACAATAGACACC,,AATTGTGTCGGA,,
x18.L.SS.20141204.rep1,,,,,GTGTTGTCGTGC,,AATTGTGTCGGA,,
x18.L.SS.20141204.rep2,,,,,AACTAGTTCAGG,,AATTGTGTCGGA,,
x18.L.SS.20141204.rep3,,,,,GTTCTCTTCTCG,,AATTGTGTCGGA,,
x48.L.SS.20150423.rep1,,,,,TGTAACGCCGAT,,AATTGTGTCGGA,,
x48.L.SS.20150423.rep2,,,,,GCCTAGCCCAAT,,AATTGTGTCGGA,,
x48.L.SS.20150423.rep3,,,,,TCACCTCCTTGT,,AATTGTGTCGGA,,
x777.R.SS.20150210.rep1,,,,,TACCGAAGGTAT,,AATTGTGTCGGA,,
x777.R.SS.20150210.rep2,,,,,ATGTGTGTAGAC,,AATTGTGTCGGA,,
x777.R.SS.20150210.rep3,,,,,ATCAGTACTAGG,,AATTGTGTCGGA,,
x777.R.SS.20150313.rep1,,,,,TAATACGGATCG,,AATTGTGTCGGA,,
x777.R.SS.20150313.rep2,,,,,ACTCACAGGAAT,,AATTGTGTCGGA,,
x777.R.SS.20150313.rep3,,,,,CGGTCAATTGAC,,AATTGTGTCGGA,,
x778.L.SS.20151027.rep1,,,,,CCACAGATCGAT,,AATTGTGTCGGA,,
x778.L.SS.20151027.rep2,,,,,ATTCTGCCGAAG,,AATTGTGTCGGA,,
x778.L.SS.20151027.rep3,,,,,CGTAAGATGCCT,,AATTGTGTCGGA,,
x895.R.SS.20151021.rep1,,,,,AGCAGAACATCT,,AATTGTGTCGGA,,
x895.R.SS.20151021.rep2,,,,,GATGTATGTGGT,,AATTGTGTCGGA,,
x895.R.SS.20151021.rep3,,,,,GCACACCTGATA,,AATTGTGTCGGA,,
x895.R.SS.20151216.rep1,,,,,CACTCATCATTC,,AATTGTGTCGGA,,
x895.R.SS.20151216.rep2,,,,,CCTGCGAAGTAT,,AATTGTGTCGGA,,
x895.R.SS.20151216.rep3,,,,,TCCTCGAGCGAT,,AATTGTGTCGGA,,
water3.rep1,,,,,TCGGAATTAGAC,,AATTGTGTCGGA,,
water3.rep2,,,,,ATGATGAGCCTC,,AATTGTGTCGGA,,
water3.rep3,,,,,GTGGAGTCTCAT,,AATTGTGTCGGA,,
water4.rep1,,,,,TATCGACACAAG,,AATTGTGTCGGA,,
water4.rep2,,,,,AGCATGTCCCGT,,AATTGTGTCGGA,,
water4.rep3,,,,,GCGTTCTAGCTG,,AATTGTGTCGGA,,
saline.20170130.rep1,,,,,GAGCCATCTGTA,,ATCCTTTGGTTC,,
saline.20170130.rep2,,,,,GGCCAGTTCCTA,,ATCCTTTGGTTC,,
saline.20170130.rep3,,,,,TATACCGCTGCG,,ATCCTTTGGTTC,,
x99.scope.20150519.rep1,,,,,ACTTCCAACTTC,,ATCCTTTGGTTC,,
x99.scope.20150519.rep2,,,,,ATGGGTTCCGTC,,ATCCTTTGGTTC,,
x99.scope.20150519.rep3,,,,,TGCGCTGAATGT,,ATCCTTTGGTTC,,
x99.R.SW.20141027.rep1,,,,,CTGCTATTCCTC,,ATCCTTTGGTTC,,
x99.R.SW.20141027.rep2,,,,,TGTGCGATAACA,,ATCCTTTGGTTC,,
x99.R.SW.20141027.rep3,,,,,ACTTGGTGTAAG,,ATCCTTTGGTTC,,
x99.L.SW.20150519.rep1,,,,,TACTCGGGAACT,,ATCCTTTGGTTC,,
x99.L.SW.20150519.rep2,,,,,GCAATTAGGTAC,,ATCCTTTGGTTC,,
x99.L.SW.20150519.rep3,,,,,GACATTGTCACG,,ATCCTTTGGTTC,,
x99.mix.SW.20150526.rep1,,,,,TTGGGTACACGT,,ATCCTTTGGTTC,,
x99.mix.SW.20150526.rep2,,,,,GATGTTCGCTAG,,ATCCTTTGGTTC,,
x99.mix.SW.20150526.rep3,,,,,AGTTGAGGCATT,,ATCCTTTGGTTC,,
x99.L.SW.20150623.rep1,,,,,CTCACCTAGGAA,,ATCCTTTGGTTC,,
x99.L.SW.20150623.rep2,,,,,TAGGCATGCTTG,,ATCCTTTGGTTC,,
x99.L.SW.20150623.rep3,,,,,ATGGCTGTCAGT,,ATCCTTTGGTTC,,
x99.mix.SW.20150721.rep1,,,,,ATGTCACCGCTG,,ATCCTTTGGTTC,,
x99.mix.SW.20150721.rep2,,,,,GATTATCGACGA,,ATCCTTTGGTTC,,
x99.mix.SW.20150721.rep3,,,,,TCTTGGAGGTCA,,ATCCTTTGGTTC,,
x99.L.SW.20150804.rep1,,,,,CGTGCTTAGGCT,,ATCCTTTGGTTC,,
x99.L.SW.20150804.rep2,,,,,CATACCGTGAGT,,ATCCTTTGGTTC,,
x99.L.SW.20150804.rep3,,,,,GCCAACAACCAT,,ATCCTTTGGTTC,,
saline.20170201.rep1,,,,,AAGGCGCTCCTT,,ATCCTTTGGTTC,,
saline.20170201.rep2,,,,,CTATCTCCTGTC,,ATCCTTTGGTTC,,
saline.20170201.rep3,,,,,ACAATAGACACC,,ATCCTTTGGTTC,,
x99.L.SW.20141209.rep1,,,,,GTGTTGTCGTGC,,ATCCTTTGGTTC,,
x99.L.SW.20141209.rep2,,,,,AACTAGTTCAGG,,ATCCTTTGGTTC,,
x99.L.SW.20141209.rep3,,,,,GTTCTCTTCTCG,,ATCCTTTGGTTC,,
x99.R.SW.20141209.rep1,,,,,TGTAACGCCGAT,,ATCCTTTGGTTC,,
x99.R.SW.20141209.rep2,,,,,GCCTAGCCCAAT,,ATCCTTTGGTTC,,
x99.R.SW.20141209.rep3,,,,,TCACCTCCTTGT,,ATCCTTTGGTTC,,
x99.mix.SW.20150129.rep1,,,,,TACCGAAGGTAT,,ATCCTTTGGTTC,,
x99.mix.SW.20150129.rep2,,,,,ATGTGTGTAGAC,,ATCCTTTGGTTC,,
x99.mix.SW.20150129.rep3,,,,,ATCAGTACTAGG,,ATCCTTTGGTTC,,
x99.L.SW.20150205.rep1,,,,,TAATACGGATCG,,ATCCTTTGGTTC,,
x99.L.SW.20150205.rep2,,,,,ACTCACAGGAAT,,ATCCTTTGGTTC,,
x99.L.SW.20150205.rep3,,,,,CGGTCAATTGAC,,ATCCTTTGGTTC,,
x99.R.SW.20150205.rep1,,,,,CCACAGATCGAT,,ATCCTTTGGTTC,,
x99.R.SW.20150205.rep2,,,,,ATTCTGCCGAAG,,ATCCTTTGGTTC,,
x99.R.SW.20150205.rep3,,,,,CGTAAGATGCCT,,ATCCTTTGGTTC,,
x99.L.SW.20150212.rep1,,,,,AGCAGAACATCT,,ATCCTTTGGTTC,,
x99.L.SW.20150212.rep2,,,,,GATGTATGTGGT,,ATCCTTTGGTTC,,
x99.L.SW.20150212.rep3,,,,,GCACACCTGATA,,ATCCTTTGGTTC,,
x99.mix.SW.20150212.rep1,,,,,CACTCATCATTC,,ATCCTTTGGTTC,,
x99.mix.SW.20150212.rep2,,,,,CCTGCGAAGTAT,,ATCCTTTGGTTC,,
x99.mix.SW.20150212.rep3,,,,,TCCTCGAGCGAT,,ATCCTTTGGTTC,,
x99.mix.SW.20150224.rep1,,,,,TCGGAATTAGAC,,ATCCTTTGGTTC,,
x99.mix.SW.20150224.rep2,,,,,ATGATGAGCCTC,,ATCCTTTGGTTC,,
x99.mix.SW.20150224.rep3,,,,,GTGGAGTCTCAT,,ATCCTTTGGTTC,,
xOW00000.rep1,,,,,TATCGACACAAG,,ATCCTTTGGTTC,,
xOW00000.rep2,,,,,AGCATGTCCCGT,,ATCCTTTGGTTC,,
xOW00000.rep3,,,,,GCGTTCTAGCTG,,ATCCTTTGGTTC,,
sterileswab.20170220.rep1,,,,,TGGAGTAGGTGG,,ATCCTTTGGTTC,,
sterileswab.20170220.rep2,,,,,ACTCCTTGTGTT,,ATCCTTTGGTTC,,
sterileswab.20170220.rep3,,,,,GCGACAATTACA,,ATCCTTTGGTTC,,
x02.L.SS.20140717.run2.rep1,,,,,GTATTTCGGACG,,ATCCTTTGGTTC,,
x02.L.SS.20140717.run2.rep2,,,,,TTCTCTCGACAT,,ATCCTTTGGTTC,,
x02.L.SS.20140717.run2.rep3,,,,,ACCCAAGCGTTA,,ATCCTTTGGTTC,,
x79.L.SS.20160407.rep1,,,,,TGTGAATTCGGA,,ATCCTTTGGTTC,,
x79.L.SS.20160407.rep2,,,,,GTCGACAGAGGA,,ATCCTTTGGTTC,,
x79.L.SS.20160407.rep3,,,,,GCTCGAAGATTC,,ATCCTTTGGTTC,,
x937.R.SS.20160826.rep1,,,,,GATTCCGGCTCA,,ATCCTTTGGTTC,,
x937.R.SS.20160826.rep2,,,,,GTACGATATGAC,,ATCCTTTGGTTC,,
x937.R.SS.20160826.rep3,,,,,GTTGTTCTGGGA,,ATCCTTTGGTTC,,
x985.R.SS.20160621.rep1,,,,,TTGGCTCTATTC,,ATCCTTTGGTTC,,
x985.R.SS.20160621.rep2,,,,,GTCACGGACATT,,ATCCTTTGGTTC,,
x985.R.SS.20160621.rep3,,,,,TCATGCTCCATT,,ATCCTTTGGTTC,,
x988.R.SS.20160121.rep1,,,,,TATCTATCCTGC,,ATCCTTTGGTTC,,
x988.R.SS.20160121.rep2,,,,,GCTCTCCGTAGA,,ATCCTTTGGTTC,,
x988.R.SS.20160121.rep3,,,,,TGCAGCAAGATT,,ATCCTTTGGTTC,,
x988.R.SS.20160211.rep1,,,,,CATTCGTGGCGT,,ATCCTTTGGTTC,,
x988.R.SS.20160211.rep2,,,,,TGTCGCAAATAG,,ATCCTTTGGTTC,,
x988.R.SS.20160211.rep3,,,,,AGGCTTACGTGT,,ATCCTTTGGTTC,,
x988.R.SS.20160224.rep1,,,,,CGTAATTGCCGC,,ATCCTTTGGTTC,,
x988.R.SS.20160224.rep2,,,,,GTGGTGGTTTCC,,ATCCTTTGGTTC,,
x988.R.SS.20160224.rep3,,,,,GGACTTCCAGCT,,ATCCTTTGGTTC,,
x988.L.SS.20160224.rep1,,,,,GATCCCACGTAC,,ATCCTTTGGTTC,,
x988.L.SS.20160224.rep2,,,,,GCGAGCGAAGTA,,ATCCTTTGGTTC,,
x988.L.SS.20160224.rep3,,,,,AGCTGTCAAGCT,,ATCCTTTGGTTC,,
x988.L.SS.20160303.rep1,,,,,TTGCCAAGAGTC,,ATCCTTTGGTTC,,
x988.L.SS.20160303.rep2,,,,,GTTAAGCTGACC,,ATCCTTTGGTTC,,
x988.L.SS.20160303.rep3,,,,,AGCAACATTGCA,,ATCCTTTGGTTC,,
x988.L.SS.20160309.rep1,,,,,TACTACGTGGCC,,ATCCTTTGGTTC,,
x988.L.SS.20160309.rep2,,,,,CATCCCTCTACT,,ATCCTTTGGTTC,,
x988.L.SS.20160309.rep3,,,,,TCTCTACCACTC,,ATCCTTTGGTTC,,
x1000.L.SS.20160914.rep1,,,,,GGTGACTAGTTC,,ATCCTTTGGTTC,,
x1000.L.SS.20160914.rep2,,,,,TAGTATGCGCAA,,ATCCTTTGGTTC,,
x1000.L.SS.20160914.rep3,,,,,CTCACAACCGTG,,ATCCTTTGGTTC,,
water5.rep1,,,,,AGTAGCGGAAGA,,ATCCTTTGGTTC,,
water5.rep2,,,,,ATGCCATGCCGT,,ATCCTTTGGTTC,,
water5.rep3,,,,,GATGTGGTGTTA,,ATCCTTTGGTTC,,
sterileswab.20170221.rep1,,,,,GAGCCATCTGTA,,AGCGGAGGTTAG,,
sterileswab.20170221.rep2,,,,,GGCCAGTTCCTA,,AGCGGAGGTTAG,,
sterileswab.20170221.rep3,,,,,TATACCGCTGCG,,AGCGGAGGTTAG,,
x991.R.SS.20160421.rep1,,,,,ACTTCCAACTTC,,AGCGGAGGTTAG,,
x991.R.SS.20160421.rep2,,,,,ATGGGTTCCGTC,,AGCGGAGGTTAG,,
x991.R.SS.20160421.rep3,,,,,TGCGCTGAATGT,,AGCGGAGGTTAG,,
x991.L.SS.1.20160621.rep1,,,,,CTGCTATTCCTC,,AGCGGAGGTTAG,,
x991.L.SS.1.20160621.rep2,,,,,TGTGCGATAACA,,AGCGGAGGTTAG,,
x991.L.SS.1.20160621.rep3,,,,,ACTTGGTGTAAG,,AGCGGAGGTTAG,,
x991.L.SS.2.20160621.rep1,,,,,TACTCGGGAACT,,AGCGGAGGTTAG,,
x991.L.SS.2.20160621.rep2,,,,,GCAATTAGGTAC,,AGCGGAGGTTAG,,
x991.L.SS.2.20160621.rep3,,,,,GACATTGTCACG,,AGCGGAGGTTAG,,
x991.L.SS.20160818.rep1,,,,,TTGGGTACACGT,,AGCGGAGGTTAG,,
x991.L.SS.20160818.rep2,,,,,GATGTTCGCTAG,,AGCGGAGGTTAG,,
x991.L.SS.20160818.rep3,,,,,AGTTGAGGCATT,,AGCGGAGGTTAG,,
x877.R.SS.20161101.rep1,,,,,CTCACCTAGGAA,,AGCGGAGGTTAG,,
x877.R.SS.20161101.rep2,,,,,TAGGCATGCTTG,,AGCGGAGGTTAG,,
x877.R.SS.20161101.rep3,,,,,ATGGCTGTCAGT,,AGCGGAGGTTAG,,
x935.L.SS.20160916.rep1,,,,,ATGTCACCGCTG,,AGCGGAGGTTAG,,
x935.L.SS.20160916.rep2,,,,,GATTATCGACGA,,AGCGGAGGTTAG,,
x935.L.SS.20160916.rep3,,,,,TCTTGGAGGTCA,,AGCGGAGGTTAG,,
x935.R.SS.20160916.rep1,,,,,CGTGCTTAGGCT,,AGCGGAGGTTAG,,
x935.R.SS.20160916.rep2,,,,,CATACCGTGAGT,,AGCGGAGGTTAG,,
x935.R.SS.20160916.rep3,,,,,GCCAACAACCAT,,AGCGGAGGTTAG,,
x991.L.SS.20161027.rep1,,,,,AAGGCGCTCCTT,,AGCGGAGGTTAG,,
x991.L.SS.20161027.rep2,,,,,CTATCTCCTGTC,,AGCGGAGGTTAG,,
x991.L.SS.20161027.rep3,,,,,ACAATAGACACC,,AGCGGAGGTTAG,,
x8001.R.SS.20160229.rep1,,,,,GTGTTGTCGTGC,,AGCGGAGGTTAG,,
x8001.R.SS.20160229.rep2,,,,,AACTAGTTCAGG,,AGCGGAGGTTAG,,
x8001.R.SS.20160229.rep3,,,,,GTTCTCTTCTCG,,AGCGGAGGTTAG,,
x8001.L.SS.20160229.rep1,,,,,TGTAACGCCGAT,,AGCGGAGGTTAG,,
x8001.L.SS.20160229.rep2,,,,,GCCTAGCCCAAT,,AGCGGAGGTTAG,,
x8001.L.SS.20160229.rep3,,,,,TCACCTCCTTGT,,AGCGGAGGTTAG,,
x8002.SS.20160617.rep1,,,,,TACCGAAGGTAT,,AGCGGAGGTTAG,,
x8002.SS.20160617.rep2,,,,,ATGTGTGTAGAC,,AGCGGAGGTTAG,,
x8002.SS.20160617.rep3,,,,,ATCAGTACTAGG,,AGCGGAGGTTAG,,
x8003.SS.20161031.rep1,,,,,TAATACGGATCG,,AGCGGAGGTTAG,,
x8003.SS.20161031.rep2,,,,,ACTCACAGGAAT,,AGCGGAGGTTAG,,
x8003.SS.20161031.rep3,,,,,CGGTCAATTGAC,,AGCGGAGGTTAG,,
x8004.R.SS.20161102.rep1,,,,,CCACAGATCGAT,,AGCGGAGGTTAG,,
x8004.R.SS.20161102.rep2,,,,,ATTCTGCCGAAG,,AGCGGAGGTTAG,,
x8004.R.SS.20161102.rep3,,,,,CGTAAGATGCCT,,AGCGGAGGTTAG,,
saline.20170223.rep1,,,,,AGCAGAACATCT,,AGCGGAGGTTAG,,
saline.20170223.rep2,,,,,GATGTATGTGGT,,AGCGGAGGTTAG,,
saline.20170223.rep3,,,,,GCACACCTGATA,,AGCGGAGGTTAG,,
x79.scope.20160407.rep1,,,,,CACTCATCATTC,,AGCGGAGGTTAG,,
x79.scope.20160407.rep2,,,,,CCTGCGAAGTAT,,AGCGGAGGTTAG,,
x79.scope.20160407.rep3,,,,,TCCTCGAGCGAT,,AGCGGAGGTTAG,,
x877.scope.20161101.rep1,,,,,TCGGAATTAGAC,,AGCGGAGGTTAG,,
x877.scope.20161101.rep2,,,,,ATGATGAGCCTC,,AGCGGAGGTTAG,,
x877.scope.20161101.rep3,,,,,GTGGAGTCTCAT,,AGCGGAGGTTAG,,
x1000.scope.20160914.rep1,,,,,TATCGACACAAG,,AGCGGAGGTTAG,,
x1000.scope.20160914.rep2,,,,,AGCATGTCCCGT,,AGCGGAGGTTAG,,
x1000.scope.20160914.rep3,,,,,GCGTTCTAGCTG,,AGCGGAGGTTAG,,
x48.scope.20150423.rep1,,,,,TGGAGTAGGTGG,,AGCGGAGGTTAG,,
x48.scope.20150423.rep2,,,,,ACTCCTTGTGTT,,AGCGGAGGTTAG,,
x48.scope.20150423.rep3,,,,,GCGACAATTACA,,AGCGGAGGTTAG,,
x79.BAL.20160407.rep1,,,,,GTATTTCGGACG,,AGCGGAGGTTAG,,
x79.BAL.20160407.rep2,,,,,TTCTCTCGACAT,,AGCGGAGGTTAG,,
x79.BAL.20160407.rep3,,,,,ACCCAAGCGTTA,,AGCGGAGGTTAG,,
x877.BAL.20161101.rep1,,,,,TGTGAATTCGGA,,AGCGGAGGTTAG,,
x877.BAL.20161101.rep2,,,,,GTCGACAGAGGA,,AGCGGAGGTTAG,,
x877.BAL.20161101.rep3,,,,,GCTCGAAGATTC,,AGCGGAGGTTAG,,
x1000.BAL.20160914.rep1,,,,,GATTCCGGCTCA,,AGCGGAGGTTAG,,
x1000.BAL.20160914.rep2,,,,,GTACGATATGAC,,AGCGGAGGTTAG,,
x1000.BAL.20160914.rep3,,,,,GTTGTTCTGGGA,,AGCGGAGGTTAG,,
x48.BAL.20150423.rep1,,,,,TTGGCTCTATTC,,AGCGGAGGTTAG,,
x48.BAL.20150423.rep2,,,,,GTCACGGACATT,,AGCGGAGGTTAG,,
x48.BAL.20150423.rep3,,,,,TCATGCTCCATT,,AGCGGAGGTTAG,,
x8001.R.SW.20160229.rep1,,,,,TATCTATCCTGC,,AGCGGAGGTTAG,,
x8001.R.SW.20160229.rep2,,,,,GCTCTCCGTAGA,,AGCGGAGGTTAG,,
x8001.R.SW.20160229.rep3,,,,,TGCAGCAAGATT,,AGCGGAGGTTAG,,
x8001.L.SW.20160229.rep1,,,,,CATTCGTGGCGT,,AGCGGAGGTTAG,,
x8001.L.SW.20160229.rep2,,,,,TGTCGCAAATAG,,AGCGGAGGTTAG,,
x8001.L.SW.20160229.rep3,,,,,AGGCTTACGTGT,,AGCGGAGGTTAG,,
x8002.SW.20160617.rep1,,,,,CGTAATTGCCGC,,AGCGGAGGTTAG,,
x8002.SW.20160617.rep2,,,,,GTGGTGGTTTCC,,AGCGGAGGTTAG,,
x8002.SW.20160617.rep3,,,,,GGACTTCCAGCT,,AGCGGAGGTTAG,,
x8003.SW.20161031.rep1,,,,,GATCCCACGTAC,,AGCGGAGGTTAG,,
x8003.SW.20161031.rep2,,,,,GCGAGCGAAGTA,,AGCGGAGGTTAG,,
x8003.SW.20161031.rep3,,,,,AGCTGTCAAGCT,,AGCGGAGGTTAG,,
x8004.R.SW.20161102.rep1,,,,,TTGCCAAGAGTC,,AGCGGAGGTTAG,,
x8004.R.SW.20161102.rep2,,,,,GTTAAGCTGACC,,AGCGGAGGTTAG,,
x8004.R.SW.20161102.rep3,,,,,AGCAACATTGCA,,AGCGGAGGTTAG,,
x48.wash1.20141017.rep1,,,,,TACTACGTGGCC,,AGCGGAGGTTAG,,
x48.wash1.20141017.rep2,,,,,CATCCCTCTACT,,AGCGGAGGTTAG,,
x48.wash1.20141017.rep3,,,,,TCTCTACCACTC,,AGCGGAGGTTAG,,
x48.wash2.20141017.rep1,,,,,GGTGACTAGTTC,,AGCGGAGGTTAG,,
x48.wash2.20141017.rep2,,,,,TAGTATGCGCAA,,AGCGGAGGTTAG,,
x48.wash2.20141017.rep3,,,,,CTCACAACCGTG,,AGCGGAGGTTAG,,
x48.L.SW.20150423.rep1,,,,,TACCGCTTCTTC,,AGCGGAGGTTAG,,
x48.L.SW.20150423.rep2,,,,,ATCTACCGAAGC,,AGCGGAGGTTAG,,
x48.L.SW.20150423.rep3,,,,,GAGAGCAACAGA,,AGCGGAGGTTAG,,
water6.rep1,,,,,AGTAGCGGAAGA,,AGCGGAGGTTAG,,
water6.rep2,,,,,ATGCCATGCCGT,,AGCGGAGGTTAG,,
water6.rep3,,,,,GATGTGGTGTTA,,AGCGGAGGTTAG,,
saline.20170224.rep1,,,,,GAGCCATCTGTA,,ATCGCACAGTAA,,
saline.20170224.rep2,,,,,GGCCAGTTCCTA,,ATCGCACAGTAA,,
saline.20170224.rep3,,,,,TATACCGCTGCG,,ATCGCACAGTAA,,
x79.L.SW.20160407.rep1,,,,,ACTTCCAACTTC,,ATCGCACAGTAA,,
x79.L.SW.20160407.rep2,,,,,ATGGGTTCCGTC,,ATCGCACAGTAA,,
x79.L.SW.20160407.rep3,,,,,TGCGCTGAATGT,,ATCGCACAGTAA,,
x18.L.SW.20140318.rep1,,,,,CTGCTATTCCTC,,ATCGCACAGTAA,,
x18.L.SW.20140318.rep2,,,,,TGTGCGATAACA,,ATCGCACAGTAA,,
x18.L.SW.20140318.rep3,,,,,ACTTGGTGTAAG,,ATCGCACAGTAA,,
x18.L.SW.20140401.rep1,,,,,TACTCGGGAACT,,ATCGCACAGTAA,,
x18.L.SW.20140401.rep2,,,,,GCAATTAGGTAC,,ATCGCACAGTAA,,
x18.L.SW.20140401.rep3,,,,,GACATTGTCACG,,ATCGCACAGTAA,,
x18.SW.20140401.rep1,,,,,TTGGGTACACGT,,ATCGCACAGTAA,,
x18.SW.20140401.rep2,,,,,GATGTTCGCTAG,,ATCGCACAGTAA,,
x18.SW.20140401.rep3,,,,,AGTTGAGGCATT,,ATCGCACAGTAA,,
x18.L.SW.20140410.rep1,,,,,CTCACCTAGGAA,,ATCGCACAGTAA,,
x18.L.SW.20140410.rep2,,,,,TAGGCATGCTTG,,ATCGCACAGTAA,,
x18.L.SW.20140410.rep3,,,,,ATGGCTGTCAGT,,ATCGCACAGTAA,,
x18.L.SW.20140523.rep1,,,,,ATGTCACCGCTG,,ATCGCACAGTAA,,
x18.L.SW.20140523.rep2,,,,,GATTATCGACGA,,ATCGCACAGTAA,,
x18.L.SW.20140523.rep3,,,,,TCTTGGAGGTCA,,ATCGCACAGTAA,,
x18.L.SW.20141204.rep1,,,,,CGTGCTTAGGCT,,ATCGCACAGTAA,,
x18.L.SW.20141204.rep2,,,,,CATACCGTGAGT,,ATCGCACAGTAA,,
x18.L.SW.20141204.rep3,,,,,GCCAACAACCAT,,ATCGCACAGTAA,,
x777.R.SW.20150210.rep1,,,,,AAGGCGCTCCTT,,ATCGCACAGTAA,,
x777.R.SW.20150210.rep2,,,,,CTATCTCCTGTC,,ATCGCACAGTAA,,
x777.R.SW.20150210.rep3,,,,,ACAATAGACACC,,ATCGCACAGTAA,,
x777.R.SW.20150313.rep1,,,,,GTGTTGTCGTGC,,ATCGCACAGTAA,,
x777.R.SW.20150313.rep2,,,,,AACTAGTTCAGG,,ATCGCACAGTAA,,
x777.R.SW.20150313.rep3,,,,,GTTCTCTTCTCG,,ATCGCACAGTAA,,
x778.L.SW.20151027.rep1,,,,,TGTAACGCCGAT,,ATCGCACAGTAA,,
x778.L.SW.20151027.rep2,,,,,GCCTAGCCCAAT,,ATCGCACAGTAA,,
x778.L.SW.20151027.rep3,,,,,TCACCTCCTTGT,,ATCGCACAGTAA,,
x877.R.SW.20161101.rep1,,,,,TACCGAAGGTAT,,ATCGCACAGTAA,,
x877.R.SW.20161101.rep2,,,,,ATGTGTGTAGAC,,ATCGCACAGTAA,,
x877.R.SW.20161101.rep3,,,,,ATCAGTACTAGG,,ATCGCACAGTAA,,
x895.R.SW.20151021.rep1,,,,,TAATACGGATCG,,ATCGCACAGTAA,,
x895.R.SW.20151021.rep2,,,,,ACTCACAGGAAT,,ATCGCACAGTAA,,
x895.R.SW.20151021.rep3,,,,,CGGTCAATTGAC,,ATCGCACAGTAA,,
x895.R.SW.20151216.rep1,,,,,CCACAGATCGAT,,ATCGCACAGTAA,,
x895.R.SW.20151216.rep2,,,,,ATTCTGCCGAAG,,ATCGCACAGTAA,,
x895.R.SW.20151216.rep3,,,,,CGTAAGATGCCT,,ATCGCACAGTAA,,
x935.R.SW.20160916.rep1,,,,,AGCAGAACATCT,,ATCGCACAGTAA,,
x935.R.SW.20160916.rep2,,,,,GATGTATGTGGT,,ATCGCACAGTAA,,
x935.R.SW.20160916.rep3,,,,,GCACACCTGATA,,ATCGCACAGTAA,,
x935.L.SW.20160916.rep1,,,,,CACTCATCATTC,,ATCGCACAGTAA,,
x935.L.SW.20160916.rep2,,,,,CCTGCGAAGTAT,,ATCGCACAGTAA,,
x935.L.SW.20160916.rep3,,,,,TCCTCGAGCGAT,,ATCGCACAGTAA,,
x985.R.SW.20160621.rep1,,,,,TCGGAATTAGAC,,ATCGCACAGTAA,,
x985.R.SW.20160621.rep2,,,,,ATGATGAGCCTC,,ATCGCACAGTAA,,
x985.R.SW.20160621.rep3,,,,,GTGGAGTCTCAT,,ATCGCACAGTAA,,
x985.L.SW.20160621.rep1,,,,,TATCGACACAAG,,ATCGCACAGTAA,,
x985.L.SW.20160621.rep2,,,,,AGCATGTCCCGT,,ATCGCACAGTAA,,
x985.L.SW.20160621.rep3,,,,,GCGTTCTAGCTG,,ATCGCACAGTAA,,
saline.20170228.rep1,,,,,TGGAGTAGGTGG,,ATCGCACAGTAA,,
saline.20170228.rep2,,,,,ACTCCTTGTGTT,,ATCGCACAGTAA,,
saline.20170228.rep3,,,,,GCGACAATTACA,,ATCGCACAGTAA,,
x02.SW.20140717.rep1,,,,,GTATTTCGGACG,,ATCGCACAGTAA,,
x02.SW.20140717.rep2,,,,,TTCTCTCGACAT,,ATCGCACAGTAA,,
x02.SW.20140717.rep3,,,,,ACCCAAGCGTTA,,ATCGCACAGTAA,,
x988.R.SW.20160121.rep1,,,,,TGTGAATTCGGA,,ATCGCACAGTAA,,
x988.R.SW.20160121.rep2,,,,,GTCGACAGAGGA,,ATCGCACAGTAA,,
x988.R.SW.20160121.rep3,,,,,GCTCGAAGATTC,,ATCGCACAGTAA,,
x988.R.SW.20160211.rep1,,,,,GATTCCGGCTCA,,ATCGCACAGTAA,,
x988.R.SW.20160211.rep2,,,,,GTACGATATGAC,,ATCGCACAGTAA,,
x988.R.SW.20160211.rep3,,,,,GTTGTTCTGGGA,,ATCGCACAGTAA,,
x988.R.SW.20160224.rep1,,,,,TTGGCTCTATTC,,ATCGCACAGTAA,,
x988.R.SW.20160224.rep2,,,,,GTCACGGACATT,,ATCGCACAGTAA,,
x988.R.SW.20160224.rep3,,,,,TCATGCTCCATT,,ATCGCACAGTAA,,
x988.L.SW.20160224.rep1,,,,,TATCTATCCTGC,,ATCGCACAGTAA,,
x988.L.SW.20160224.rep2,,,,,GCTCTCCGTAGA,,ATCGCACAGTAA,,
x988.L.SW.20160224.rep3,,,,,TGCAGCAAGATT,,ATCGCACAGTAA,,
x988.L.SW.20160303.rep1,,,,,CATTCGTGGCGT,,ATCGCACAGTAA,,
x988.L.SW.20160303.rep2,,,,,TGTCGCAAATAG,,ATCGCACAGTAA,,
x988.L.SW.20160303.rep3,,,,,AGGCTTACGTGT,,ATCGCACAGTAA,,
x988.L.SW.20160309.rep1,,,,,CGTAATTGCCGC,,ATCGCACAGTAA,,
x988.L.SW.20160309.rep2,,,,,GTGGTGGTTTCC,,ATCGCACAGTAA,,
x988.L.SW.20160309.rep3,,,,,GGACTTCCAGCT,,ATCGCACAGTAA,,
x991.L.SW.20160421.rep1,,,,,GATCCCACGTAC,,ATCGCACAGTAA,,
x991.L.SW.20160421.rep2,,,,,GCGAGCGAAGTA,,ATCGCACAGTAA,,
x991.L.SW.20160421.rep3,,,,,AGCTGTCAAGCT,,ATCGCACAGTAA,,
x991.R.SW.20160421.rep1,,,,,TTGCCAAGAGTC,,ATCGCACAGTAA,,
x991.R.SW.20160421.rep2,,,,,GTTAAGCTGACC,,ATCGCACAGTAA,,
x991.R.SW.20160421.rep3,,,,,AGCAACATTGCA,,ATCGCACAGTAA,,
x991.L.SW.20160818.rep1,,,,,TACTACGTGGCC,,ATCGCACAGTAA,,
x991.L.SW.20160818.rep2,,,,,CATCCCTCTACT,,ATCGCACAGTAA,,
x991.L.SW.20160818.rep3,,,,,TCTCTACCACTC,,ATCGCACAGTAA,,
x991.R.SW.20161027.rep1,,,,,GGTGACTAGTTC,,ATCGCACAGTAA,,
x991.R.SW.20161027.rep2,,,,,TAGTATGCGCAA,,ATCGCACAGTAA,,
x991.R.SW.20161027.rep3,,,,,CTCACAACCGTG,,ATCGCACAGTAA,,
x991.L.SW.20161027.rep1,,,,,TACCGCTTCTTC,,ATCGCACAGTAA,,
x991.L.SW.20161027.rep2,,,,,ATCTACCGAAGC,,ATCGCACAGTAA,,
x991.L.SW.20161027.rep3,,,,,GAGAGCAACAGA,,ATCGCACAGTAA,,
water7.rep1,,,,,AGTAGCGGAAGA,,ATCGCACAGTAA,,
water7.rep2,,,,,ATGCCATGCCGT,,ATCGCACAGTAA,,
water7.rep3,,,,,GATGTGGTGTTA,,ATCGCACAGTAA,,
x720.L.SW.20140313.rep1,,,,,TTAGAGCCATGC,,TACAGCGCATAC,,
x720.L.SW.20140313.rep2,,,,,ACGGGTCATCAT,,TACAGCGCATAC,,
x720.L.SW.20140313.rep3,,,,,AGTGTTTCGGAC,,TACAGCGCATAC,,
x720.R.SW.20140313.rep1,,,,,TTAAGACAGTCG,,TACAGCGCATAC,,
x720.R.SW.20140313.rep2,,,,,TAATCGGTGCCA,,TACAGCGCATAC,,
x720.R.SW.20140313.rep3,,,,,ACGATTCGAGTC,,TACAGCGCATAC,,
