sample_name,Sample_Well,I7_Index_ID,index,I5_Index_ID,barcode_sequence,primer_sequence,linker_sequence
Flu_set_2_sample_1,A01,N716-D,ACTCGCTA,S513-D,TCGACTAG,TTT,TTT
Flu_set_2_sample_2,A02,N718-D,GGAGCTAC,S513-D,TCGACTAG,TTT,TTT
Flu_set_2_sample_3,A03,N719-D,GCGTAGTA,S513-D,TCGACTAG,TTT,TTT
Flu_set_2_sample_4,A04,N720-D,CGGAGCCT,S513-D,TCGACTAG,TTT,TTT
Flu_set_2_sample_5,A05,N721-D,TACGCTGC,S513-D,TCGACTAG,TTT,TTT
Flu_set_2_sample_6,A06,N722-D,ATGCGCAG,S513-D,TCGACTAG,TTT,TTT
Flu_set_2_sample_7,A07,N723-D,TAGCGCTC,S513-D,TCGACTAG,TTT,TTT
Flu_set_2_sample_8,A08,N724-D,ACTGAGCG,S513-D,TCGACTAG,TTT,TTT
Flu_set_2_blank_1,A09,N726-D,CCTAAGAC,S513-D,TCGACTAG,TTT,TTT
Flu_set_2_sample_9,B01,N716-D,ACTCGCTA,S515-D,TTCTAGCT,TTT,TTT
Flu_set_2_sample_10,B02,N718-D,GGAGCTAC,S515-D,TTCTAGCT,TTT,TTT
Flu_set_2_sample_11,B03,N719-D,GCGTAGTA,S515-D,TTCTAGCT,TTT,TTT
Flu_set_2_sample_12,B04,N720-D,CGGAGCCT,S515-D,TTCTAGCT,TTT,TTT
Flu_set_2_sample_13,B05,N721-D,TACGCTGC,S515-D,TTCTAGCT,TTT,TTT
Flu_set_2_sample_14,B06,N722-D,ATGCGCAG,S515-D,TTCTAGCT,TTT,TTT
Flu_set_2_sample_15,B07,N723-D,TAGCGCTC,S515-D,TTCTAGCT,TTT,TTT
Flu_set_2_sample_16,B08,N724-D,ACTGAGCG,S515-D,TTCTAGCT,TTT,TTT
Flu_set_2_blank_2,B09,N726-D,CCTAAGAC,S515-D,TTCTAGCT,TTT,TTT
Flu_set_2_sample_17,C01,N716-D,ACTCGCTA,S516-D,CCTAGAGT,TTT,TTT
Flu_set_2_sample_18,C02,N718-D,GGAGCTAC,S516-D,CCTAGAGT,TTT,TTT
Flu_set_2_sample_19,C03,N719-D,GCGTAGTA,S516-D,CCTAGAGT,TTT,TTT
Flu_set_2_sample_20,C04,N720-D,CGGAGCCT,S516-D,CCTAGAGT,TTT,TTT
Flu_set_2_sample_21,C05,N721-D,TACGCTGC,S516-D,CCTAGAGT,TTT,TTT
Flu_set_2_sample_22,C06,N722-D,ATGCGCAG,S516-D,CCTAGAGT,TTT,TTT
Flu_set_2_sample_23,C07,N723-D,TAGCGCTC,S516-D,CCTAGAGT,TTT,TTT
Flu_set_2_sample_24,C08,N724-D,ACTGAGCG,S516-D,CCTAGAGT,TTT,TTT
Flu_set_2_blank_3,C09,N726-D,CCTAAGAC,S516-D,CCTAGAGT,TTT,TTT
Flu_set_2_sample_25,D01,N716-D,ACTCGCTA,S517-D,GCGTAAGA,TTT,TTT
Flu_set_2_sample_26,D02,N718-D,GGAGCTAC,S517-D,GCGTAAGA,TTT,TTT
Flu_set_2_sample_27,D03,N719-D,GCGTAGTA,S517-D,GCGTAAGA,TTT,TTT
Flu_set_2_sample_28,D04,N720-D,CGGAGCCT,S517-D,GCGTAAGA,TTT,TTT
Flu_set_2_sample_29,D05,N721-D,TACGCTGC,S517-D,GCGTAAGA,TTT,TTT
Flu_set_2_sample_30,D06,N722-D,ATGCGCAG,S517-D,GCGTAAGA,TTT,TTT
Flu_set_2_sample_31,D07,N723-D,TAGCGCTC,S517-D,GCGTAAGA,TTT,TTT
Flu_set_2_sample_32,D08,N724-D,ACTGAGCG,S517-D,GCGTAAGA,TTT,TTT
Flu_set_2_blank_4,D09,N726-D,CCTAAGAC,S517-D,GCGTAAGA,TTT,TTT
Flu_set_2_sample_33,E01,N716-D,ACTCGCTA,S521-D,GAGCCTTA,TTT,TTT
Flu_set_2_sample_34,E02,N718-D,GGAGCTAC,S521-D,GAGCCTTA,TTT,TTT
Flu_set_2_sample_35,E03,N719-D,GCGTAGTA,S521-D,GAGCCTTA,TTT,TTT
Flu_set_2_sample_36,E04,N720-D,CGGAGCCT,S521-D,GAGCCTTA,TTT,TTT
Flu_set_2_sample_37,E05,N721-D,TACGCTGC,S521-D,GAGCCTTA,TTT,TTT
Flu_set_2_sample_38,E06,N722-D,ATGCGCAG,S521-D,GAGCCTTA,TTT,TTT
Flu_set_2_sample_39,E07,N723-D,TAGCGCTC,S521-D,GAGCCTTA,TTT,TTT
Flu_set_2_sample_40,E08,N724-D,ACTGAGCG,S521-D,GAGCCTTA,TTT,TTT
Flu_set_2_blank_5,E09,N726-D,CCTAAGAC,S521-D,GAGCCTTA,TTT,TTT
Flu_set_2_sample_41,F01,N716-D,ACTCGCTA,S522-D,TTATGCGA,TTT,TTT
Flu_set_2_sample_42,F02,N718-D,GGAGCTAC,S522-D,TTATGCGA,TTT,TTT
Flu_set_2_sample_43,F03,N719-D,GCGTAGTA,S522-D,TTATGCGA,TTT,TTT
Flu_set_2_sample_44,F04,N720-D,CGGAGCCT,S522-D,TTATGCGA,TTT,TTT
Flu_set_2_sample_45,F05,N721-D,TACGCTGC,S522-D,TTATGCGA,TTT,TTT
Flu_set_2_sample_46,F06,N722-D,ATGCGCAG,S522-D,TTATGCGA,TTT,TTT
Flu_set_2_sample_47,F07,N723-D,TAGCGCTC,S522-D,TTATGCGA,TTT,TTT
Flu_set_2_sample_48,F08,N724-D,ACTGAGCG,S522-D,TTATGCGA,TTT,TTT
Flu_set_2_blank_6,F09,N726-D,CCTAAGAC,S522-D,TTATGCGA,TTT,TTT
