alias	linkerSequence	bcSeq	gender	primer	ltrBit	largeLTRFrag	vectorSeq	refGenome
GTSP1850-1	CGGATAAACGGTACAGACGGNNNNNNNNNNNNCTCCGCTTAAGGGACT	GGTTTCAAGCTT	m	ATTATC	TTTCTAGGG	CCCTAGAAAGATAATCATATTGTGACGTACGT	piggyBac.fa	susScr3
GTSP1850-2	CGGATAAACGGTACAGACGGNNNNNNNNNNNNCTCCGCTTAAGGGACT	TCGAGACGCTTA	m	ATTATC	TTTCTAGGG	CCCTAGAAAGATAATCATATTGTGACGTACGT	piggyBac.fa	susScr3
GTSP1850-3	CGGATAAACGGTACAGACGGNNNNNNNNNNNNCTCCGCTTAAGGGACT	CCACGAAGCTAT	m	ATTATC	TTTCTAGGG	CCCTAGAAAGATAATCATATTGTGACGTACGT	piggyBac.fa	susScr3
GTSP1851-1	GGTATCAACATGGTCGCCAGNNNNNNNNNNNNCTCCGCTTAAGGGACT	AATTTGATCCCG	m	ATTATC	TTTCTAGGG	CCCTAGAAAGATAATCATATTGTGACGTACGT	piggyBac.fa	susScr3
GTSP1851-2	GGTATCAACATGGTCGCCAGNNNNNNNNNNNNCTCCGCTTAAGGGACT	CATTCGATGACT	m	ATTATC	TTTCTAGGG	CCCTAGAAAGATAATCATATTGTGACGTACGT	piggyBac.fa	susScr3
GTSP1851-3	GGTATCAACATGGTCGCCAGNNNNNNNNNNNNCTCCGCTTAAGGGACT	CGACTCCAAGAT	m	ATTATC	TTTCTAGGG	CCCTAGAAAGATAATCATATTGTGACGTACGT	piggyBac.fa	susScr3
GTSP1852-1	CGGCAGTCAAATCAACCGGANNNNNNNNNNNNCTCCGCTTAAGGGACT	GGTTTCAAGCTT	m	ATTATC	TTTCTAGGG	CCCTAGAAAGATAATCATATTGTGACGTACGT	piggyBac.fa	susScr3
GTSP1852-2	CGGCAGTCAAATCAACCGGANNNNNNNNNNNNCTCCGCTTAAGGGACT	TCGAGACGCTTA	m	ATTATC	TTTCTAGGG	CCCTAGAAAGATAATCATATTGTGACGTACGT	piggyBac.fa	susScr3
GTSP1852-3	CGGCAGTCAAATCAACCGGANNNNNNNNNNNNCTCCGCTTAAGGGACT	CCACGAAGCTAT	m	ATTATC	TTTCTAGGG	CCCTAGAAAGATAATCATATTGTGACGTACGT	piggyBac.fa	susScr3
GTSP1842-1	GCTATTGCGATGAAGCAGCCNNNNNNNNNNNNCTCCGCTTAAGGGACT	AATTTGATCCCG	m	ATTATC	TTTCTAGGG	CCCTAGAAAGATAATCATATTGTGACGTACGT	piggyBac.fa	susScr3
GTSP1842-2	GCTATTGCGATGAAGCAGCCNNNNNNNNNNNNCTCCGCTTAAGGGACT	CATTCGATGACT	m	ATTATC	TTTCTAGGG	CCCTAGAAAGATAATCATATTGTGACGTACGT	piggyBac.fa	susScr3
GTSP1842-3	GCTATTGCGATGAAGCAGCCNNNNNNNNNNNNCTCCGCTTAAGGGACT	CGACTCCAAGAT	m	ATTATC	TTTCTAGGG	CCCTAGAAAGATAATCATATTGTGACGTACGT	piggyBac.fa	susScr3
GTSP1843-1	GGTAAGTGCGACTAAGCAGCNNNNNNNNNNNNCTCCGCTTAAGGGACT	GGTTTCAAGCTT	m	ATTATC	TTTCTAGGG	CCCTAGAAAGATAATCATATTGTGACGTACGT	piggyBac.fa	susScr3
GTSP1843-2	GGTAAGTGCGACTAAGCAGCNNNNNNNNNNNNCTCCGCTTAAGGGACT	TCGAGACGCTTA	m	ATTATC	TTTCTAGGG	CCCTAGAAAGATAATCATATTGTGACGTACGT	piggyBac.fa	susScr3
GTSP1843-3	GGTAAGTGCGACTAAGCAGCNNNNNNNNNNNNCTCCGCTTAAGGGACT	CCACGAAGCTAT	m	ATTATC	TTTCTAGGG	CCCTAGAAAGATAATCATATTGTGACGTACGT	piggyBac.fa	susScr3
GTSP1844-1	TCTATGTAACGAGTCTCAGCCNNNNNNNNNNNNCTCCGCTTAAGGGACT	AATTTGATCCCG	m	ATTATC	TTTCTAGGG	CCCTAGAAAGATAATCATATTGTGACGTACGT	piggyBac.fa	susScr3
GTSP1844-2	TCTATGTAACGAGTCTCAGCCNNNNNNNNNNNNCTCCGCTTAAGGGACT	CATTCGATGACT	m	ATTATC	TTTCTAGGG	CCCTAGAAAGATAATCATATTGTGACGTACGT	piggyBac.fa	susScr3
GTSP1844-3	TCTATGTAACGAGTCTCAGCCNNNNNNNNNNNNCTCCGCTTAAGGGACT	CGACTCCAAGAT	m	ATTATC	TTTCTAGGG	CCCTAGAAAGATAATCATATTGTGACGTACGT	piggyBac.fa	susScr3
GTSP1845-1	CTTCAGACATATAGTCGCTCGNNNNNNNNNNNNCTCCGCTTAAGGGACT	GGTTTCAAGCTT	m	ATTATC	TTTCTAGGG	CCCTAGAAAGATAATCATATTGTGACGTACGT	piggyBac.fa	susScr3
GTSP1845-2	CTTCAGACATATAGTCGCTCGNNNNNNNNNNNNCTCCGCTTAAGGGACT	TCGAGACGCTTA	m	ATTATC	TTTCTAGGG	CCCTAGAAAGATAATCATATTGTGACGTACGT	piggyBac.fa	susScr3
GTSP1845-3	CTTCAGACATATAGTCGCTCGNNNNNNNNNNNNCTCCGCTTAAGGGACT	CCACGAAGCTAT	m	ATTATC	TTTCTAGGG	CCCTAGAAAGATAATCATATTGTGACGTACGT	piggyBac.fa	susScr3
GTSP1846-1	TCGATACGTCTATTAGGGCACNNNNNNNNNNNNCTCCGCTTAAGGGACT	AATTTGATCCCG	m	ATTATC	TTTCTAGGG	CCCTAGAAAGATAATCATATTGTGACGTACGT	piggyBac.fa	susScr3
GTSP1846-2	TCGATACGTCTATTAGGGCACNNNNNNNNNNNNCTCCGCTTAAGGGACT	CATTCGATGACT	m	ATTATC	TTTCTAGGG	CCCTAGAAAGATAATCATATTGTGACGTACGT	piggyBac.fa	susScr3
GTSP1846-3	TCGATACGTCTATTAGGGCACNNNNNNNNNNNNCTCCGCTTAAGGGACT	CGACTCCAAGAT	m	ATTATC	TTTCTAGGG	CCCTAGAAAGATAATCATATTGTGACGTACGT	piggyBac.fa	susScr3
GTSP1847-1	GATCACAATACGTAACCTGCCNNNNNNNNNNNNCTCCGCTTAAGGGACT	GGTTTCAAGCTT	m	ATTATC	TTTCTAGGG	CCCTAGAAAGATAATCATATTGTGACGTACGT	piggyBac.fa	susScr3
GTSP1847-2	GATCACAATACGTAACCTGCCNNNNNNNNNNNNCTCCGCTTAAGGGACT	TCGAGACGCTTA	m	ATTATC	TTTCTAGGG	CCCTAGAAAGATAATCATATTGTGACGTACGT	piggyBac.fa	susScr3
GTSP1847-3	GATCACAATACGTAACCTGCCNNNNNNNNNNNNCTCCGCTTAAGGGACT	CCACGAAGCTAT	m	ATTATC	TTTCTAGGG	CCCTAGAAAGATAATCATATTGTGACGTACGT	piggyBac.fa	susScr3
GTSP1848-1	CACATCTTACGAAACATGGGCNNNNNNNNNNNNCTCCGCTTAAGGGACT	AATTTGATCCCG	m	ATTATC	TTTCTAGGG	CCCTAGAAAGATAATCATATTGTGACGTACGT	piggyBac.fa	susScr3
GTSP1848-2	CACATCTTACGAAACATGGGCNNNNNNNNNNNNCTCCGCTTAAGGGACT	CATTCGATGACT	m	ATTATC	TTTCTAGGG	CCCTAGAAAGATAATCATATTGTGACGTACGT	piggyBac.fa	susScr3
GTSP1848-3	CACATCTTACGAAACATGGGCNNNNNNNNNNNNCTCCGCTTAAGGGACT	CGACTCCAAGAT	m	ATTATC	TTTCTAGGG	CCCTAGAAAGATAATCATATTGTGACGTACGT	piggyBac.fa	susScr3
GTSP1849-1	CGAAACGTGAATGGCGGATGNNNNNNNNNNNNCTCCGCTTAAGGGACT	GGTTTCAAGCTT	m	ATTATC	TTTCTAGGG	CCCTAGAAAGATAATCATATTGTGACGTACGT	piggyBac.fa	susScr3
GTSP1849-2	CGAAACGTGAATGGCGGATGNNNNNNNNNNNNCTCCGCTTAAGGGACT	TCGAGACGCTTA	m	ATTATC	TTTCTAGGG	CCCTAGAAAGATAATCATATTGTGACGTACGT	piggyBac.fa	susScr3
GTSP1849-3	CGAAACGTGAATGGCGGATGNNNNNNNNNNNNCTCCGCTTAAGGGACT	CCACGAAGCTAT	m	ATTATC	TTTCTAGGG	CCCTAGAAAGATAATCATATTGTGACGTACGT	piggyBac.fa	susScr3
NT-1	TGCTTTCGCGTGATCGAACCNNNNNNNNNNNNCTCCGCTTAAGGGACT	AATTTGATCCCG	m	ATTATC	TTTCTAGGG	CCCTAGAAAGATAATCATATTGTGACGTACGT	piggyBac.fa	susScr3
NT-2	TGCTTTCGCGTGATCGAACCNNNNNNNNNNNNCTCCGCTTAAGGGACT	CATTCGATGACT	m	ATTATC	TTTCTAGGG	CCCTAGAAAGATAATCATATTGTGACGTACGT	piggyBac.fa	susScr3
NT-3	TGCTTTCGCGTGATCGAACCNNNNNNNNNNNNCTCCGCTTAAGGGACT	CGACTCCAAGAT	m	ATTATC	TTTCTAGGG	CCCTAGAAAGATAATCATATTGTGACGTACGT	piggyBac.fa	susScr3
