sample_name	sample_name	Sample_Plate	Sample_Well	I7_Index_ID	index	I5_Index_ID	index2	Sample_Project	Description	barcode_sequence	primer_sequence	linker_sequence
1	BN3451		a1	N701	TAAGGCGA	S502	CTCTCTAT			TAAGGCGACTCTCTAT	AAA	AAA
2	BM3451		a2	N702	CGTACTAG	S502	CTCTCTAT			CGTACTAGCTCTCTAT	AAA	AAA
3	BN3751		a3	N703	AGGCAGAA	S502	CTCTCTAT			AGGCAGAACTCTCTAT	AAA	AAA
4	BC3751		a4	N704	TCCTGAGC	S502	CTCTCTAT			TCCTGAGCCTCTCTAT	AAA	AAA
5	BN3754		a5	N705	GGACTCCT	S502	CTCTCTAT			GGACTCCTCTCTCTAT	AAA	AAA
6	BM3754		a6	N706	TAGGCATG	S502	CTCTCTAT			TAGGCATGCTCTCTAT	AAA	AAA
7	EN3404		a7	N707	CTCTCTAC	S502	CTCTCTAT			CTCTCTACCTCTCTAT	AAA	AAA
8	EM3404		a8	N708	CAGAGAGG	S502	CTCTCTAT			CAGAGAGGCTCTCTAT	AAA	AAA
9	EN3754		a9	N709	GCTACGCT	S502	CTCTCTAT			GCTACGCTCTCTCTAT	AAA	AAA
10	EN3854		a10	N710	CGAGGCTG	S502	CTCTCTAT			CGAGGCTGCTCTCTAT	AAA	AAA
11	EN3894		a11	N711	AAGAGGCA	S502	CTCTCTAT			AAGAGGCACTCTCTAT	AAA	AAA
12	EN3984		a12	N712	GTAGAGGA	S502	CTCTCTAT			GTAGAGGACTCTCTAT	AAA	AAA
13	LCN3404		b1	N701	TAAGGCGA	S503	TATCCTCT			TAAGGCGATATCCTCT	AAA	AAA
14	LM3404		b2	N702	CGTACTAG	S503	TATCCTCT			CGTACTAGTATCCTCT	AAA	AAA
15	LB3451		b3	N703	AGGCAGAA	S503	TATCCTCT			AGGCAGAATATCCTCT	AAA	AAA
16	LC3451		b4	N704	TCCTGAGC	S503	TATCCTCT			TCCTGAGCTATCCTCT	AAA	AAA
17	LN3451		b5	N705	GGACTCCT	S503	TATCCTCT			GGACTCCTTATCCTCT	AAA	AAA
18	LM3451		b6	N706	TAGGCATG	S503	TATCCTCT			TAGGCATGTATCCTCT	AAA	AAA
19	LN3570		b7	N707	CTCTCTAC	S503	TATCCTCT			CTCTCTACTATCCTCT	AAA	AAA
20	LM3570		b8	N708	CAGAGAGG	S503	TATCCTCT			CAGAGAGGTATCCTCT	AAA	AAA
21	LN3651		b9	N709	GCTACGCT	S503	TATCCTCT			GCTACGCTTATCCTCT	AAA	AAA
22	LM3651		b10	N710	CGAGGCTG	S503	TATCCTCT			CGAGGCTGTATCCTCT	AAA	AAA
23	LN3654		b11	N711	AAGAGGCA	S503	TATCCTCT			AAGAGGCATATCCTCT	AAA	AAA
24	LM3654		b12	N712	GTAGAGGA	S503	TATCCTCT			GTAGAGGATATCCTCT	AAA	AAA
25	LN3891		c1	N701	TAAGGCGA	S504	AGAGTAGA			TAAGGCGAAGAGTAGA	AAA	AAA
26	LM3891		c2	N702	CGTACTAG	S504	AGAGTAGA			CGTACTAGAGAGTAGA	AAA	AAA
27	LN3894		c3	N703	AGGCAGAA	S504	AGAGTAGA			AGGCAGAAAGAGTAGA	AAA	AAA
28	LM3894		c4	N704	TCCTGAGC	S504	AGAGTAGA			TCCTGAGCAGAGTAGA	AAA	AAA
29	LN3954		c5	N705	GGACTCCT	S504	AGAGTAGA			GGACTCCTAGAGTAGA	AAA	AAA
30	LM3954		c6	N706	TAGGCATG	S504	AGAGTAGA			TAGGCATGAGAGTAGA	AAA	AAA
31	LN3981		c7	N707	CTCTCTAC	S504	AGAGTAGA			CTCTCTACAGAGTAGA	AAA	AAA
32	LM3981		c8	N708	CAGAGAGG	S504	AGAGTAGA			CAGAGAGGAGAGTAGA	AAA	AAA
33	LN3984		c9	N709	GCTACGCT	S504	AGAGTAGA			GCTACGCTAGAGTAGA	AAA	AAA
34	LM3984		c10	N710	CGAGGCTG	S504	AGAGTAGA			CGAGGCTGAGAGTAGA	AAA	AAA
35	LN4010		c11	N711	AAGAGGCA	S504	AGAGTAGA			AAGAGGCAAGAGTAGA	AAA	AAA
36	LM4010		c12	N712	GTAGAGGA	S504	AGAGTAGA			GTAGAGGAAGAGTAGA	AAA	AAA
37	LN4014		d1	N701	TAAGGCGA	S505	GTAAGGAG			TAAGGCGAGTAAGGAG	AAA	AAA
38	LM4014		d2	N702	CGTACTAG	S505	GTAAGGAG			CGTACTAGGTAAGGAG	AAA	AAA
39	LN4281		d3	N703	AGGCAGAA	S505	GTAAGGAG			AGGCAGAAGTAAGGAG	AAA	AAA
40	LM4281		d4	N704	TCCTGAGC	S505	GTAAGGAG			TCCTGAGCGTAAGGAG	AAA	AAA
POS	LambdaControl		d5	N705	GGACTCCT	S505	GTAAGGAG			GGACTCCTGTAAGGAG	AAA	AAA

