SampleName,uniqueRegion,linker,barcode,,,,
GTSP3057-1_u3,U3,ACTCGGTAACTCACCGGATGNNNNNNNNNNNNCTCCGCTTAAGGGACT,GGCGCGGTTTAA,,,,
GTSP3057-2_u3,U3,ACTCGGTAACTCACCGGATGNNNNNNNNNNNNCTCCGCTTAAGGGACT,CCGGTATGCAAG,,,,
GTSP3057-3_u3,U3,ACTCGGTAACTCACCGGATGNNNNNNNNNNNNCTCCGCTTAAGGGACT,ATTATCGTGCAC,,,,
GTSP3057-4_u3,U3,ACTCGGTAACTCACCGGATGNNNNNNNNNNNNCTCCGCTTAAGGGACT,TAGACCTAGACC,,,,
GTSP3057-1_u5,U5,ACTCGGTAACTCACCGGATGNNNNNNNNNNNNCTCCGCTTAAGGGACT,GTGGTGGATTCT,,,,
GTSP3057-2_u5,U5,ACTCGGTAACTCACCGGATGNNNNNNNNNNNNCTCCGCTTAAGGGACT,CTTTGACTTGAG,,,,
GTSP3057-3_u5,U5,ACTCGGTAACTCACCGGATGNNNNNNNNNNNNCTCCGCTTAAGGGACT,CAGGCTAGGTAC,,,,
GTSP3057-4_u5,U5,ACTCGGTAACTCACCGGATGNNNNNNNNNNNNCTCCGCTTAAGGGACT,ACGTACTCAGTG,,,,
GTSP3058-1_u3,U3,TGTCGTGAATCCGTGTGTCCNNNNNNNNNNNNCTCCGCTTAAGGGACT,GATACGTCCTGA,,,,
GTSP3058-2_u3,U3,TGTCGTGAATCCGTGTGTCCNNNNNNNNNNNNCTCCGCTTAAGGGACT,TTCTCACCTTTC,,,,
GTSP3058-3_u3,U3,TGTCGTGAATCCGTGTGTCCNNNNNNNNNNNNCTCCGCTTAAGGGACT,CCAGGTATATTC,,,,
GTSP3058-4_u3,U3,TGTCGTGAATCCGTGTGTCCNNNNNNNNNNNNCTCCGCTTAAGGGACT,TGTGCAAGCGAC,,,,
GTSP3058-1_u5,U5,TGTCGTGAATCCGTGTGTCCNNNNNNNNNNNNCTCCGCTTAAGGGACT,CGTATTGCTTGA,,,,
GTSP3058-2_u5,U5,TGTCGTGAATCCGTGTGTCCNNNNNNNNNNNNCTCCGCTTAAGGGACT,TGTTCCAACATG,,,,
GTSP3058-3_u5,U5,TGTCGTGAATCCGTGTGTCCNNNNNNNNNNNNCTCCGCTTAAGGGACT,TGAAGGTCCCAT,,,,
GTSP3058-4_u5,U5,TGTCGTGAATCCGTGTGTCCNNNNNNNNNNNNCTCCGCTTAAGGGACT,ATGAGGAATAGC,,,,
GTSP3059-1_u3,U3,AGTCCGCATTGAGCAATGGCNNNNNNNNNNNNCTCCGCTTAAGGGACT,GGCGCGGTTTAA,,,,
GTSP3059-2_u3,U3,AGTCCGCATTGAGCAATGGCNNNNNNNNNNNNCTCCGCTTAAGGGACT,CCGGTATGCAAG,,,,
GTSP3059-3_u3,U3,AGTCCGCATTGAGCAATGGCNNNNNNNNNNNNCTCCGCTTAAGGGACT,ATTATCGTGCAC,,,,
GTSP3059-4_u3,U3,AGTCCGCATTGAGCAATGGCNNNNNNNNNNNNCTCCGCTTAAGGGACT,TAGACCTAGACC,,,,
GTSP3059-1_u5,U5,AGTCCGCATTGAGCAATGGCNNNNNNNNNNNNCTCCGCTTAAGGGACT,GTGGTGGATTCT,,,,
GTSP3059-2_u5,U5,AGTCCGCATTGAGCAATGGCNNNNNNNNNNNNCTCCGCTTAAGGGACT,CTTTGACTTGAG,,,,
GTSP3059-3_u5,U5,AGTCCGCATTGAGCAATGGCNNNNNNNNNNNNCTCCGCTTAAGGGACT,CAGGCTAGGTAC,,,,
GTSP3059-4_u5,U5,AGTCCGCATTGAGCAATGGCNNNNNNNNNNNNCTCCGCTTAAGGGACT,ACGTACTCAGTG,,,,
GTSP3060-1_u3,U3,GTTGCCGAACATGACGGGATNNNNNNNNNNNNCTCCGCTTAAGGGACT,GATACGTCCTGA,,,,
GTSP3060-2_u3,U3,GTTGCCGAACATGACGGGATNNNNNNNNNNNNCTCCGCTTAAGGGACT,TTCTCACCTTTC,,,,
GTSP3060-3_u3,U3,GTTGCCGAACATGACGGGATNNNNNNNNNNNNCTCCGCTTAAGGGACT,CCAGGTATATTC,,,,
GTSP3060-4_u3,U3,GTTGCCGAACATGACGGGATNNNNNNNNNNNNCTCCGCTTAAGGGACT,TGTGCAAGCGAC,,,,
GTSP3060-1_u5,U5,GTTGCCGAACATGACGGGATNNNNNNNNNNNNCTCCGCTTAAGGGACT,CGTATTGCTTGA,,,,
GTSP3060-2_u5,U5,GTTGCCGAACATGACGGGATNNNNNNNNNNNNCTCCGCTTAAGGGACT,TGTTCCAACATG,,,,
GTSP3060-3_u5,U5,GTTGCCGAACATGACGGGATNNNNNNNNNNNNCTCCGCTTAAGGGACT,TGAAGGTCCCAT,,,,
GTSP3060-4_u5,U5,GTTGCCGAACATGACGGGATNNNNNNNNNNNNCTCCGCTTAAGGGACT,ATGAGGAATAGC,,,,
GTSP3061-1_u3,U3,ACTGGCGTACGTCTAGGCAANNNNNNNNNNNNCTCCGCTTAAGGGACT,GGCGCGGTTTAA,,,,
GTSP3061-2_u3,U3,ACTGGCGTACGTCTAGGCAANNNNNNNNNNNNCTCCGCTTAAGGGACT,CCGGTATGCAAG,,,,
GTSP3061-3_u3,U3,ACTGGCGTACGTCTAGGCAANNNNNNNNNNNNCTCCGCTTAAGGGACT,ATTATCGTGCAC,,,,
GTSP3061-4_u3,U3,ACTGGCGTACGTCTAGGCAANNNNNNNNNNNNCTCCGCTTAAGGGACT,TAGACCTAGACC,,,,
GTSP3061-1_u5,U5,ACTGGCGTACGTCTAGGCAANNNNNNNNNNNNCTCCGCTTAAGGGACT,GTGGTGGATTCT,,,,
GTSP3061-2_u5,U5,ACTGGCGTACGTCTAGGCAANNNNNNNNNNNNCTCCGCTTAAGGGACT,CTTTGACTTGAG,,,,
GTSP3061-3_u5,U5,ACTGGCGTACGTCTAGGCAANNNNNNNNNNNNCTCCGCTTAAGGGACT,CAGGCTAGGTAC,,,,
GTSP3061-4_u5,U5,ACTGGCGTACGTCTAGGCAANNNNNNNNNNNNCTCCGCTTAAGGGACT,ACGTACTCAGTG,,,,
GTSP3062-1_u3,U3,TGTGAACGCGAGAACCTCTGNNNNNNNNNNNNCTCCGCTTAAGGGACT,GATACGTCCTGA,,,,
GTSP3062-2_u3,U3,TGTGAACGCGAGAACCTCTGNNNNNNNNNNNNCTCCGCTTAAGGGACT,TTCTCACCTTTC,,,,
GTSP3062-3_u3,U3,TGTGAACGCGAGAACCTCTGNNNNNNNNNNNNCTCCGCTTAAGGGACT,CCAGGTATATTC,,,,
GTSP3062-4_u3,U3,TGTGAACGCGAGAACCTCTGNNNNNNNNNNNNCTCCGCTTAAGGGACT,TGTGCAAGCGAC,,,,
GTSP3062-1_u5,U5,TGTGAACGCGAGAACCTCTGNNNNNNNNNNNNCTCCGCTTAAGGGACT,CGTATTGCTTGA,,,,
GTSP3062-2_u5,U5,TGTGAACGCGAGAACCTCTGNNNNNNNNNNNNCTCCGCTTAAGGGACT,TGTTCCAACATG,,,,
GTSP3062-3_u5,U5,TGTGAACGCGAGAACCTCTGNNNNNNNNNNNNCTCCGCTTAAGGGACT,TGAAGGTCCCAT,,,,
GTSP3062-4_u5,U5,TGTGAACGCGAGAACCTCTGNNNNNNNNNNNNCTCCGCTTAAGGGACT,ATGAGGAATAGC,,,,
GTSP3063-1_u3,U3,TCCTCGGACAGACTACCTAGNNNNNNNNNNNNCTCCGCTTAAGGGACT,GGCGCGGTTTAA,,,,
GTSP3063-2_u3,U3,TCCTCGGACAGACTACCTAGNNNNNNNNNNNNCTCCGCTTAAGGGACT,CCGGTATGCAAG,,,,
GTSP3063-3_u3,U3,TCCTCGGACAGACTACCTAGNNNNNNNNNNNNCTCCGCTTAAGGGACT,ATTATCGTGCAC,,,,
GTSP3063-4_u3,U3,TCCTCGGACAGACTACCTAGNNNNNNNNNNNNCTCCGCTTAAGGGACT,TAGACCTAGACC,,,,
GTSP3063-1_u5,U5,TCCTCGGACAGACTACCTAGNNNNNNNNNNNNCTCCGCTTAAGGGACT,GTGGTGGATTCT,,,,
GTSP3063-2_u5,U5,TCCTCGGACAGACTACCTAGNNNNNNNNNNNNCTCCGCTTAAGGGACT,CTTTGACTTGAG,,,,
GTSP3063-3_u5,U5,TCCTCGGACAGACTACCTAGNNNNNNNNNNNNCTCCGCTTAAGGGACT,CAGGCTAGGTAC,,,,
GTSP3063-4_u5,U5,TCCTCGGACAGACTACCTAGNNNNNNNNNNNNCTCCGCTTAAGGGACT,ACGTACTCAGTG,,,,
GTSP3064-1_u3,U3,TACGGCGAACGACAAGGCATNNNNNNNNNNNNCTCCGCTTAAGGGACT,GATACGTCCTGA,,,,
GTSP3064-2_u3,U3,TACGGCGAACGACAAGGCATNNNNNNNNNNNNCTCCGCTTAAGGGACT,TTCTCACCTTTC,,,,
GTSP3064-3_u3,U3,TACGGCGAACGACAAGGCATNNNNNNNNNNNNCTCCGCTTAAGGGACT,CCAGGTATATTC,,,,
GTSP3064-4_u3,U3,TACGGCGAACGACAAGGCATNNNNNNNNNNNNCTCCGCTTAAGGGACT,TGTGCAAGCGAC,,,,
GTSP3064-1_u5,U5,TACGGCGAACGACAAGGCATNNNNNNNNNNNNCTCCGCTTAAGGGACT,CGTATTGCTTGA,,,,
GTSP3064-2_u5,U5,TACGGCGAACGACAAGGCATNNNNNNNNNNNNCTCCGCTTAAGGGACT,TGTTCCAACATG,,,,
GTSP3064-3_u5,U5,TACGGCGAACGACAAGGCATNNNNNNNNNNNNCTCCGCTTAAGGGACT,TGAAGGTCCCAT,,,,
GTSP3064-4_u5,U5,TACGGCGAACGACAAGGCATNNNNNNNNNNNNCTCCGCTTAAGGGACT,ATGAGGAATAGC,,,,
GTSP3065-1_u3,U3,GCGCGAATGGAAATCGGTAGNNNNNNNNNNNNCTCCGCTTAAGGGACT,GGCGCGGTTTAA,,,,
GTSP3065-2_u3,U3,GCGCGAATGGAAATCGGTAGNNNNNNNNNNNNCTCCGCTTAAGGGACT,CCGGTATGCAAG,,,,
GTSP3065-3_u3,U3,GCGCGAATGGAAATCGGTAGNNNNNNNNNNNNCTCCGCTTAAGGGACT,ATTATCGTGCAC,,,,
GTSP3065-4_u3,U3,GCGCGAATGGAAATCGGTAGNNNNNNNNNNNNCTCCGCTTAAGGGACT,TAGACCTAGACC,,,,
GTSP3065-1_u5,U5,GCGCGAATGGAAATCGGTAGNNNNNNNNNNNNCTCCGCTTAAGGGACT,GTGGTGGATTCT,,,,
GTSP3065-2_u5,U5,GCGCGAATGGAAATCGGTAGNNNNNNNNNNNNCTCCGCTTAAGGGACT,CTTTGACTTGAG,,,,
GTSP3065-3_u5,U5,GCGCGAATGGAAATCGGTAGNNNNNNNNNNNNCTCCGCTTAAGGGACT,CAGGCTAGGTAC,,,,
GTSP3065-4_u5,U5,GCGCGAATGGAAATCGGTAGNNNNNNNNNNNNCTCCGCTTAAGGGACT,ACGTACTCAGTG,,,,
GTSP3066-1_u3,U3,GAGAACGGTTGACGTGTTCGNNNNNNNNNNNNCTCCGCTTAAGGGACT,GATACGTCCTGA,,,,
GTSP3066-2_u3,U3,GAGAACGGTTGACGTGTTCGNNNNNNNNNNNNCTCCGCTTAAGGGACT,TTCTCACCTTTC,,,,
GTSP3066-3_u3,U3,GAGAACGGTTGACGTGTTCGNNNNNNNNNNNNCTCCGCTTAAGGGACT,CCAGGTATATTC,,,,
GTSP3066-4_u3,U3,GAGAACGGTTGACGTGTTCGNNNNNNNNNNNNCTCCGCTTAAGGGACT,TGTGCAAGCGAC,,,,
GTSP3066-1_u5,U5,GAGAACGGTTGACGTGTTCGNNNNNNNNNNNNCTCCGCTTAAGGGACT,CGTATTGCTTGA,,,,
GTSP3066-2_u5,U5,GAGAACGGTTGACGTGTTCGNNNNNNNNNNNNCTCCGCTTAAGGGACT,TGTTCCAACATG,,,,
GTSP3066-3_u5,U5,GAGAACGGTTGACGTGTTCGNNNNNNNNNNNNCTCCGCTTAAGGGACT,TGAAGGTCCCAT,,,,
GTSP3066-4_u5,U5,GAGAACGGTTGACGTGTTCGNNNNNNNNNNNNCTCCGCTTAAGGGACT,ATGAGGAATAGC,,,,
GTSP3067-1_u3,U3,CCATAGCACGGGTTTACGTCNNNNNNNNNNNNCTCCGCTTAAGGGACT,GGCGCGGTTTAA,,,,
GTSP3067-2_u3,U3,CCATAGCACGGGTTTACGTCNNNNNNNNNNNNCTCCGCTTAAGGGACT,CCGGTATGCAAG,,,,
GTSP3067-3_u3,U3,CCATAGCACGGGTTTACGTCNNNNNNNNNNNNCTCCGCTTAAGGGACT,ATTATCGTGCAC,,,,
GTSP3067-4_u3,U3,CCATAGCACGGGTTTACGTCNNNNNNNNNNNNCTCCGCTTAAGGGACT,TAGACCTAGACC,,,,
GTSP3067-1_u5,U5,CCATAGCACGGGTTTACGTCNNNNNNNNNNNNCTCCGCTTAAGGGACT,GTGGTGGATTCT,,,,
GTSP3067-2_u5,U5,CCATAGCACGGGTTTACGTCNNNNNNNNNNNNCTCCGCTTAAGGGACT,CTTTGACTTGAG,,,,
GTSP3067-3_u5,U5,CCATAGCACGGGTTTACGTCNNNNNNNNNNNNCTCCGCTTAAGGGACT,CAGGCTAGGTAC,,,,
GTSP3067-4_u5,U5,CCATAGCACGGGTTTACGTCNNNNNNNNNNNNCTCCGCTTAAGGGACT,ACGTACTCAGTG,,,,
GTSP3068-1_u3,U3,GCGGAAAGACCGATACCATCNNNNNNNNNNNNCTCCGCTTAAGGGACT,GATACGTCCTGA,,,,
GTSP3068-2_u3,U3,GCGGAAAGACCGATACCATCNNNNNNNNNNNNCTCCGCTTAAGGGACT,TTCTCACCTTTC,,,,
GTSP3068-3_u3,U3,GCGGAAAGACCGATACCATCNNNNNNNNNNNNCTCCGCTTAAGGGACT,CCAGGTATATTC,,,,
GTSP3068-4_u3,U3,GCGGAAAGACCGATACCATCNNNNNNNNNNNNCTCCGCTTAAGGGACT,TGTGCAAGCGAC,,,,
GTSP3068-1_u5,U5,GCGGAAAGACCGATACCATCNNNNNNNNNNNNCTCCGCTTAAGGGACT,CGTATTGCTTGA,,,,
GTSP3068-2_u5,U5,GCGGAAAGACCGATACCATCNNNNNNNNNNNNCTCCGCTTAAGGGACT,TGTTCCAACATG,,,,
GTSP3068-3_u5,U5,GCGGAAAGACCGATACCATCNNNNNNNNNNNNCTCCGCTTAAGGGACT,TGAAGGTCCCAT,,,,
GTSP3068-4_u5,U5,GCGGAAAGACCGATACCATCNNNNNNNNNNNNCTCCGCTTAAGGGACT,ATGAGGAATAGC,,,,
GTSP3069-1_u3,U3,CCAACGCAAGACATGCAGCANNNNNNNNNNNNCTCCGCTTAAGGGACT,GGCGCGGTTTAA,,,,
GTSP3069-2_u3,U3,CCAACGCAAGACATGCAGCANNNNNNNNNNNNCTCCGCTTAAGGGACT,CCGGTATGCAAG,,,,
GTSP3069-3_u3,U3,CCAACGCAAGACATGCAGCANNNNNNNNNNNNCTCCGCTTAAGGGACT,ATTATCGTGCAC,,,,
GTSP3069-4_u3,U3,CCAACGCAAGACATGCAGCANNNNNNNNNNNNCTCCGCTTAAGGGACT,TAGACCTAGACC,,,,
GTSP3069-1_u5,U5,CCAACGCAAGACATGCAGCANNNNNNNNNNNNCTCCGCTTAAGGGACT,GTGGTGGATTCT,,,,
GTSP3069-2_u5,U5,CCAACGCAAGACATGCAGCANNNNNNNNNNNNCTCCGCTTAAGGGACT,CTTTGACTTGAG,,,,
GTSP3069-3_u5,U5,CCAACGCAAGACATGCAGCANNNNNNNNNNNNCTCCGCTTAAGGGACT,CAGGCTAGGTAC,,,,
GTSP3069-4_u5,U5,CCAACGCAAGACATGCAGCANNNNNNNNNNNNCTCCGCTTAAGGGACT,ACGTACTCAGTG,,,,
GTSP3070-1_u3,U3,ATCGCAGGTAGGTACAGCGTNNNNNNNNNNNNCTCCGCTTAAGGGACT,GATACGTCCTGA,,,,
GTSP3070-2_u3,U3,ATCGCAGGTAGGTACAGCGTNNNNNNNNNNNNCTCCGCTTAAGGGACT,TTCTCACCTTTC,,,,
GTSP3070-3_u3,U3,ATCGCAGGTAGGTACAGCGTNNNNNNNNNNNNCTCCGCTTAAGGGACT,CCAGGTATATTC,,,,
GTSP3070-4_u3,U3,ATCGCAGGTAGGTACAGCGTNNNNNNNNNNNNCTCCGCTTAAGGGACT,TGTGCAAGCGAC,,,,
GTSP3070-1_u5,U5,ATCGCAGGTAGGTACAGCGTNNNNNNNNNNNNCTCCGCTTAAGGGACT,CGTATTGCTTGA,,,,
GTSP3070-2_u5,U5,ATCGCAGGTAGGTACAGCGTNNNNNNNNNNNNCTCCGCTTAAGGGACT,TGTTCCAACATG,,,,
GTSP3070-3_u5,U5,ATCGCAGGTAGGTACAGCGTNNNNNNNNNNNNCTCCGCTTAAGGGACT,TGAAGGTCCCAT,,,,
GTSP3070-4_u5,U5,ATCGCAGGTAGGTACAGCGTNNNNNNNNNNNNCTCCGCTTAAGGGACT,ATGAGGAATAGC,,,,
20190926293TControl-1_u3,U3,GCAATCAATACCCGGAACCGNNNNNNNNNNNNCTCCGCTTAAGGGACT,GGCGCGGTTTAA,,,,
20190926293TControl-2_u3,U3,GCAATCAATACCCGGAACCGNNNNNNNNNNNNCTCCGCTTAAGGGACT,CCGGTATGCAAG,,,,
20190926293TControl-3_u3,U3,GCAATCAATACCCGGAACCGNNNNNNNNNNNNCTCCGCTTAAGGGACT,ATTATCGTGCAC,,,,
20190926293TControl-4_u3,U3,GCAATCAATACCCGGAACCGNNNNNNNNNNNNCTCCGCTTAAGGGACT,TAGACCTAGACC,,,,
20190926293TControl-1_u5,U5,GCAATCAATACCCGGAACCGNNNNNNNNNNNNCTCCGCTTAAGGGACT,GTGGTGGATTCT,,,,
20190926293TControl-2_u5,U5,GCAATCAATACCCGGAACCGNNNNNNNNNNNNCTCCGCTTAAGGGACT,CTTTGACTTGAG,,,,
20190926293TControl-3_u5,U5,GCAATCAATACCCGGAACCGNNNNNNNNNNNNCTCCGCTTAAGGGACT,CAGGCTAGGTAC,,,,
20190926293TControl-4_u5,U5,GCAATCAATACCCGGAACCGNNNNNNNNNNNNCTCCGCTTAAGGGACT,ACGTACTCAGTG,,,,
20190926H2OControl-1_u3,U3,ACCATTGCCCGACAATGCGANNNNNNNNNNNNCTCCGCTTAAGGGACT,GATACGTCCTGA,,,,
20190926H2OControl-2_u3,U3,ACCATTGCCCGACAATGCGANNNNNNNNNNNNCTCCGCTTAAGGGACT,TTCTCACCTTTC,,,,
20190926H2OControl-3_u3,U3,ACCATTGCCCGACAATGCGANNNNNNNNNNNNCTCCGCTTAAGGGACT,CCAGGTATATTC,,,,
20190926H2OControl-4_u3,U3,ACCATTGCCCGACAATGCGANNNNNNNNNNNNCTCCGCTTAAGGGACT,TGTGCAAGCGAC,,,,
20190926H2OControl-1_u5,U5,ACCATTGCCCGACAATGCGANNNNNNNNNNNNCTCCGCTTAAGGGACT,CGTATTGCTTGA,,,,
20190926H2OControl-2_u5,U5,ACCATTGCCCGACAATGCGANNNNNNNNNNNNCTCCGCTTAAGGGACT,TGTTCCAACATG,,,,
20190926H2OControl-3_u5,U5,ACCATTGCCCGACAATGCGANNNNNNNNNNNNCTCCGCTTAAGGGACT,TGAAGGTCCCAT,,,,
20190926H2OControl-4_u5,U5,ACCATTGCCCGACAATGCGANNNNNNNNNNNNCTCCGCTTAAGGGACT,ATGAGGAATAGC,,,,
