sample_name,Sample_Plate,I7_Index_ID,index,I5_Index_ID,index2,barcode_sequence,primer_sequence,linker_sequence
AS_B1,,F01,TTGATGCTATGC,GC2,AATCCGTACAGC,TTGATGCTATGCAATCCGTACAGC,AAA,AAA
AS_B2,,F07,ACACTAGATCCG,GC2,AATCCGTACAGC,ACACTAGATCCGAATCCGTACAGC,AAA,AAA
AS_B3,,G01,CACATCTAACAC,GC2,AATCCGTACAGC,CACATCTAACACAATCCGTACAGC,AAA,AAA
AS_B4,,A06,CTACCGGATCAA,GC1,AATCAGTCTCGT,CTACCGGATCAAAATCAGTCTCGT,AAA,AAA
AS_B5,,B06,AGCAAACACCCG,GC1,AATCAGTCTCGT,AGCAAACACCCGAATCAGTCTCGT,AAA,AAA
AS01,,E04,TGGCATACGGCA,GC2,AATCCGTACAGC,TGGCATACGGCAAATCCGTACAGC,AAA,AAA
AS02,,E05,AGAGCCTACGTT,GC2,AATCCGTACAGC,AGAGCCTACGTTAATCCGTACAGC,AAA,AAA
AS03,,E06,TCAAGCTCAAGC,GC2,AATCCGTACAGC,TCAAGCTCAAGCAATCCGTACAGC,AAA,AAA
AS04,,E07,CCAAGTCTTACA,GC2,AATCCGTACAGC,CCAAGTCTTACAAATCCGTACAGC,AAA,AAA
AS05,,E08,GCACTACCGAAT,GC2,AATCCGTACAGC,GCACTACCGAATAATCCGTACAGC,AAA,AAA
AS06,,E09,TCGCATGAAGTC,GC2,AATCCGTACAGC,TCGCATGAAGTCAATCCGTACAGC,AAA,AAA
AS07,,E10,GATAGCTGTCTT,GC2,AATCCGTACAGC,GATAGCTGTCTTAATCCGTACAGC,AAA,AAA
AS08,,E11,TGGAGCACGTTG,GC2,AATCCGTACAGC,TGGAGCACGTTGAATCCGTACAGC,AAA,AAA
AS09,,E12,TTCCGTAGGGAT,GC2,AATCCGTACAGC,TTCCGTAGGGATAATCCGTACAGC,AAA,AAA
AS10,,F02,ATTAGTTCGCGT,GC2,AATCCGTACAGC,ATTAGTTCGCGTAATCCGTACAGC,AAA,AAA
AS11,,A12,ATGTACGGCGAC,GC1,AATCAGTCTCGT,ATGTACGGCGACAATCAGTCTCGT,AAA,AAA
AS12,,B01,CTCTACCTCTAC,GC1,AATCAGTCTCGT,CTCTACCTCTACAATCAGTCTCGT,AAA,AAA
AS13,,B02,TGGCAAGACTCT,GC1,AATCAGTCTCGT,TGGCAAGACTCTAATCAGTCTCGT,AAA,AAA
AS14,,B03,CTCGAGAGTACG,GC1,AATCAGTCTCGT,CTCGAGAGTACGAATCAGTCTCGT,AAA,AAA
AS15,,B04,CTAGATTTGCCA,GC1,AATCAGTCTCGT,CTAGATTTGCCAAATCAGTCTCGT,AAA,AAA
AS16,,B05,TACTAATCTGCG,GC1,AATCAGTCTCGT,TACTAATCTGCGAATCAGTCTCGT,AAA,AAA
AS17,,B07,AAGATGGATCAG,GC1,AATCAGTCTCGT,AAGATGGATCAGAATCAGTCTCGT,AAA,AAA
AS18,,B08,TACGATGACCAC,GC1,AATCAGTCTCGT,TACGATGACCACAATCAGTCTCGT,AAA,AAA
AS19,,B09,CTTGCTGAAGAC,GC1,AATCAGTCTCGT,CTTGCTGAAGACAATCAGTCTCGT,AAA,AAA
AS20,,B10,CTCCTGAAAGTT,GC1,AATCAGTCTCGT,CTCCTGAAAGTTAATCAGTCTCGT,AAA,AAA
AS21,,A01,GACACATTTCTG,GC1,AATCAGTCTCGT,GACACATTTCTGAATCAGTCTCGT,AAA,AAA
AS22,,A02,CCATAGGGTTCA,GC1,AATCAGTCTCGT,CCATAGGGTTCAAATCAGTCTCGT,AAA,AAA
AS23,,A03,GTGGGATGTTTC,GC1,AATCAGTCTCGT,GTGGGATGTTTCAATCAGTCTCGT,AAA,AAA
AS24,,A04,TAAACCGCGTGT,GC1,AATCAGTCTCGT,TAAACCGCGTGTAATCAGTCTCGT,AAA,AAA
AS25,,A05,GCTCAGTGCAGA,GC1,AATCAGTCTCGT,GCTCAGTGCAGAAATCAGTCTCGT,AAA,AAA
AS26,,A07,ATGGACCGAACC,GC1,AATCAGTCTCGT,ATGGACCGAACCAATCAGTCTCGT,AAA,AAA
AS27,,A08,TAACTCTGATGC,GC1,AATCAGTCTCGT,TAACTCTGATGCAATCAGTCTCGT,AAA,AAA
AS28,,A09,CGTTTAGAGTCG,GC1,AATCAGTCTCGT,CGTTTAGAGTCGAATCAGTCTCGT,AAA,AAA
AS29,,A10,ACACGAGCCACA,GC1,AATCAGTCTCGT,ACACGAGCCACAAATCAGTCTCGT,AAA,AAA
AS30,,A11,GTCGTCCTAAAT,GC1,AATCAGTCTCGT,GTCGTCCTAAATAATCAGTCTCGT,AAA,AAA
AS31,,F03,CCTCTCGTGATC,GC2,AATCCGTACAGC,CCTCTCGTGATCAATCCGTACAGC,AAA,AAA
AS32,,F04,ACTATTGTCACG,GC2,AATCCGTACAGC,ACTATTGTCACGAATCCGTACAGC,AAA,AAA
AS33,,F05,CGGACTACAACT,GC2,AATCCGTACAGC,CGGACTACAACTAATCCGTACAGC,AAA,AAA
AS34,,F06,TAATCCACAGCG,GC2,AATCCGTACAGC,TAATCCACAGCGAATCCGTACAGC,AAA,AAA
AS35,,F08,GGTAACAGCTCG,GC2,AATCCGTACAGC,GGTAACAGCTCGAATCCGTACAGC,AAA,AAA
AS36,,F09,TTGCAGACAGGC,GC2,AATCCGTACAGC,TTGCAGACAGGCAATCCGTACAGC,AAA,AAA
AS37,,F10,TGACCGGTCAAT,GC2,AATCCGTACAGC,TGACCGGTCAATAATCCGTACAGC,AAA,AAA
AS38,,F11,GCGACTTGTGTA,GC2,AATCCGTACAGC,GCGACTTGTGTAAATCCGTACAGC,AAA,AAA
AS39,,F12,CCTAATGGAACC,GC2,AATCCGTACAGC,CCTAATGGAACCAATCCGTACAGC,AAA,AAA
AS40,,G02,CCATACATAGCT,GC2,AATCCGTACAGC,CCATACATAGCTAATCCGTACAGC,AAA,AAA
FP_B1,,E06,TCAAGCTCAAGC,GC10,GTACATACCGGT,TCAAGCTCAAGCGTACATACCGGT,AAA,AAA
FP_B10,,H09,TGCGGCATCGAA,GC9,GTATGCGCTGTA,TGCGGCATCGAAGTATGCGCTGTA,AAA,AAA
FP_B11,,H10,CCTCTACCTACG,GC9,GTATGCGCTGTA,CCTCTACCTACGGTATGCGCTGTA,AAA,AAA
FP_B2,,F06,TAATCCACAGCG,GC10,GTACATACCGGT,TAATCCACAGCGGTACATACCGGT,AAA,AAA
FP_B3,,G06,GGTCACTGACAG,GC10,GTACATACCGGT,GGTCACTGACAGGTACATACCGGT,AAA,AAA
FP_B4,,H06,GACTCGAATCGT,GC10,GTACATACCGGT,GACTCGAATCGTGTACATACCGGT,AAA,AAA
FP_B5,,H09,TGCGGCATCGAA,GC10,GTACATACCGGT,TGCGGCATCGAAGTACATACCGGT,AAA,AAA
FP_B6,,E06,TCAAGCTCAAGC,GC9,GTATGCGCTGTA,TCAAGCTCAAGCGTATGCGCTGTA,AAA,AAA
FP_B7,,F06,TAATCCACAGCG,GC9,GTATGCGCTGTA,TAATCCACAGCGGTATGCGCTGTA,AAA,AAA
FP_B8,,G06,GGTCACTGACAG,GC9,GTATGCGCTGTA,GGTCACTGACAGGTATGCGCTGTA,AAA,AAA
FP_B9,,H06,GACTCGAATCGT,GC9,GTATGCGCTGTA,GACTCGAATCGTGTATGCGCTGTA,AAA,AAA
FP01,,E01,GTATTACGATCC,GC10,GTACATACCGGT,GTATTACGATCCGTACATACCGGT,AAA,AAA
FP02,,E02,TTATGCAGTCGT,GC10,GTACATACCGGT,TTATGCAGTCGTGTACATACCGGT,AAA,AAA
FP03,,E03,CCATGCGATAAC,GC10,GTACATACCGGT,CCATGCGATAACGTACATACCGGT,AAA,AAA
FP04,,E04,TGGCATACGGCA,GC10,GTACATACCGGT,TGGCATACGGCAGTACATACCGGT,AAA,AAA
FP05,,E05,AGAGCCTACGTT,GC10,GTACATACCGGT,AGAGCCTACGTTGTACATACCGGT,AAA,AAA
FP06,,E07,CCAAGTCTTACA,GC10,GTACATACCGGT,CCAAGTCTTACAGTACATACCGGT,AAA,AAA
FP07,,E08,GCACTACCGAAT,GC10,GTACATACCGGT,GCACTACCGAATGTACATACCGGT,AAA,AAA
FP08,,E09,TCGCATGAAGTC,GC10,GTACATACCGGT,TCGCATGAAGTCGTACATACCGGT,AAA,AAA
FP09,,E10,GATAGCTGTCTT,GC10,GTACATACCGGT,GATAGCTGTCTTGTACATACCGGT,AAA,AAA
FP10,,E11,TGGAGCACGTTG,GC10,GTACATACCGGT,TGGAGCACGTTGGTACATACCGGT,AAA,AAA
FP11,,E12,TTCCGTAGGGAT,GC10,GTACATACCGGT,TTCCGTAGGGATGTACATACCGGT,AAA,AAA
FP12,,F01,TTGATGCTATGC,GC10,GTACATACCGGT,TTGATGCTATGCGTACATACCGGT,AAA,AAA
FP13,,F02,ATTAGTTCGCGT,GC10,GTACATACCGGT,ATTAGTTCGCGTGTACATACCGGT,AAA,AAA
FP14,,F03,CCTCTCGTGATC,GC10,GTACATACCGGT,CCTCTCGTGATCGTACATACCGGT,AAA,AAA
FP15,,F04,ACTATTGTCACG,GC10,GTACATACCGGT,ACTATTGTCACGGTACATACCGGT,AAA,AAA
FP16,,F05,CGGACTACAACT,GC10,GTACATACCGGT,CGGACTACAACTGTACATACCGGT,AAA,AAA
FP17,,F07,ACACTAGATCCG,GC10,GTACATACCGGT,ACACTAGATCCGGTACATACCGGT,AAA,AAA
FP18,,F08,GGTAACAGCTCG,GC10,GTACATACCGGT,GGTAACAGCTCGGTACATACCGGT,AAA,AAA
FP19,,F09,TTGCAGACAGGC,GC10,GTACATACCGGT,TTGCAGACAGGCGTACATACCGGT,AAA,AAA
FP20,,F10,TGACCGGTCAAT,GC10,GTACATACCGGT,TGACCGGTCAATGTACATACCGGT,AAA,AAA
FP21,,F11,GCGACTTGTGTA,GC10,GTACATACCGGT,GCGACTTGTGTAGTACATACCGGT,AAA,AAA
FP22,,F12,CCTAATGGAACC,GC10,GTACATACCGGT,CCTAATGGAACCGTACATACCGGT,AAA,AAA
FP23,,G01,CACATCTAACAC,GC10,GTACATACCGGT,CACATCTAACACGTACATACCGGT,AAA,AAA
FP24,,G02,CCATACATAGCT,GC10,GTACATACCGGT,CCATACATAGCTGTACATACCGGT,AAA,AAA
FP25,,G03,GCCTGAATTTAC,GC10,GTACATACCGGT,GCCTGAATTTACGTACATACCGGT,AAA,AAA
FP26,,G04,CGAGTTGTAGCG,GC10,GTACATACCGGT,CGAGTTGTAGCGGTACATACCGGT,AAA,AAA
FP27,,G05,CGGGTTTGACGA,GC10,GTACATACCGGT,CGGGTTTGACGAGTACATACCGGT,AAA,AAA
FP28,,G07,GCTCGAAGATCG,GC10,GTACATACCGGT,GCTCGAAGATCGGTACATACCGGT,AAA,AAA
FP29,,G08,CAGCATGTGTTG,GC10,GTACATACCGGT,CAGCATGTGTTGGTACATACCGGT,AAA,AAA
FP30,,G09,GAGGCCATCAGT,GC10,GTACATACCGGT,GAGGCCATCAGTGTACATACCGGT,AAA,AAA
FP31,,G10,TGTGATGGAGAA,GC10,GTACATACCGGT,TGTGATGGAGAAGTACATACCGGT,AAA,AAA
FP32,,G11,ATTCATGGACGC,GC10,GTACATACCGGT,ATTCATGGACGCGTACATACCGGT,AAA,AAA
FP33,,G12,TTCTGGGAACAC,GC10,GTACATACCGGT,TTCTGGGAACACGTACATACCGGT,AAA,AAA
FP34,,H01,GCATGGCTCTAA,GC10,GTACATACCGGT,GCATGGCTCTAAGTACATACCGGT,AAA,AAA
FP35,,H02,ATGATGACCCGT,GC10,GTACATACCGGT,ATGATGACCCGTGTACATACCGGT,AAA,AAA
FP36,,H03,GTCCGAAACACT,GC10,GTACATACCGGT,GTCCGAAACACTGTACATACCGGT,AAA,AAA
FP37,,H04,CGACTGTCTTAA,GC10,GTACATACCGGT,CGACTGTCTTAAGTACATACCGGT,AAA,AAA
FP38,,H05,TGGCACCGATTA,GC10,GTACATACCGGT,TGGCACCGATTAGTACATACCGGT,AAA,AAA
FP39,,H07,CGCAAATTCGAC,GC10,GTACATACCGGT,CGCAAATTCGACGTACATACCGGT,AAA,AAA
FP40,,H08,ACGTGAGAGAAT,GC10,GTACATACCGGT,ACGTGAGAGAATGTACATACCGGT,AAA,AAA
FP41,,E01,GTATTACGATCC,GC9,GTATGCGCTGTA,GTATTACGATCCGTATGCGCTGTA,AAA,AAA
FP42,,E02,TTATGCAGTCGT,GC9,GTATGCGCTGTA,TTATGCAGTCGTGTATGCGCTGTA,AAA,AAA
FP43,,E03,CCATGCGATAAC,GC9,GTATGCGCTGTA,CCATGCGATAACGTATGCGCTGTA,AAA,AAA
FP44,,E04,TGGCATACGGCA,GC9,GTATGCGCTGTA,TGGCATACGGCAGTATGCGCTGTA,AAA,AAA
FP45,,E05,AGAGCCTACGTT,GC9,GTATGCGCTGTA,AGAGCCTACGTTGTATGCGCTGTA,AAA,AAA
FP46,,E07,CCAAGTCTTACA,GC9,GTATGCGCTGTA,CCAAGTCTTACAGTATGCGCTGTA,AAA,AAA
FP47,,E08,GCACTACCGAAT,GC9,GTATGCGCTGTA,GCACTACCGAATGTATGCGCTGTA,AAA,AAA
FP48,,E09,TCGCATGAAGTC,GC9,GTATGCGCTGTA,TCGCATGAAGTCGTATGCGCTGTA,AAA,AAA
FP49,,E10,GATAGCTGTCTT,GC9,GTATGCGCTGTA,GATAGCTGTCTTGTATGCGCTGTA,AAA,AAA
FP50,,E11,TGGAGCACGTTG,GC9,GTATGCGCTGTA,TGGAGCACGTTGGTATGCGCTGTA,AAA,AAA
FP51,,E12,TTCCGTAGGGAT,GC9,GTATGCGCTGTA,TTCCGTAGGGATGTATGCGCTGTA,AAA,AAA
FP52,,F01,TTGATGCTATGC,GC9,GTATGCGCTGTA,TTGATGCTATGCGTATGCGCTGTA,AAA,AAA
FP53,,F02,ATTAGTTCGCGT,GC9,GTATGCGCTGTA,ATTAGTTCGCGTGTATGCGCTGTA,AAA,AAA
FP54,,F03,CCTCTCGTGATC,GC9,GTATGCGCTGTA,CCTCTCGTGATCGTATGCGCTGTA,AAA,AAA
FP55,,F04,ACTATTGTCACG,GC9,GTATGCGCTGTA,ACTATTGTCACGGTATGCGCTGTA,AAA,AAA
FP56,,F05,CGGACTACAACT,GC9,GTATGCGCTGTA,CGGACTACAACTGTATGCGCTGTA,AAA,AAA
FP57,,F07,ACACTAGATCCG,GC9,GTATGCGCTGTA,ACACTAGATCCGGTATGCGCTGTA,AAA,AAA
FP58,,F08,GGTAACAGCTCG,GC9,GTATGCGCTGTA,GGTAACAGCTCGGTATGCGCTGTA,AAA,AAA
FP59,,F09,TTGCAGACAGGC,GC9,GTATGCGCTGTA,TTGCAGACAGGCGTATGCGCTGTA,AAA,AAA
FP60,,F10,TGACCGGTCAAT,GC9,GTATGCGCTGTA,TGACCGGTCAATGTATGCGCTGTA,AAA,AAA
FP61,,F11,GCGACTTGTGTA,GC9,GTATGCGCTGTA,GCGACTTGTGTAGTATGCGCTGTA,AAA,AAA
FP62,,F12,CCTAATGGAACC,GC9,GTATGCGCTGTA,CCTAATGGAACCGTATGCGCTGTA,AAA,AAA
FP63,,G01,CACATCTAACAC,GC9,GTATGCGCTGTA,CACATCTAACACGTATGCGCTGTA,AAA,AAA
FP64,,G02,CCATACATAGCT,GC9,GTATGCGCTGTA,CCATACATAGCTGTATGCGCTGTA,AAA,AAA
FP65,,G03,GCCTGAATTTAC,GC9,GTATGCGCTGTA,GCCTGAATTTACGTATGCGCTGTA,AAA,AAA
FP66,,G04,CGAGTTGTAGCG,GC9,GTATGCGCTGTA,CGAGTTGTAGCGGTATGCGCTGTA,AAA,AAA
FP67,,G05,CGGGTTTGACGA,GC9,GTATGCGCTGTA,CGGGTTTGACGAGTATGCGCTGTA,AAA,AAA
FP68,,G07,GCTCGAAGATCG,GC9,GTATGCGCTGTA,GCTCGAAGATCGGTATGCGCTGTA,AAA,AAA
FP69,,G08,CAGCATGTGTTG,GC9,GTATGCGCTGTA,CAGCATGTGTTGGTATGCGCTGTA,AAA,AAA
FP70,,G09,GAGGCCATCAGT,GC9,GTATGCGCTGTA,GAGGCCATCAGTGTATGCGCTGTA,AAA,AAA
FP71,,G10,TGTGATGGAGAA,GC9,GTATGCGCTGTA,TGTGATGGAGAAGTATGCGCTGTA,AAA,AAA
FP72,,G11,ATTCATGGACGC,GC9,GTATGCGCTGTA,ATTCATGGACGCGTATGCGCTGTA,AAA,AAA
FP73,,G12,TTCTGGGAACAC,GC9,GTATGCGCTGTA,TTCTGGGAACACGTATGCGCTGTA,AAA,AAA
FP74,,H01,GCATGGCTCTAA,GC9,GTATGCGCTGTA,GCATGGCTCTAAGTATGCGCTGTA,AAA,AAA
FP75,,H02,ATGATGACCCGT,GC9,GTATGCGCTGTA,ATGATGACCCGTGTATGCGCTGTA,AAA,AAA
FP76,,H03,GTCCGAAACACT,GC9,GTATGCGCTGTA,GTCCGAAACACTGTATGCGCTGTA,AAA,AAA
FP77,,H04,CGACTGTCTTAA,GC9,GTATGCGCTGTA,CGACTGTCTTAAGTATGCGCTGTA,AAA,AAA
FP78,,H05,TGGCACCGATTA,GC9,GTATGCGCTGTA,TGGCACCGATTAGTATGCGCTGTA,AAA,AAA
FP79,,H07,CGCAAATTCGAC,GC9,GTATGCGCTGTA,CGCAAATTCGACGTATGCGCTGTA,AAA,AAA
FP80,,H08,ACGTGAGAGAAT,GC9,GTATGCGCTGTA,ACGTGAGAGAATGTATGCGCTGTA,AAA,AAA
H2O1,,H10,CCTCTACCTACG,GC10,GTACATACCGGT,CCTCTACCTACGGTACATACCGGT,AAA,AAA
H2O10,,G03,GCCTGAATTTAC,GC2,AATCCGTACAGC,GCCTGAATTTACAATCCGTACAGC,AAA,AAA
H2O11,,G04,CGAGTTGTAGCG,GC2,AATCCGTACAGC,CGAGTTGTAGCGAATCCGTACAGC,AAA,AAA
H2O12,,G05,CGGGTTTGACGA,GC2,AATCCGTACAGC,CGGGTTTGACGAAATCCGTACAGC,AAA,AAA
H2O13,,D11,CATTTGGACGAC,GC10,GTACATACCGGT,CATTTGGACGACGTACATACCGGT,AAA,AAA
H2O14,,D12,TACCTCTCAGAA,GC10,GTACATACCGGT,TACCTCTCAGAAGTACATACCGGT,AAA,AAA
H2O15,,B11,CCTTGGCTATCC,GC1,AATCAGTCTCGT,CCTTGGCTATCCAATCAGTCTCGT,AAA,AAA
H2O16,,B12,TAATCGGATTCC,GC1,AATCAGTCTCGT,TAATCGGATTCCAATCAGTCTCGT,AAA,AAA
H2O17,,F10,TGACCGGTCAAT,GC1,AATCAGTCTCGT,TGACCGGTCAATAATCAGTCTCGT,AAA,AAA
H2O18,,F11,GCGACTTGTGTA,GC1,AATCAGTCTCGT,GCGACTTGTGTAAATCAGTCTCGT,AAA,AAA
H2O19,,F12,CCTAATGGAACC,GC1,AATCAGTCTCGT,CCTAATGGAACCAATCAGTCTCGT,AAA,AAA
H2O2,,H11,GTTACGCATTAC,GC10,GTACATACCGGT,GTTACGCATTACGTACATACCGGT,AAA,AAA
H2O20,,D12,TACCTCTCAGAA,GC3,ACACCTGGTGAT,TACCTCTCAGAAACACCTGGTGAT,AAA,AAA
H2O3,,H12,ATTATACCTCGG,GC10,GTACATACCGGT,ATTATACCTCGGGTACATACCGGT,AAA,AAA
H2O4,,D11,CATTTGGACGAC,GC9,GTATGCGCTGTA,CATTTGGACGACGTATGCGCTGTA,AAA,AAA
H2O5,,D12,TACCTCTCAGAA,GC9,GTATGCGCTGTA,TACCTCTCAGAAGTATGCGCTGTA,AAA,AAA
H2O6,,H11,GTTACGCATTAC,GC9,GTATGCGCTGTA,GTTACGCATTACGTATGCGCTGTA,AAA,AAA
H2O7,,H12,ATTATACCTCGG,GC9,GTATGCGCTGTA,ATTATACCTCGGGTATGCGCTGTA,AAA,AAA
H2O8,,E02,TTATGCAGTCGT,GC2,AATCCGTACAGC,TTATGCAGTCGTAATCCGTACAGC,AAA,AAA
H2O9,,E03,CCATGCGATAAC,GC2,AATCCGTACAGC,CCATGCGATAACAATCCGTACAGC,AAA,AAA
MP_B1,,A06,CTACCGGATCAA,GC10,GTACATACCGGT,CTACCGGATCAAGTACATACCGGT,AAA,AAA
MP_B10,,D10,TGGACACCGAAC,GC9,GTATGCGCTGTA,TGGACACCGAACGTATGCGCTGTA,AAA,AAA
MP_B2,,B06,AGCAAACACCCG,GC10,GTACATACCGGT,AGCAAACACCCGGTACATACCGGT,AAA,AAA
MP_B3,,C06,AACCGCGGTCAA,GC10,GTACATACCGGT,AACCGCGGTCAAGTACATACCGGT,AAA,AAA
MP_B4,,D06,GATTGGTTGCAC,GC10,GTACATACCGGT,GATTGGTTGCACGTACATACCGGT,AAA,AAA
MP_B5,,D10,TGGACACCGAAC,GC10,GTACATACCGGT,TGGACACCGAACGTACATACCGGT,AAA,AAA
MP_B6,,A06,CTACCGGATCAA,GC9,GTATGCGCTGTA,CTACCGGATCAAGTATGCGCTGTA,AAA,AAA
MP_B7,,B06,AGCAAACACCCG,GC9,GTATGCGCTGTA,AGCAAACACCCGGTATGCGCTGTA,AAA,AAA
MP_B8,,C06,AACCGCGGTCAA,GC9,GTATGCGCTGTA,AACCGCGGTCAAGTATGCGCTGTA,AAA,AAA
MP_B9,,D06,GATTGGTTGCAC,GC9,GTATGCGCTGTA,GATTGGTTGCACGTATGCGCTGTA,AAA,AAA
MP01,,A01,GACACATTTCTG,GC10,GTACATACCGGT,GACACATTTCTGGTACATACCGGT,AAA,AAA
MP02,,A02,CCATAGGGTTCA,GC10,GTACATACCGGT,CCATAGGGTTCAGTACATACCGGT,AAA,AAA
MP03,,A03,GTGGGATGTTTC,GC10,GTACATACCGGT,GTGGGATGTTTCGTACATACCGGT,AAA,AAA
MP04,,A04,TAAACCGCGTGT,GC10,GTACATACCGGT,TAAACCGCGTGTGTACATACCGGT,AAA,AAA
MP05,,A05,GCTCAGTGCAGA,GC10,GTACATACCGGT,GCTCAGTGCAGAGTACATACCGGT,AAA,AAA
MP06,,A07,ATGGACCGAACC,GC10,GTACATACCGGT,ATGGACCGAACCGTACATACCGGT,AAA,AAA
MP07,,A08,TAACTCTGATGC,GC10,GTACATACCGGT,TAACTCTGATGCGTACATACCGGT,AAA,AAA
MP08,,A09,CGTTTAGAGTCG,GC10,GTACATACCGGT,CGTTTAGAGTCGGTACATACCGGT,AAA,AAA
MP09,,A10,ACACGAGCCACA,GC10,GTACATACCGGT,ACACGAGCCACAGTACATACCGGT,AAA,AAA
MP10,,A11,GTCGTCCTAAAT,GC10,GTACATACCGGT,GTCGTCCTAAATGTACATACCGGT,AAA,AAA
MP11,,A12,ATGTACGGCGAC,GC10,GTACATACCGGT,ATGTACGGCGACGTACATACCGGT,AAA,AAA
MP12,,B01,CTCTACCTCTAC,GC10,GTACATACCGGT,CTCTACCTCTACGTACATACCGGT,AAA,AAA
MP13,,B02,TGGCAAGACTCT,GC10,GTACATACCGGT,TGGCAAGACTCTGTACATACCGGT,AAA,AAA
MP14,,B03,CTCGAGAGTACG,GC10,GTACATACCGGT,CTCGAGAGTACGGTACATACCGGT,AAA,AAA
MP15,,B04,CTAGATTTGCCA,GC10,GTACATACCGGT,CTAGATTTGCCAGTACATACCGGT,AAA,AAA
MP16,,B05,TACTAATCTGCG,GC10,GTACATACCGGT,TACTAATCTGCGGTACATACCGGT,AAA,AAA
MP17,,B07,AAGATGGATCAG,GC10,GTACATACCGGT,AAGATGGATCAGGTACATACCGGT,AAA,AAA
MP18,,B08,TACGATGACCAC,GC10,GTACATACCGGT,TACGATGACCACGTACATACCGGT,AAA,AAA
MP19,,B09,CTTGCTGAAGAC,GC10,GTACATACCGGT,CTTGCTGAAGACGTACATACCGGT,AAA,AAA
MP20,,B10,CTCCTGAAAGTT,GC10,GTACATACCGGT,CTCCTGAAAGTTGTACATACCGGT,AAA,AAA
MP21,,B11,CCTTGGCTATCC,GC10,GTACATACCGGT,CCTTGGCTATCCGTACATACCGGT,AAA,AAA
MP22,,B12,TAATCGGATTCC,GC10,GTACATACCGGT,TAATCGGATTCCGTACATACCGGT,AAA,AAA
MP23,,C02,TCGGAGTGTTGT,GC10,GTACATACCGGT,TCGGAGTGTTGTGTACATACCGGT,AAA,AAA
MP24,,C03,AACGAGAACTGA,GC10,GTACATACCGGT,AACGAGAACTGAGTACATACCGGT,AAA,AAA
MP25,,C04,TAAGGTAAGGTG,GC10,GTACATACCGGT,TAAGGTAAGGTGGTACATACCGGT,AAA,AAA
MP26,,C05,ATGTGGGACCCA,GC10,GTACATACCGGT,ATGTGGGACCCAGTACATACCGGT,AAA,AAA
MP27,,C07,AGCCGGCACATA,GC10,GTACATACCGGT,AGCCGGCACATAGTACATACCGGT,AAA,AAA
MP28,,C08,TTCGCCCTTCAG,GC10,GTACATACCGGT,TTCGCCCTTCAGGTACATACCGGT,AAA,AAA
MP29,,C09,GGAGGTTATCCG,GC10,GTACATACCGGT,GGAGGTTATCCGGTACATACCGGT,AAA,AAA
MP30,,C10,TTATCACGTGCA,GC10,GTACATACCGGT,TTATCACGTGCAGTACATACCGGT,AAA,AAA
MP31,,C11,CGTAACCAACCA,GC10,GTACATACCGGT,CGTAACCAACCAGTACATACCGGT,AAA,AAA
MP32,,C12,AACCATCGGGTG,GC10,GTACATACCGGT,AACCATCGGGTGGTACATACCGGT,AAA,AAA
MP33,,D01,CGCCAAATAACC,GC10,GTACATACCGGT,CGCCAAATAACCGTACATACCGGT,AAA,AAA
MP34,,D02,TCAACAGCATCG,GC10,GTACATACCGGT,TCAACAGCATCGGTACATACCGGT,AAA,AAA
MP35,,D03,CAACACGCACGA,GC10,GTACATACCGGT,CAACACGCACGAGTACATACCGGT,AAA,AAA
MP36,,D04,CAGGAAGGTTAA,GC10,GTACATACCGGT,CAGGAAGGTTAAGTACATACCGGT,AAA,AAA
MP37,,D05,TATGCACCAGTG,GC10,GTACATACCGGT,TATGCACCAGTGGTACATACCGGT,AAA,AAA
MP38,,D07,ACGATGCGACCA,GC10,GTACATACCGGT,ACGATGCGACCAGTACATACCGGT,AAA,AAA
MP39,,D08,ATTCTGTGAGCG,GC10,GTACATACCGGT,ATTCTGTGAGCGGTACATACCGGT,AAA,AAA
MP40,,D09,TAAAGTCACCCT,GC10,GTACATACCGGT,TAAAGTCACCCTGTACATACCGGT,AAA,AAA
MP41,,A01,GACACATTTCTG,GC9,GTATGCGCTGTA,GACACATTTCTGGTATGCGCTGTA,AAA,AAA
MP42,,A02,CCATAGGGTTCA,GC9,GTATGCGCTGTA,CCATAGGGTTCAGTATGCGCTGTA,AAA,AAA
MP43,,A03,GTGGGATGTTTC,GC9,GTATGCGCTGTA,GTGGGATGTTTCGTATGCGCTGTA,AAA,AAA
MP44,,A04,TAAACCGCGTGT,GC9,GTATGCGCTGTA,TAAACCGCGTGTGTATGCGCTGTA,AAA,AAA
MP45,,A05,GCTCAGTGCAGA,GC9,GTATGCGCTGTA,GCTCAGTGCAGAGTATGCGCTGTA,AAA,AAA
MP46,,A07,ATGGACCGAACC,GC9,GTATGCGCTGTA,ATGGACCGAACCGTATGCGCTGTA,AAA,AAA
MP47,,A08,TAACTCTGATGC,GC9,GTATGCGCTGTA,TAACTCTGATGCGTATGCGCTGTA,AAA,AAA
MP48,,A09,CGTTTAGAGTCG,GC9,GTATGCGCTGTA,CGTTTAGAGTCGGTATGCGCTGTA,AAA,AAA
MP49,,A10,ACACGAGCCACA,GC9,GTATGCGCTGTA,ACACGAGCCACAGTATGCGCTGTA,AAA,AAA
MP50,,A11,GTCGTCCTAAAT,GC9,GTATGCGCTGTA,GTCGTCCTAAATGTATGCGCTGTA,AAA,AAA
MP51,,A12,ATGTACGGCGAC,GC9,GTATGCGCTGTA,ATGTACGGCGACGTATGCGCTGTA,AAA,AAA
MP52,,B01,CTCTACCTCTAC,GC9,GTATGCGCTGTA,CTCTACCTCTACGTATGCGCTGTA,AAA,AAA
MP53,,B02,TGGCAAGACTCT,GC9,GTATGCGCTGTA,TGGCAAGACTCTGTATGCGCTGTA,AAA,AAA
MP54,,B03,CTCGAGAGTACG,GC9,GTATGCGCTGTA,CTCGAGAGTACGGTATGCGCTGTA,AAA,AAA
MP55,,B04,CTAGATTTGCCA,GC9,GTATGCGCTGTA,CTAGATTTGCCAGTATGCGCTGTA,AAA,AAA
MP56,,B05,TACTAATCTGCG,GC9,GTATGCGCTGTA,TACTAATCTGCGGTATGCGCTGTA,AAA,AAA
MP57,,B07,AAGATGGATCAG,GC9,GTATGCGCTGTA,AAGATGGATCAGGTATGCGCTGTA,AAA,AAA
MP58,,B08,TACGATGACCAC,GC9,GTATGCGCTGTA,TACGATGACCACGTATGCGCTGTA,AAA,AAA
MP59,,B09,CTTGCTGAAGAC,GC9,GTATGCGCTGTA,CTTGCTGAAGACGTATGCGCTGTA,AAA,AAA
MP60,,B10,CTCCTGAAAGTT,GC9,GTATGCGCTGTA,CTCCTGAAAGTTGTATGCGCTGTA,AAA,AAA
MP61,,B11,CCTTGGCTATCC,GC9,GTATGCGCTGTA,CCTTGGCTATCCGTATGCGCTGTA,AAA,AAA
MP62,,B12,TAATCGGATTCC,GC9,GTATGCGCTGTA,TAATCGGATTCCGTATGCGCTGTA,AAA,AAA
MP63,,C02,TCGGAGTGTTGT,GC9,GTATGCGCTGTA,TCGGAGTGTTGTGTATGCGCTGTA,AAA,AAA
MP64,,C03,AACGAGAACTGA,GC9,GTATGCGCTGTA,AACGAGAACTGAGTATGCGCTGTA,AAA,AAA
MP65,,C04,TAAGGTAAGGTG,GC9,GTATGCGCTGTA,TAAGGTAAGGTGGTATGCGCTGTA,AAA,AAA
MP66,,C05,ATGTGGGACCCA,GC9,GTATGCGCTGTA,ATGTGGGACCCAGTATGCGCTGTA,AAA,AAA
MP67,,C07,AGCCGGCACATA,GC9,GTATGCGCTGTA,AGCCGGCACATAGTATGCGCTGTA,AAA,AAA
MP68,,C08,TTCGCCCTTCAG,GC9,GTATGCGCTGTA,TTCGCCCTTCAGGTATGCGCTGTA,AAA,AAA
MP69,,C09,GGAGGTTATCCG,GC9,GTATGCGCTGTA,GGAGGTTATCCGGTATGCGCTGTA,AAA,AAA
MP70,,C10,TTATCACGTGCA,GC9,GTATGCGCTGTA,TTATCACGTGCAGTATGCGCTGTA,AAA,AAA
MP71,,C11,CGTAACCAACCA,GC9,GTATGCGCTGTA,CGTAACCAACCAGTATGCGCTGTA,AAA,AAA
MP72,,C12,AACCATCGGGTG,GC9,GTATGCGCTGTA,AACCATCGGGTGGTATGCGCTGTA,AAA,AAA
MP73,,D01,CGCCAAATAACC,GC9,GTATGCGCTGTA,CGCCAAATAACCGTATGCGCTGTA,AAA,AAA
MP74,,D02,TCAACAGCATCG,GC9,GTATGCGCTGTA,TCAACAGCATCGGTATGCGCTGTA,AAA,AAA
MP75,,D03,CAACACGCACGA,GC9,GTATGCGCTGTA,CAACACGCACGAGTATGCGCTGTA,AAA,AAA
MP76,,D04,CAGGAAGGTTAA,GC9,GTATGCGCTGTA,CAGGAAGGTTAAGTATGCGCTGTA,AAA,AAA
MP77,,D05,TATGCACCAGTG,GC9,GTATGCGCTGTA,TATGCACCAGTGGTATGCGCTGTA,AAA,AAA
MP78,,D07,ACGATGCGACCA,GC9,GTATGCGCTGTA,ACGATGCGACCAGTATGCGCTGTA,AAA,AAA
MP79,,D08,ATTCTGTGAGCG,GC9,GTATGCGCTGTA,ATTCTGTGAGCGGTATGCGCTGTA,AAA,AAA
MP80,,D09,TAAAGTCACCCT,GC9,GTATGCGCTGTA,TAAAGTCACCCTGTATGCGCTGTA,AAA,AAA
POS_control1,,C01,TAGCGGATCACG,GC10,GTACATACCGGT,TAGCGGATCACGGTACATACCGGT,AAA,AAA
POS_control2,,C01,TAGCGGATCACG,GC9,GTATGCGCTGTA,TAGCGGATCACGGTATGCGCTGTA,AAA,AAA
POS_control3,,C01,TAGCGGATCACG,GC2,AATCCGTACAGC,TAGCGGATCACGAATCCGTACAGC,AAA,AAA
POS_control4,,C01,TAGCGGATCACG,GC1,AATCAGTCTCGT,TAGCGGATCACGAATCAGTCTCGT,AAA,AAA
POS_control5,,C01,TAGCGGATCACG,GC3,ACACCTGGTGAT,TAGCGGATCACGACACCTGGTGAT,AAA,AAA
S_B1,,A06,CTACCGGATCAA,GC2,AATCCGTACAGC,CTACCGGATCAAAATCCGTACAGC,AAA,AAA
S_B10,,B06,AGCAAACACCCG,GC3,ACACCTGGTGAT,AGCAAACACCCGACACCTGGTGAT,AAA,AAA
S_B11,,C06,AACCGCGGTCAA,GC3,ACACCTGGTGAT,AACCGCGGTCAAACACCTGGTGAT,AAA,AAA
S_B12,,D06,GATTGGTTGCAC,GC3,ACACCTGGTGAT,GATTGGTTGCACACACCTGGTGAT,AAA,AAA
S_B13,,D10,TGGACACCGAAC,GC3,ACACCTGGTGAT,TGGACACCGAACACACCTGGTGAT,AAA,AAA
S_B14,,D11,CATTTGGACGAC,GC3,ACACCTGGTGAT,CATTTGGACGACACACCTGGTGAT,AAA,AAA
S_B2,,A12,ATGTACGGCGAC,GC2,AATCCGTACAGC,ATGTACGGCGACAATCCGTACAGC,AAA,AAA
S_B3,,B06,AGCAAACACCCG,GC2,AATCCGTACAGC,AGCAAACACCCGAATCCGTACAGC,AAA,AAA
S_B4,,B12,TAATCGGATTCC,GC2,AATCCGTACAGC,TAATCGGATTCCAATCCGTACAGC,AAA,AAA
S_B5,,C06,AACCGCGGTCAA,GC2,AATCCGTACAGC,AACCGCGGTCAAAATCCGTACAGC,AAA,AAA
S_B6,,C12,AACCATCGGGTG,GC2,AATCCGTACAGC,AACCATCGGGTGAATCCGTACAGC,AAA,AAA
S_B7,,D06,GATTGGTTGCAC,GC2,AATCCGTACAGC,GATTGGTTGCACAATCCGTACAGC,AAA,AAA
S_B8,,E01,GTATTACGATCC,GC2,AATCCGTACAGC,GTATTACGATCCAATCCGTACAGC,AAA,AAA
S_B9,,A06,CTACCGGATCAA,GC3,ACACCTGGTGAT,CTACCGGATCAAACACCTGGTGAT,AAA,AAA
S01,,A01,GACACATTTCTG,GC2,AATCCGTACAGC,GACACATTTCTGAATCCGTACAGC,AAA,AAA
S02,,A02,CCATAGGGTTCA,GC2,AATCCGTACAGC,CCATAGGGTTCAAATCCGTACAGC,AAA,AAA
S03,,A03,GTGGGATGTTTC,GC2,AATCCGTACAGC,GTGGGATGTTTCAATCCGTACAGC,AAA,AAA
S04,,A04,TAAACCGCGTGT,GC2,AATCCGTACAGC,TAAACCGCGTGTAATCCGTACAGC,AAA,AAA
S05,,A05,GCTCAGTGCAGA,GC2,AATCCGTACAGC,GCTCAGTGCAGAAATCCGTACAGC,AAA,AAA
S06,,A07,ATGGACCGAACC,GC2,AATCCGTACAGC,ATGGACCGAACCAATCCGTACAGC,AAA,AAA
S07,,A08,TAACTCTGATGC,GC2,AATCCGTACAGC,TAACTCTGATGCAATCCGTACAGC,AAA,AAA
S08,,A09,CGTTTAGAGTCG,GC2,AATCCGTACAGC,CGTTTAGAGTCGAATCCGTACAGC,AAA,AAA
S09,,A10,ACACGAGCCACA,GC2,AATCCGTACAGC,ACACGAGCCACAAATCCGTACAGC,AAA,AAA
S10,,A11,GTCGTCCTAAAT,GC2,AATCCGTACAGC,GTCGTCCTAAATAATCCGTACAGC,AAA,AAA
S11,,B01,CTCTACCTCTAC,GC2,AATCCGTACAGC,CTCTACCTCTACAATCCGTACAGC,AAA,AAA
S12,,B02,TGGCAAGACTCT,GC2,AATCCGTACAGC,TGGCAAGACTCTAATCCGTACAGC,AAA,AAA
S13,,B03,CTCGAGAGTACG,GC2,AATCCGTACAGC,CTCGAGAGTACGAATCCGTACAGC,AAA,AAA
S14,,B04,CTAGATTTGCCA,GC2,AATCCGTACAGC,CTAGATTTGCCAAATCCGTACAGC,AAA,AAA
S15,,B05,TACTAATCTGCG,GC2,AATCCGTACAGC,TACTAATCTGCGAATCCGTACAGC,AAA,AAA
S16,,B07,AAGATGGATCAG,GC2,AATCCGTACAGC,AAGATGGATCAGAATCCGTACAGC,AAA,AAA
S17,,B08,TACGATGACCAC,GC2,AATCCGTACAGC,TACGATGACCACAATCCGTACAGC,AAA,AAA
S18,,B09,CTTGCTGAAGAC,GC2,AATCCGTACAGC,CTTGCTGAAGACAATCCGTACAGC,AAA,AAA
S19,,B10,CTCCTGAAAGTT,GC2,AATCCGTACAGC,CTCCTGAAAGTTAATCCGTACAGC,AAA,AAA
S20,,B11,CCTTGGCTATCC,GC2,AATCCGTACAGC,CCTTGGCTATCCAATCCGTACAGC,AAA,AAA
S21,,C02,TCGGAGTGTTGT,GC2,AATCCGTACAGC,TCGGAGTGTTGTAATCCGTACAGC,AAA,AAA
S22,,C03,AACGAGAACTGA,GC2,AATCCGTACAGC,AACGAGAACTGAAATCCGTACAGC,AAA,AAA
S23,,C04,TAAGGTAAGGTG,GC2,AATCCGTACAGC,TAAGGTAAGGTGAATCCGTACAGC,AAA,AAA
S24,,C05,ATGTGGGACCCA,GC2,AATCCGTACAGC,ATGTGGGACCCAAATCCGTACAGC,AAA,AAA
S25,,C07,AGCCGGCACATA,GC2,AATCCGTACAGC,AGCCGGCACATAAATCCGTACAGC,AAA,AAA
S26,,C08,TTCGCCCTTCAG,GC2,AATCCGTACAGC,TTCGCCCTTCAGAATCCGTACAGC,AAA,AAA
S27,,C09,GGAGGTTATCCG,GC2,AATCCGTACAGC,GGAGGTTATCCGAATCCGTACAGC,AAA,AAA
S28,,C10,TTATCACGTGCA,GC2,AATCCGTACAGC,TTATCACGTGCAAATCCGTACAGC,AAA,AAA
S29,,C11,CGTAACCAACCA,GC2,AATCCGTACAGC,CGTAACCAACCAAATCCGTACAGC,AAA,AAA
S30,,D01,CGCCAAATAACC,GC2,AATCCGTACAGC,CGCCAAATAACCAATCCGTACAGC,AAA,AAA
S31,,D02,TCAACAGCATCG,GC2,AATCCGTACAGC,TCAACAGCATCGAATCCGTACAGC,AAA,AAA
S32,,D03,CAACACGCACGA,GC2,AATCCGTACAGC,CAACACGCACGAAATCCGTACAGC,AAA,AAA
S33,,D04,CAGGAAGGTTAA,GC2,AATCCGTACAGC,CAGGAAGGTTAAAATCCGTACAGC,AAA,AAA
S34,,D05,TATGCACCAGTG,GC2,AATCCGTACAGC,TATGCACCAGTGAATCCGTACAGC,AAA,AAA
S35,,D07,ACGATGCGACCA,GC2,AATCCGTACAGC,ACGATGCGACCAAATCCGTACAGC,AAA,AAA
S36,,D08,ATTCTGTGAGCG,GC2,AATCCGTACAGC,ATTCTGTGAGCGAATCCGTACAGC,AAA,AAA
S37,,D09,TAAAGTCACCCT,GC2,AATCCGTACAGC,TAAAGTCACCCTAATCCGTACAGC,AAA,AAA
S38,,D10,TGGACACCGAAC,GC2,AATCCGTACAGC,TGGACACCGAACAATCCGTACAGC,AAA,AAA
S39,,D11,CATTTGGACGAC,GC2,AATCCGTACAGC,CATTTGGACGACAATCCGTACAGC,AAA,AAA
S40,,D12,TACCTCTCAGAA,GC2,AATCCGTACAGC,TACCTCTCAGAAAATCCGTACAGC,AAA,AAA
S41,,A01,GACACATTTCTG,GC3,ACACCTGGTGAT,GACACATTTCTGACACCTGGTGAT,AAA,AAA
S42,,A02,CCATAGGGTTCA,GC3,ACACCTGGTGAT,CCATAGGGTTCAACACCTGGTGAT,AAA,AAA
S43,,A03,GTGGGATGTTTC,GC3,ACACCTGGTGAT,GTGGGATGTTTCACACCTGGTGAT,AAA,AAA
S44,,A04,TAAACCGCGTGT,GC3,ACACCTGGTGAT,TAAACCGCGTGTACACCTGGTGAT,AAA,AAA
S45,,A05,GCTCAGTGCAGA,GC3,ACACCTGGTGAT,GCTCAGTGCAGAACACCTGGTGAT,AAA,AAA
S46,,A07,ATGGACCGAACC,GC3,ACACCTGGTGAT,ATGGACCGAACCACACCTGGTGAT,AAA,AAA
S47,,A08,TAACTCTGATGC,GC3,ACACCTGGTGAT,TAACTCTGATGCACACCTGGTGAT,AAA,AAA
S48,,A09,CGTTTAGAGTCG,GC3,ACACCTGGTGAT,CGTTTAGAGTCGACACCTGGTGAT,AAA,AAA
S49,,A10,ACACGAGCCACA,GC3,ACACCTGGTGAT,ACACGAGCCACAACACCTGGTGAT,AAA,AAA
S50,,A11,GTCGTCCTAAAT,GC3,ACACCTGGTGAT,GTCGTCCTAAATACACCTGGTGAT,AAA,AAA
S51,,A12,ATGTACGGCGAC,GC3,ACACCTGGTGAT,ATGTACGGCGACACACCTGGTGAT,AAA,AAA
S52,,B01,CTCTACCTCTAC,GC3,ACACCTGGTGAT,CTCTACCTCTACACACCTGGTGAT,AAA,AAA
S53,,B02,TGGCAAGACTCT,GC3,ACACCTGGTGAT,TGGCAAGACTCTACACCTGGTGAT,AAA,AAA
S54,,B03,CTCGAGAGTACG,GC3,ACACCTGGTGAT,CTCGAGAGTACGACACCTGGTGAT,AAA,AAA
S55,,B04,CTAGATTTGCCA,GC3,ACACCTGGTGAT,CTAGATTTGCCAACACCTGGTGAT,AAA,AAA
S56,,B05,TACTAATCTGCG,GC3,ACACCTGGTGAT,TACTAATCTGCGACACCTGGTGAT,AAA,AAA
S57,,B07,AAGATGGATCAG,GC3,ACACCTGGTGAT,AAGATGGATCAGACACCTGGTGAT,AAA,AAA
S58,,B08,TACGATGACCAC,GC3,ACACCTGGTGAT,TACGATGACCACACACCTGGTGAT,AAA,AAA
S59,,B09,CTTGCTGAAGAC,GC3,ACACCTGGTGAT,CTTGCTGAAGACACACCTGGTGAT,AAA,AAA
S60,,B10,CTCCTGAAAGTT,GC3,ACACCTGGTGAT,CTCCTGAAAGTTACACCTGGTGAT,AAA,AAA
S61,,B11,CCTTGGCTATCC,GC3,ACACCTGGTGAT,CCTTGGCTATCCACACCTGGTGAT,AAA,AAA
S62,,B12,TAATCGGATTCC,GC3,ACACCTGGTGAT,TAATCGGATTCCACACCTGGTGAT,AAA,AAA
S63,,C02,TCGGAGTGTTGT,GC3,ACACCTGGTGAT,TCGGAGTGTTGTACACCTGGTGAT,AAA,AAA
S64,,C03,AACGAGAACTGA,GC3,ACACCTGGTGAT,AACGAGAACTGAACACCTGGTGAT,AAA,AAA
S65,,C04,TAAGGTAAGGTG,GC3,ACACCTGGTGAT,TAAGGTAAGGTGACACCTGGTGAT,AAA,AAA
S66,,C05,ATGTGGGACCCA,GC3,ACACCTGGTGAT,ATGTGGGACCCAACACCTGGTGAT,AAA,AAA
S67,,C07,AGCCGGCACATA,GC3,ACACCTGGTGAT,AGCCGGCACATAACACCTGGTGAT,AAA,AAA
S68,,C08,TTCGCCCTTCAG,GC3,ACACCTGGTGAT,TTCGCCCTTCAGACACCTGGTGAT,AAA,AAA
S69,,C09,GGAGGTTATCCG,GC3,ACACCTGGTGAT,GGAGGTTATCCGACACCTGGTGAT,AAA,AAA
S70,,C10,TTATCACGTGCA,GC3,ACACCTGGTGAT,TTATCACGTGCAACACCTGGTGAT,AAA,AAA
S71,,C11,CGTAACCAACCA,GC3,ACACCTGGTGAT,CGTAACCAACCAACACCTGGTGAT,AAA,AAA
S72,,C12,AACCATCGGGTG,GC3,ACACCTGGTGAT,AACCATCGGGTGACACCTGGTGAT,AAA,AAA
S73,,D01,CGCCAAATAACC,GC3,ACACCTGGTGAT,CGCCAAATAACCACACCTGGTGAT,AAA,AAA
S74,,D02,TCAACAGCATCG,GC3,ACACCTGGTGAT,TCAACAGCATCGACACCTGGTGAT,AAA,AAA
S75,,D03,CAACACGCACGA,GC3,ACACCTGGTGAT,CAACACGCACGAACACCTGGTGAT,AAA,AAA
S76,,D04,CAGGAAGGTTAA,GC3,ACACCTGGTGAT,CAGGAAGGTTAAACACCTGGTGAT,AAA,AAA
S77,,D05,TATGCACCAGTG,GC3,ACACCTGGTGAT,TATGCACCAGTGACACCTGGTGAT,AAA,AAA
S78,,D07,ACGATGCGACCA,GC3,ACACCTGGTGAT,ACGATGCGACCAACACCTGGTGAT,AAA,AAA
S79,,D08,ATTCTGTGAGCG,GC3,ACACCTGGTGAT,ATTCTGTGAGCGACACCTGGTGAT,AAA,AAA
S80,,D09,TAAAGTCACCCT,GC3,ACACCTGGTGAT,TAAAGTCACCCTACACCTGGTGAT,AAA,AAA
VS_B1,,C06,AACCGCGGTCAA,GC1,AATCAGTCTCGT,AACCGCGGTCAAAATCAGTCTCGT,AAA,AAA
VS_B2,,D06,GATTGGTTGCAC,GC1,AATCAGTCTCGT,GATTGGTTGCACAATCAGTCTCGT,AAA,AAA
VS_B4,,F06,TAATCCACAGCG,GC1,AATCAGTCTCGT,TAATCCACAGCGAATCAGTCTCGT,AAA,AAA
VS01,,C02,TCGGAGTGTTGT,GC1,AATCAGTCTCGT,TCGGAGTGTTGTAATCAGTCTCGT,AAA,AAA
VS02,,C03,AACGAGAACTGA,GC1,AATCAGTCTCGT,AACGAGAACTGAAATCAGTCTCGT,AAA,AAA
VS03,,C04,TAAGGTAAGGTG,GC1,AATCAGTCTCGT,TAAGGTAAGGTGAATCAGTCTCGT,AAA,AAA
VS04,,C05,ATGTGGGACCCA,GC1,AATCAGTCTCGT,ATGTGGGACCCAAATCAGTCTCGT,AAA,AAA
VS05,,C07,AGCCGGCACATA,GC1,AATCAGTCTCGT,AGCCGGCACATAAATCAGTCTCGT,AAA,AAA
VS06,,C08,TTCGCCCTTCAG,GC1,AATCAGTCTCGT,TTCGCCCTTCAGAATCAGTCTCGT,AAA,AAA
VS07,,C09,GGAGGTTATCCG,GC1,AATCAGTCTCGT,GGAGGTTATCCGAATCAGTCTCGT,AAA,AAA
VS08,,C10,TTATCACGTGCA,GC1,AATCAGTCTCGT,TTATCACGTGCAAATCAGTCTCGT,AAA,AAA
VS09,,C11,CGTAACCAACCA,GC1,AATCAGTCTCGT,CGTAACCAACCAAATCAGTCTCGT,AAA,AAA
VS10,,C12,AACCATCGGGTG,GC1,AATCAGTCTCGT,AACCATCGGGTGAATCAGTCTCGT,AAA,AAA
VS11,,D01,CGCCAAATAACC,GC1,AATCAGTCTCGT,CGCCAAATAACCAATCAGTCTCGT,AAA,AAA
VS12,,D02,TCAACAGCATCG,GC1,AATCAGTCTCGT,TCAACAGCATCGAATCAGTCTCGT,AAA,AAA
VS13,,D03,CAACACGCACGA,GC1,AATCAGTCTCGT,CAACACGCACGAAATCAGTCTCGT,AAA,AAA
VS14,,D04,CAGGAAGGTTAA,GC1,AATCAGTCTCGT,CAGGAAGGTTAAAATCAGTCTCGT,AAA,AAA
VS15,,D05,TATGCACCAGTG,GC1,AATCAGTCTCGT,TATGCACCAGTGAATCAGTCTCGT,AAA,AAA
VS16,,D07,ACGATGCGACCA,GC1,AATCAGTCTCGT,ACGATGCGACCAAATCAGTCTCGT,AAA,AAA
VS17,,D08,ATTCTGTGAGCG,GC1,AATCAGTCTCGT,ATTCTGTGAGCGAATCAGTCTCGT,AAA,AAA
VS18,,D09,TAAAGTCACCCT,GC1,AATCAGTCTCGT,TAAAGTCACCCTAATCAGTCTCGT,AAA,AAA
VS19,,D10,TGGACACCGAAC,GC1,AATCAGTCTCGT,TGGACACCGAACAATCAGTCTCGT,AAA,AAA
VS20,,D11,CATTTGGACGAC,GC1,AATCAGTCTCGT,CATTTGGACGACAATCAGTCTCGT,AAA,AAA
VS21,,D12,TACCTCTCAGAA,GC1,AATCAGTCTCGT,TACCTCTCAGAAAATCAGTCTCGT,AAA,AAA
VS22,,E01,GTATTACGATCC,GC1,AATCAGTCTCGT,GTATTACGATCCAATCAGTCTCGT,AAA,AAA
VS23,,E02,TTATGCAGTCGT,GC1,AATCAGTCTCGT,TTATGCAGTCGTAATCAGTCTCGT,AAA,AAA
VS24,,E03,CCATGCGATAAC,GC1,AATCAGTCTCGT,CCATGCGATAACAATCAGTCTCGT,AAA,AAA
VS25,,E04,TGGCATACGGCA,GC1,AATCAGTCTCGT,TGGCATACGGCAAATCAGTCTCGT,AAA,AAA
VS26,,E05,AGAGCCTACGTT,GC1,AATCAGTCTCGT,AGAGCCTACGTTAATCAGTCTCGT,AAA,AAA
VS27,,E07,CCAAGTCTTACA,GC1,AATCAGTCTCGT,CCAAGTCTTACAAATCAGTCTCGT,AAA,AAA
VS28,,E08,GCACTACCGAAT,GC1,AATCAGTCTCGT,GCACTACCGAATAATCAGTCTCGT,AAA,AAA
VS29,,E09,TCGCATGAAGTC,GC1,AATCAGTCTCGT,TCGCATGAAGTCAATCAGTCTCGT,AAA,AAA
VS30,,E10,GATAGCTGTCTT,GC1,AATCAGTCTCGT,GATAGCTGTCTTAATCAGTCTCGT,AAA,AAA
VS31,,E11,TGGAGCACGTTG,GC1,AATCAGTCTCGT,TGGAGCACGTTGAATCAGTCTCGT,AAA,AAA
VS32,,E12,TTCCGTAGGGAT,GC1,AATCAGTCTCGT,TTCCGTAGGGATAATCAGTCTCGT,AAA,AAA
VS33,,F01,TTGATGCTATGC,GC1,AATCAGTCTCGT,TTGATGCTATGCAATCAGTCTCGT,AAA,AAA
VS34,,F02,ATTAGTTCGCGT,GC1,AATCAGTCTCGT,ATTAGTTCGCGTAATCAGTCTCGT,AAA,AAA
VS35,,F03,CCTCTCGTGATC,GC1,AATCAGTCTCGT,CCTCTCGTGATCAATCAGTCTCGT,AAA,AAA
VS36,,F04,ACTATTGTCACG,GC1,AATCAGTCTCGT,ACTATTGTCACGAATCAGTCTCGT,AAA,AAA
VS37,,F05,CGGACTACAACT,GC1,AATCAGTCTCGT,CGGACTACAACTAATCAGTCTCGT,AAA,AAA
VS38,,F07,ACACTAGATCCG,GC1,AATCAGTCTCGT,ACACTAGATCCGAATCAGTCTCGT,AAA,AAA
VS39,,F08,GGTAACAGCTCG,GC1,AATCAGTCTCGT,GGTAACAGCTCGAATCAGTCTCGT,AAA,AAA
VS40,,F09,TTGCAGACAGGC,GC1,AATCAGTCTCGT,TTGCAGACAGGCAATCAGTCTCGT,AAA,AAA
