sample_name,PCRplate,Position,Forward,Reverse,Forward(ITS2 RevComp),Reverse (ITS1),barcode_sequence,primer_sequence,linker_sequence
sterileswab.20170220.rep1,1,A01,ITS1_01,ITS2_01,TAGGATTGCTCG,AATCAGTCTCGT,TAGGATTGCTCGAATCAGTCTCGT,AAA,AAA
sterileswab.20170220.rep2,1,A02,ITS1_02,ITS2_01,TCACGGGAGTTG,AATCAGTCTCGT,TCACGGGAGTTGAATCAGTCTCGT,AAA,AAA
sterileswab.20170220.rep3,1,A03,ITS1_03,ITS2_01,TACAGATGGCTC,AATCAGTCTCGT,TACAGATGGCTCAATCAGTCTCGT,AAA,AAA
x02.L.SS.20140717.rep1,1,A04,ITS1_04,ITS2_01,ATGTGCACGACT,AATCAGTCTCGT,ATGTGCACGACTAATCAGTCTCGT,AAA,AAA
x02.L.SS.20140717.rep2,1,A05,ITS1_05,ITS2_01,CTGCTAACGCAA,AATCAGTCTCGT,CTGCTAACGCAAAATCAGTCTCGT,AAA,AAA
x02.L.SS.20140717.rep3,1,A06,ITS1_06,ITS2_01,ACGTGTACCCAA,AATCAGTCTCGT,ACGTGTACCCAAAATCAGTCTCGT,AAA,AAA
x937.R.SS.20160826.rep1,1,A10,ITS1_10,ITS2_01,GACTTTCCCTCG,AATCAGTCTCGT,GACTTTCCCTCGAATCAGTCTCGT,AAA,AAA
x937.R.SS.20160826.rep2,1,A11,ITS1_11,ITS2_01,TCTAGCGTAGTG,AATCAGTCTCGT,TCTAGCGTAGTGAATCAGTCTCGT,AAA,AAA
x937.R.SS.20160826.rep3,1,A12,ITS1_12,ITS2_01,CGATCCGTATTA,AATCAGTCTCGT,CGATCCGTATTAAATCAGTCTCGT,AAA,AAA
x985.R.SS.20160621.rep1,1,B01,ITS1_01,ITS2_02,TAGGATTGCTCG,GTATGCGCTGTA,TAGGATTGCTCGGTATGCGCTGTA,AAA,AAA
x985.R.SS.20160621.rep2,1,B02,ITS1_02,ITS2_02,TCACGGGAGTTG,GTATGCGCTGTA,TCACGGGAGTTGGTATGCGCTGTA,AAA,AAA
x985.R.SS.20160621.rep3,1,B03,ITS1_03,ITS2_02,TACAGATGGCTC,GTATGCGCTGTA,TACAGATGGCTCGTATGCGCTGTA,AAA,AAA
x988.R.SS.20160121.rep1,1,B04,ITS1_04,ITS2_02,ATGTGCACGACT,GTATGCGCTGTA,ATGTGCACGACTGTATGCGCTGTA,AAA,AAA
x988.R.SS.20160121.rep2,1,B05,ITS1_05,ITS2_02,CTGCTAACGCAA,GTATGCGCTGTA,CTGCTAACGCAAGTATGCGCTGTA,AAA,AAA
x988.R.SS.20160121.rep3,1,B06,ITS1_06,ITS2_02,ACGTGTACCCAA,GTATGCGCTGTA,ACGTGTACCCAAGTATGCGCTGTA,AAA,AAA
x988.R.SS.20160224.rep1,1,B10,ITS1_10,ITS2_02,GACTTTCCCTCG,GTATGCGCTGTA,GACTTTCCCTCGGTATGCGCTGTA,AAA,AAA
x988.R.SS.20160224.rep2,1,B11,ITS1_11,ITS2_02,TCTAGCGTAGTG,GTATGCGCTGTA,TCTAGCGTAGTGGTATGCGCTGTA,AAA,AAA
x988.R.SS.20160224.rep3,1,B12,ITS1_12,ITS2_02,CGATCCGTATTA,GTATGCGCTGTA,CGATCCGTATTAGTATGCGCTGTA,AAA,AAA
sterileswab.20170221.rep1,1,D01,ITS1_01,ITS2_04,TAGGATTGCTCG,AATCCGTACAGC,TAGGATTGCTCGAATCCGTACAGC,AAA,AAA
sterileswab.20170221.rep2,1,D02,ITS1_02,ITS2_04,TCACGGGAGTTG,AATCCGTACAGC,TCACGGGAGTTGAATCCGTACAGC,AAA,AAA
sterileswab.20170221.rep3,1,D03,ITS1_03,ITS2_04,TACAGATGGCTC,AATCCGTACAGC,TACAGATGGCTCAATCCGTACAGC,AAA,AAA
x877.R.SS.20161101.rep1,1,E04,ITS1_04,ITS2_05,ATGTGCACGACT,GTACATACCGGT,ATGTGCACGACTGTACATACCGGT,AAA,AAA
x877.R.SS.20161101.rep2,1,E05,ITS1_05,ITS2_05,CTGCTAACGCAA,GTACATACCGGT,CTGCTAACGCAAGTACATACCGGT,AAA,AAA
x877.R.SS.20161101.rep3,1,E06,ITS1_06,ITS2_05,ACGTGTACCCAA,GTACATACCGGT,ACGTGTACCCAAGTACATACCGGT,AAA,AAA
x935.L.SS.20160916.rep1,1,E07,ITS1_07,ITS2_05,ACGCGCAGATAC,GTACATACCGGT,ACGCGCAGATACGTACATACCGGT,AAA,AAA
x935.L.SS.20160916.rep2,1,E08,ITS1_08,ITS2_05,TTAGGGCTCGTA,GTACATACCGGT,TTAGGGCTCGTAGTACATACCGGT,AAA,AAA
x935.L.SS.20160916.rep3,1,E09,ITS1_09,ITS2_05,AAGGAGCGCCTT,GTACATACCGGT,AAGGAGCGCCTTGTACATACCGGT,AAA,AAA
x935.R.SS.20160916.rep1,1,E10,ITS1_10,ITS2_05,GACTTTCCCTCG,GTACATACCGGT,GACTTTCCCTCGGTACATACCGGT,AAA,AAA
x935.R.SS.20160916.rep2,1,E11,ITS1_11,ITS2_05,TCTAGCGTAGTG,GTACATACCGGT,TCTAGCGTAGTGGTACATACCGGT,AAA,AAA
x935.R.SS.20160916.rep3,1,E12,ITS1_12,ITS2_05,CGATCCGTATTA,GTACATACCGGT,CGATCCGTATTAGTACATACCGGT,AAA,AAA
x991.L.SS.20161027.rep1,1,F01,ITS1_01,ITS2_06,TAGGATTGCTCG,CACGCCATAATG,TAGGATTGCTCGCACGCCATAATG,AAA,AAA
x991.L.SS.20161027.rep2,1,F02,ITS1_02,ITS2_06,TCACGGGAGTTG,CACGCCATAATG,TCACGGGAGTTGCACGCCATAATG,AAA,AAA
x991.L.SS.20161027.rep3,1,F03,ITS1_03,ITS2_06,TACAGATGGCTC,CACGCCATAATG,TACAGATGGCTCCACGCCATAATG,AAA,AAA
x8001.R.SS.20160229.rep1,1,F04,ITS1_04,ITS2_06,ATGTGCACGACT,CACGCCATAATG,ATGTGCACGACTCACGCCATAATG,AAA,AAA
x8001.R.SS.20160229.rep2,1,F05,ITS1_05,ITS2_06,CTGCTAACGCAA,CACGCCATAATG,CTGCTAACGCAACACGCCATAATG,AAA,AAA
x8001.R.SS.20160229.rep3,1,F06,ITS1_06,ITS2_06,ACGTGTACCCAA,CACGCCATAATG,ACGTGTACCCAACACGCCATAATG,AAA,AAA
OW00000.rep1,1,G07,ITS1_07,ITS2_07,ACGCGCAGATAC,ACACCTGGTGAT,ACGCGCAGATACACACCTGGTGAT,AAA,AAA
OW00000.rep2,1,G08,ITS1_08,ITS2_07,TTAGGGCTCGTA,ACACCTGGTGAT,TTAGGGCTCGTAACACCTGGTGAT,AAA,AAA
OW00000.rep3,1,G09,ITS1_09,ITS2_07,AAGGAGCGCCTT,ACACCTGGTGAT,AAGGAGCGCCTTACACCTGGTGAT,AAA,AAA
PCRctrl1.rep1,1,G10,ITS1_10,ITS2_07,GACTTTCCCTCG,ACACCTGGTGAT,GACTTTCCCTCGACACCTGGTGAT,AAA,AAA
PCRctrl1.rep2,1,G11,ITS1_11,ITS2_07,TCTAGCGTAGTG,ACACCTGGTGAT,TCTAGCGTAGTGACACCTGGTGAT,AAA,AAA
PCRctrl1.rep3,1,G12,ITS1_12,ITS2_07,CGATCCGTATTA,ACACCTGGTGAT,CGATCCGTATTAACACCTGGTGAT,AAA,AAA
posctrl.pool1.rep1,1,strip,ITS1_23,ITS2_24,TCCAAAGTGTTC,GCGATATATCGC,TCCAAAGTGTTCGCGATATATCGC,AAA,AAA
posctrl.pool1.rep2,1,strip,ITS1_23,ITS2_24,TCCAAAGTGTTC,GCGATATATCGC,TCCAAAGTGTTCGCGATATATCGC,AAA,AAA
posctrl.pool1.rep3,1,strip,ITS1_23,ITS2_24,TCCAAAGTGTTC,GCGATATATCGC,TCCAAAGTGTTCGCGATATATCGC,AAA,AAA
