Sample_ID,Sample_Name,Sample_Plate,Sample_Well,I7_Index_ID,index,I5_Index_ID,index2,Sample_Project,Description
BN3451,,,,N701,TAAGGCGA,S502,CTCTCTAT,MOD,
BM3451,,,,N702,CGTACTAG,S502,CTCTCTAT,MOD,
BN3751,,,,N703,AGGCAGAA,S502,CTCTCTAT,MOD,
BC3751,,,,N704,TCCTGAGC,S502,CTCTCTAT,MOD,
BN3754,,,,N705,GGACTCCT,S502,CTCTCTAT,MOD,
BM3754,,,,N706,TAGGCATG,S502,CTCTCTAT,MOD,
EN3404,,,,N707,CTCTCTAC,S502,CTCTCTAT,MOD,
EM3404,,,,N708,CAGAGAGG,S502,CTCTCTAT,MOD,
EN3754,,,,N709,GCTACGCT,S502,CTCTCTAT,MOD,
EN3854,,,,N710,CGAGGCTG,S502,CTCTCTAT,MOD,
EN3894,,,,N711,AAGAGGCA,S502,CTCTCTAT,MOD,
EN3984,,,,N712,GTAGAGGA,S502,CTCTCTAT,MOD,
LCN3404,,,,N701,TAAGGCGA,S503,TATCCTCT,MOD,
LM3404,,,,N702,CGTACTAG,S503,TATCCTCT,MOD,
LB3451,,,,N703,AGGCAGAA,S503,TATCCTCT,MOD,
LC3451,,,,N704,TCCTGAGC,S503,TATCCTCT,MOD,
LN3451,,,,N705,GGACTCCT,S503,TATCCTCT,MOD,
LM3451,,,,N706,TAGGCATG,S503,TATCCTCT,MOD,
LN3570,,,,N707,CTCTCTAC,S503,TATCCTCT,MOD,
LM3570,,,,N708,CAGAGAGG,S503,TATCCTCT,MOD,
LN3651,,,,N709,GCTACGCT,S503,TATCCTCT,MOD,
LM3651,,,,N710,CGAGGCTG,S503,TATCCTCT,MOD,
LN3654,,,,N711,AAGAGGCA,S503,TATCCTCT,MOD,
LM3654,,,,N712,GTAGAGGA,S503,TATCCTCT,MOD,
LN3891,,,,N701,TAAGGCGA,S504,AGAGTAGA,MOD,
LM3891,,,,N702,CGTACTAG,S504,AGAGTAGA,MOD,
LN3894,,,,N703,AGGCAGAA,S504,AGAGTAGA,MOD,
LM3894,,,,N704,TCCTGAGC,S504,AGAGTAGA,MOD,
LN3954,,,,N705,GGACTCCT,S504,AGAGTAGA,MOD,
LM3954,,,,N706,TAGGCATG,S504,AGAGTAGA,MOD,
LN3981,,,,N707,CTCTCTAC,S504,AGAGTAGA,MOD,
LM3981,,,,N708,CAGAGAGG,S504,AGAGTAGA,MOD,
LN3984,,,,N709,GCTACGCT,S504,AGAGTAGA,MOD,
LM3984,,,,N710,CGAGGCTG,S504,AGAGTAGA,MOD,
LN4010,,,,N711,AAGAGGCA,S504,AGAGTAGA,MOD,
LM4010,,,,N712,GTAGAGGA,S504,AGAGTAGA,MOD,
LN4014,,,,N701,TAAGGCGA,S505,GTAAGGAG,MOD,
LM4014,,,,N702,CGTACTAG,S505,GTAAGGAG,MOD,
LN4281,,,,N703,AGGCAGAA,S505,GTAAGGAG,MOD,
LM4281,,,,N704,TCCTGAGC,S505,GTAAGGAG,MOD,
Lambda.Control,,,,N705,GGACTCCT,S505,GTAAGGAG,MOD,
