sample_name,I7_Index_ID,index,I5_Index_ID,index2,barcode_sequence,linker_sequence,primer_sequence
RNA-1,N701,TAAGGCGA,S502,CTCTCTAT,TAAGGCGACTCTCTAT,TTT,TTT
RNA-2,N701,TAAGGCGA,S503,TATCCTCT,TAAGGCGATATCCTCT,TTT,TTT
RNA-3,N701,TAAGGCGA,S504,AGAGTAGA,TAAGGCGAAGAGTAGA,TTT,TTT
RNA-4,N701,TAAGGCGA,S505,GTAAGGAG,TAAGGCGAGTAAGGAG,TTT,TTT
RNA-5,N701,TAAGGCGA,S506,ACTGCATA,TAAGGCGAACTGCATA,TTT,TTT
RNA-6,N701,TAAGGCGA,S507,AAGGAGTA,TAAGGCGAAAGGAGTA,TTT,TTT
RNA-7,N701,TAAGGCGA,S508,CTAAGCCT,TAAGGCGACTAAGCCT,TTT,TTT
RNA-8,N701,TAAGGCGA,S517,GCGTAAGA,TAAGGCGAGCGTAAGA,TTT,TTT
RNA-9,N702,CGTACTAG,S502,CTCTCTAT,CGTACTAGCTCTCTAT,TTT,TTT
RNA-10,N702,CGTACTAG,S503,TATCCTCT,CGTACTAGTATCCTCT,TTT,TTT
RNA-11,N702,CGTACTAG,S504,AGAGTAGA,CGTACTAGAGAGTAGA,TTT,TTT
RNA-12,N702,CGTACTAG,S505,GTAAGGAG,CGTACTAGGTAAGGAG,TTT,TTT
RNA-13,N702,CGTACTAG,S506,ACTGCATA,CGTACTAGACTGCATA,TTT,TTT
RNA-14,N702,CGTACTAG,S507,AAGGAGTA,CGTACTAGAAGGAGTA,TTT,TTT
RNA-15,N702,CGTACTAG,S508,CTAAGCCT,CGTACTAGCTAAGCCT,TTT,TTT
RNA-16,N702,CGTACTAG,S517,GCGTAAGA,CGTACTAGGCGTAAGA,TTT,TTT
RNA-1C,N703,AGGCAGAA,S502,CTCTCTAT,AGGCAGAACTCTCTAT,TTT,TTT
RNA-2C,N703,AGGCAGAA,S503,TATCCTCT,AGGCAGAATATCCTCT,TTT,TTT
RNA-3C,N703,AGGCAGAA,S504,AGAGTAGA,AGGCAGAAAGAGTAGA,TTT,TTT
RNA-4C,N703,AGGCAGAA,S505,GTAAGGAG,AGGCAGAAGTAAGGAG,TTT,TTT
RNA-5C,N703,AGGCAGAA,S506,ACTGCATA,AGGCAGAAACTGCATA,TTT,TTT
RNA-6C,N703,AGGCAGAA,S507,AAGGAGTA,AGGCAGAAAAGGAGTA,TTT,TTT
RNA-7C,N703,AGGCAGAA,S508,CTAAGCCT,AGGCAGAACTAAGCCT,TTT,TTT
RNA-8C,N703,AGGCAGAA,S517,GCGTAAGA,AGGCAGAAGCGTAAGA,TTT,TTT
RNA-9C,N704,TCCTGAGC,S502,CTCTCTAT,TCCTGAGCCTCTCTAT,TTT,TTT
RNA-10C,N704,TCCTGAGC,S503,TATCCTCT,TCCTGAGCTATCCTCT,TTT,TTT
RNA-11C,N704,TCCTGAGC,S504,AGAGTAGA,TCCTGAGCAGAGTAGA,TTT,TTT
RNA-12C,N704,TCCTGAGC,S505,GTAAGGAG,TCCTGAGCGTAAGGAG,TTT,TTT
RNA-13C,N704,TCCTGAGC,S506,ACTGCATA,TCCTGAGCACTGCATA,TTT,TTT
RNA-14C,N704,TCCTGAGC,S507,AAGGAGTA,TCCTGAGCAAGGAGTA,TTT,TTT
RNA-15C,N704,TCCTGAGC,S508,CTAAGCCT,TCCTGAGCCTAAGCCT,TTT,TTT
RNA-16C,N704,TCCTGAGC,S517,GCGTAAGA,TCCTGAGCGCGTAAGA,TTT,TTT
RNA-FNC,N705,GGACTCCT,S502,CTCTCTAT,GGACTCCTCTCTCTAT,TTT,TTT
RNA-SIV,N705,GGACTCCT,S503,TATCCTCT,GGACTCCTTATCCTCT,TTT,TTT
RNA-SNC,N705,GGACTCCT,S504,AGAGTAGA,GGACTCCTAGAGTAGA,TTT,TTT
RNA-YC,N705,GGACTCCT,S505,GTAAGGAG,GGACTCCTGTAAGGAG,TTT,TTT
RNA-Y,N705,GGACTCCT,S506,ACTGCATA,GGACTCCTACTGCATA,TTT,TTT
RNA-OC,N705,GGACTCCT,S507,AAGGAGTA,GGACTCCTAAGGAGTA,TTT,TTT
RNA-O,N705,GGACTCCT,S508,CTAAGCCT,GGACTCCTCTAAGCCT,TTT,TTT
DNA-1,N706,TAGGCATG,S502,CTCTCTAT,TAGGCATGCTCTCTAT,TTT,TTT
DNA-2,N706,TAGGCATG,S503,TATCCTCT,TAGGCATGTATCCTCT,TTT,TTT
DNA-3,N706,TAGGCATG,S504,AGAGTAGA,TAGGCATGAGAGTAGA,TTT,TTT
DNA-4,N706,TAGGCATG,S505,GTAAGGAG,TAGGCATGGTAAGGAG,TTT,TTT
DNA-5,N706,TAGGCATG,S506,ACTGCATA,TAGGCATGACTGCATA,TTT,TTT
DNA-6,N706,TAGGCATG,S507,AAGGAGTA,TAGGCATGAAGGAGTA,TTT,TTT
DNA-7,N706,TAGGCATG,S508,CTAAGCCT,TAGGCATGCTAAGCCT,TTT,TTT
DNA-8,N706,TAGGCATG,S517,GCGTAAGA,TAGGCATGGCGTAAGA,TTT,TTT
DNA-9,N707,CTCTCTAC,S502,CTCTCTAT,CTCTCTACCTCTCTAT,TTT,TTT
DNA-10,N707,CTCTCTAC,S503,TATCCTCT,CTCTCTACTATCCTCT,TTT,TTT
DNA-11,N707,CTCTCTAC,S504,AGAGTAGA,CTCTCTACAGAGTAGA,TTT,TTT
DNA-12,N707,CTCTCTAC,S505,GTAAGGAG,CTCTCTACGTAAGGAG,TTT,TTT
DNA-13,N707,CTCTCTAC,S506,ACTGCATA,CTCTCTACACTGCATA,TTT,TTT
DNA-14,N707,CTCTCTAC,S507,AAGGAGTA,CTCTCTACAAGGAGTA,TTT,TTT
DNA-15,N707,CTCTCTAC,S508,CTAAGCCT,CTCTCTACCTAAGCCT,TTT,TTT
DNA-16,N707,CTCTCTAC,S517,GCGTAAGA,CTCTCTACGCGTAAGA,TTT,TTT
DNA-1C,N708,CAGAGAGG,S502,CTCTCTAT,CAGAGAGGCTCTCTAT,TTT,TTT
DNA-2C,N708,CAGAGAGG,S503,TATCCTCT,CAGAGAGGTATCCTCT,TTT,TTT
DNA-3C,N708,CAGAGAGG,S504,AGAGTAGA,CAGAGAGGAGAGTAGA,TTT,TTT
DNA-4C,N708,CAGAGAGG,S505,GTAAGGAG,CAGAGAGGGTAAGGAG,TTT,TTT
DNA-5C,N708,CAGAGAGG,S506,ACTGCATA,CAGAGAGGACTGCATA,TTT,TTT
DNA-6C,N708,CAGAGAGG,S507,AAGGAGTA,CAGAGAGGAAGGAGTA,TTT,TTT
DNA-7C,N708,CAGAGAGG,S508,CTAAGCCT,CAGAGAGGCTAAGCCT,TTT,TTT
DNA-8C,N708,CAGAGAGG,S517,GCGTAAGA,CAGAGAGGGCGTAAGA,TTT,TTT
DNA-9C,N709,GCTACGCT,S502,CTCTCTAT,GCTACGCTCTCTCTAT,TTT,TTT
DNA-10C,N709,GCTACGCT,S503,TATCCTCT,GCTACGCTTATCCTCT,TTT,TTT
DNA-11C,N709,GCTACGCT,S504,AGAGTAGA,GCTACGCTAGAGTAGA,TTT,TTT
DNA-12C,N709,GCTACGCT,S505,GTAAGGAG,GCTACGCTGTAAGGAG,TTT,TTT
DNA-13C,N709,GCTACGCT,S506,ACTGCATA,GCTACGCTACTGCATA,TTT,TTT
DNA-14C,N709,GCTACGCT,S507,AAGGAGTA,GCTACGCTAAGGAGTA,TTT,TTT
DNA-15C,N709,GCTACGCT,S508,CTAAGCCT,GCTACGCTCTAAGCCT,TTT,TTT
DNA-16C,N709,GCTACGCT,S517,GCGTAAGA,GCTACGCTGCGTAAGA,TTT,TTT
DNA-FNC,N710,CGAGGCTG,S502,CTCTCTAT,CGAGGCTGCTCTCTAT,TTT,TTT
DNA-SIV,N710,CGAGGCTG,S503,TATCCTCT,CGAGGCTGTATCCTCT,TTT,TTT
DNA-SNC,N710,CGAGGCTG,S504,AGAGTAGA,CGAGGCTGAGAGTAGA,TTT,TTT
DNA-YC,N710,CGAGGCTG,S505,GTAAGGAG,CGAGGCTGGTAAGGAG,TTT,TTT
DNA-Y,N710,CGAGGCTG,S506,ACTGCATA,CGAGGCTGACTGCATA,TTT,TTT
DNA-OC,N710,CGAGGCTG,S507,AAGGAGTA,CGAGGCTGAAGGAGTA,TTT,TTT
DNA-O,N710,CGAGGCTG,S508,CTAAGCCT,CGAGGCTGCTAAGCCT,TTT,TTT
