sample_name,barcode1ID,barcode1,barcode2ID,barcode2,R1leadTrimSeq,R1overTrimSeq,R2leadTrimSeq,R2overTrimSeq,refGenome,barcode_sequence,primer_sequence,linker_sequence
R2C6-pos-1,701,TAAGGCGA,A01,TAGATCGC,,GTTTAATTGAGTTGTCATATGTTAATAACGGTAT,ACATATGACAACTCAATTAAAC,TCACCGACTGCCCATAGAGAGGACTCCAGTCAC,hg38,TAAGGCGATAGATCGC,TTT,TTT
R2C6-pos-2,702,CGTACTAG,A01,TAGATCGC,,GTTTAATTGAGTTGTCATATGTTAATAACGGTAT,ACATATGACAACTCAATTAAAC,TCACCGACTGCCCATAGAGAGGACTCCAGTCAC,hg38,CGTACTAGTAGATCGC,TTT,TTT
R2C6-pos-3,703,AGGCAGAA,A01,TAGATCGC,,GTTTAATTGAGTTGTCATATGTTAATAACGGTAT,ACATATGACAACTCAATTAAAC,TCACCGACTGCCCATAGAGAGGACTCCAGTCAC,hg38,AGGCAGAATAGATCGC,TTT,TTT
R2C6-pos-4,704,TCCTGAGC,A01,TAGATCGC,,GTTTAATTGAGTTGTCATATGTTAATAACGGTAT,ACATATGACAACTCAATTAAAC,TCACCGACTGCCCATAGAGAGGACTCCAGTCAC,hg38,TCCTGAGCTAGATCGC,TTT,TTT
R2C5-pos-1,705,GGACTCCT,A02,CTCTCTAT,,GTTTAATTGAGTTGTCATATGTTAATAACGGTAT,ACATATGACAACTCAATTAAAC,TCACCGACTGCCCATAGAGAGGACTCCAGTCAC,hg38,GGACTCCTCTCTCTAT,TTT,TTT
R2C5-pos-2,706,TAGGCATG,A02,CTCTCTAT,,GTTTAATTGAGTTGTCATATGTTAATAACGGTAT,ACATATGACAACTCAATTAAAC,TCACCGACTGCCCATAGAGAGGACTCCAGTCAC,hg38,TAGGCATGCTCTCTAT,TTT,TTT
R2C5-pos-3,707,CTCTCTAC,A02,CTCTCTAT,,GTTTAATTGAGTTGTCATATGTTAATAACGGTAT,ACATATGACAACTCAATTAAAC,TCACCGACTGCCCATAGAGAGGACTCCAGTCAC,hg38,CTCTCTACCTCTCTAT,TTT,TTT
R2C5-pos-4,708,CAGAGAGG,A02,CTCTCTAT,,GTTTAATTGAGTTGTCATATGTTAATAACGGTAT,ACATATGACAACTCAATTAAAC,TCACCGACTGCCCATAGAGAGGACTCCAGTCAC,hg38,CAGAGAGGCTCTCTAT,TTT,TTT
R2C1-pos-1,701,TAAGGCGA,A03,TATCCTCT,,GTTTAATTGAGTTGTCATATGTTAATAACGGTAT,ACATATGACAACTCAATTAAAC,TCACCGACTGCCCATAGAGAGGACTCCAGTCAC,hg38,TAAGGCGATATCCTCT,TTT,TTT
R2C1-pos-2,702,CGTACTAG,A03,TATCCTCT,,GTTTAATTGAGTTGTCATATGTTAATAACGGTAT,ACATATGACAACTCAATTAAAC,TCACCGACTGCCCATAGAGAGGACTCCAGTCAC,hg38,CGTACTAGTATCCTCT,TTT,TTT
R2C1-pos-3,703,AGGCAGAA,A03,TATCCTCT,,GTTTAATTGAGTTGTCATATGTTAATAACGGTAT,ACATATGACAACTCAATTAAAC,TCACCGACTGCCCATAGAGAGGACTCCAGTCAC,hg38,AGGCAGAATATCCTCT,TTT,TTT
R2C1-pos-4,704,TCCTGAGC,A03,TATCCTCT,,GTTTAATTGAGTTGTCATATGTTAATAACGGTAT,ACATATGACAACTCAATTAAAC,TCACCGACTGCCCATAGAGAGGACTCCAGTCAC,hg38,TCCTGAGCTATCCTCT,TTT,TTT
R2C3-pos-1,705,GGACTCCT,A04,AGAGTAGA,,GTTTAATTGAGTTGTCATATGTTAATAACGGTAT,ACATATGACAACTCAATTAAAC,TCACCGACTGCCCATAGAGAGGACTCCAGTCAC,hg38,GGACTCCTAGAGTAGA,TTT,TTT
R2C3-pos-2,706,TAGGCATG,A04,AGAGTAGA,,GTTTAATTGAGTTGTCATATGTTAATAACGGTAT,ACATATGACAACTCAATTAAAC,TCACCGACTGCCCATAGAGAGGACTCCAGTCAC,hg38,TAGGCATGAGAGTAGA,TTT,TTT
R2C3-pos-3,707,CTCTCTAC,A04,AGAGTAGA,,GTTTAATTGAGTTGTCATATGTTAATAACGGTAT,ACATATGACAACTCAATTAAAC,TCACCGACTGCCCATAGAGAGGACTCCAGTCAC,hg38,CTCTCTACAGAGTAGA,TTT,TTT
R2C3-pos-4,708,CAGAGAGG,A04,AGAGTAGA,,GTTTAATTGAGTTGTCATATGTTAATAACGGTAT,ACATATGACAACTCAATTAAAC,TCACCGACTGCCCATAGAGAGGACTCCAGTCAC,hg38,CAGAGAGGAGAGTAGA,TTT,TTT
R2C4-pos-1,701,TAAGGCGA,A05,GTAAGGAG,,GTTTAATTGAGTTGTCATATGTTAATAACGGTAT,ACATATGACAACTCAATTAAAC,TCACCGACTGCCCATAGAGAGGACTCCAGTCAC,hg38,TAAGGCGAGTAAGGAG,TTT,TTT
R2C4-pos-2,702,CGTACTAG,A05,GTAAGGAG,,GTTTAATTGAGTTGTCATATGTTAATAACGGTAT,ACATATGACAACTCAATTAAAC,TCACCGACTGCCCATAGAGAGGACTCCAGTCAC,hg38,CGTACTAGGTAAGGAG,TTT,TTT
R2C4-pos-3,703,AGGCAGAA,A05,GTAAGGAG,,GTTTAATTGAGTTGTCATATGTTAATAACGGTAT,ACATATGACAACTCAATTAAAC,TCACCGACTGCCCATAGAGAGGACTCCAGTCAC,hg38,AGGCAGAAGTAAGGAG,TTT,TTT
R2C4-pos-4,704,TCCTGAGC,A05,GTAAGGAG,,GTTTAATTGAGTTGTCATATGTTAATAACGGTAT,ACATATGACAACTCAATTAAAC,TCACCGACTGCCCATAGAGAGGACTCCAGTCAC,hg38,TCCTGAGCGTAAGGAG,TTT,TTT
UninfectedControl-pos-1,705,GGACTCCT,A06,ACTGCATA,,GTTTAATTGAGTTGTCATATGTTAATAACGGTAT,ACATATGACAACTCAATTAAAC,TCACCGACTGCCCATAGAGAGGACTCCAGTCAC,hg38,GGACTCCTACTGCATA,TTT,TTT
UninfectedControl-pos-2,706,TAGGCATG,A06,ACTGCATA,,GTTTAATTGAGTTGTCATATGTTAATAACGGTAT,ACATATGACAACTCAATTAAAC,TCACCGACTGCCCATAGAGAGGACTCCAGTCAC,hg38,TAGGCATGACTGCATA,TTT,TTT
UninfectedControl-pos-3,707,CTCTCTAC,A06,ACTGCATA,,GTTTAATTGAGTTGTCATATGTTAATAACGGTAT,ACATATGACAACTCAATTAAAC,TCACCGACTGCCCATAGAGAGGACTCCAGTCAC,hg38,CTCTCTACACTGCATA,TTT,TTT
UninfectedControl-pos-4,708,CAGAGAGG,A06,ACTGCATA,,GTTTAATTGAGTTGTCATATGTTAATAACGGTAT,ACATATGACAACTCAATTAAAC,TCACCGACTGCCCATAGAGAGGACTCCAGTCAC,hg38,CAGAGAGGACTGCATA,TTT,TTT
NoTemplateControl-pos-1,701,TAAGGCGA,A07,AAGGAGTA,,GTTTAATTGAGTTGTCATATGTTAATAACGGTAT,ACATATGACAACTCAATTAAAC,TCACCGACTGCCCATAGAGAGGACTCCAGTCAC,hg38,TAAGGCGAAAGGAGTA,TTT,TTT
NoTemplateControl-pos-2,702,CGTACTAG,A07,AAGGAGTA,,GTTTAATTGAGTTGTCATATGTTAATAACGGTAT,ACATATGACAACTCAATTAAAC,TCACCGACTGCCCATAGAGAGGACTCCAGTCAC,hg38,CGTACTAGAAGGAGTA,TTT,TTT
NoTemplateControl-pos-3,703,AGGCAGAA,A07,AAGGAGTA,,GTTTAATTGAGTTGTCATATGTTAATAACGGTAT,ACATATGACAACTCAATTAAAC,TCACCGACTGCCCATAGAGAGGACTCCAGTCAC,hg38,AGGCAGAAAAGGAGTA,TTT,TTT
NoTemplateControl-pos-4,704,TCCTGAGC,A07,AAGGAGTA,,GTTTAATTGAGTTGTCATATGTTAATAACGGTAT,ACATATGACAACTCAATTAAAC,TCACCGACTGCCCATAGAGAGGACTCCAGTCAC,hg38,TCCTGAGCAAGGAGTA,TTT,TTT
R2C6-neg-1,705,GGACTCCT,A08,CTAAGCCT,,ATACCGTTATTAACATATGACAACTCAATTAAAC,TTGAGTTGTCATATGTTAATAACGGTAT,TCACCGACTGCCCATAGAGAGGACTCCAGTCAC,hg38,GGACTCCTCTAAGCCT,TTT,TTT
R2C6-neg-2,706,TAGGCATG,A08,CTAAGCCT,,ATACCGTTATTAACATATGACAACTCAATTAAAC,TTGAGTTGTCATATGTTAATAACGGTAT,TCACCGACTGCCCATAGAGAGGACTCCAGTCAC,hg38,TAGGCATGCTAAGCCT,TTT,TTT
R2C6-neg-3,707,CTCTCTAC,A08,CTAAGCCT,,ATACCGTTATTAACATATGACAACTCAATTAAAC,TTGAGTTGTCATATGTTAATAACGGTAT,TCACCGACTGCCCATAGAGAGGACTCCAGTCAC,hg38,CTCTCTACCTAAGCCT,TTT,TTT
R2C6-neg-4,708,CAGAGAGG,A08,CTAAGCCT,,ATACCGTTATTAACATATGACAACTCAATTAAAC,TTGAGTTGTCATATGTTAATAACGGTAT,TCACCGACTGCCCATAGAGAGGACTCCAGTCAC,hg38,CAGAGAGGCTAAGCCT,TTT,TTT
R2C5-neg-1,701,TAAGGCGA,A09,GACATTGT,,ATACCGTTATTAACATATGACAACTCAATTAAAC,TTGAGTTGTCATATGTTAATAACGGTAT,TCACCGACTGCCCATAGAGAGGACTCCAGTCAC,hg38,TAAGGCGAGACATTGT,TTT,TTT
R2C5-neg-2,702,CGTACTAG,A09,GACATTGT,,ATACCGTTATTAACATATGACAACTCAATTAAAC,TTGAGTTGTCATATGTTAATAACGGTAT,TCACCGACTGCCCATAGAGAGGACTCCAGTCAC,hg38,CGTACTAGGACATTGT,TTT,TTT
R2C5-neg-3,703,AGGCAGAA,A09,GACATTGT,,ATACCGTTATTAACATATGACAACTCAATTAAAC,TTGAGTTGTCATATGTTAATAACGGTAT,TCACCGACTGCCCATAGAGAGGACTCCAGTCAC,hg38,AGGCAGAAGACATTGT,TTT,TTT
R2C5-neg-4,704,TCCTGAGC,A09,GACATTGT,,ATACCGTTATTAACATATGACAACTCAATTAAAC,TTGAGTTGTCATATGTTAATAACGGTAT,TCACCGACTGCCCATAGAGAGGACTCCAGTCAC,hg38,TCCTGAGCGACATTGT,TTT,TTT
R2C1-neg-1,705,GGACTCCT,A10,ACTGATGG,,ATACCGTTATTAACATATGACAACTCAATTAAAC,TTGAGTTGTCATATGTTAATAACGGTAT,TCACCGACTGCCCATAGAGAGGACTCCAGTCAC,hg38,GGACTCCTACTGATGG,TTT,TTT
R2C1-neg-2,706,TAGGCATG,A10,ACTGATGG,,ATACCGTTATTAACATATGACAACTCAATTAAAC,TTGAGTTGTCATATGTTAATAACGGTAT,TCACCGACTGCCCATAGAGAGGACTCCAGTCAC,hg38,TAGGCATGACTGATGG,TTT,TTT
R2C1-neg-3,707,CTCTCTAC,A10,ACTGATGG,,ATACCGTTATTAACATATGACAACTCAATTAAAC,TTGAGTTGTCATATGTTAATAACGGTAT,TCACCGACTGCCCATAGAGAGGACTCCAGTCAC,hg38,CTCTCTACACTGATGG,TTT,TTT
R2C1-neg-4,708,CAGAGAGG,A10,ACTGATGG,,ATACCGTTATTAACATATGACAACTCAATTAAAC,TTGAGTTGTCATATGTTAATAACGGTAT,TCACCGACTGCCCATAGAGAGGACTCCAGTCAC,hg38,CAGAGAGGACTGATGG,TTT,TTT
R2C3-neg-1,701,TAAGGCGA,A11,GTACCTAG,,ATACCGTTATTAACATATGACAACTCAATTAAAC,TTGAGTTGTCATATGTTAATAACGGTAT,TCACCGACTGCCCATAGAGAGGACTCCAGTCAC,hg38,TAAGGCGAGTACCTAG,TTT,TTT
R2C3-neg-2,702,CGTACTAG,A11,GTACCTAG,,ATACCGTTATTAACATATGACAACTCAATTAAAC,TTGAGTTGTCATATGTTAATAACGGTAT,TCACCGACTGCCCATAGAGAGGACTCCAGTCAC,hg38,CGTACTAGGTACCTAG,TTT,TTT
R2C3-neg-3,703,AGGCAGAA,A11,GTACCTAG,,ATACCGTTATTAACATATGACAACTCAATTAAAC,TTGAGTTGTCATATGTTAATAACGGTAT,TCACCGACTGCCCATAGAGAGGACTCCAGTCAC,hg38,AGGCAGAAGTACCTAG,TTT,TTT
R2C3-neg-4,704,TCCTGAGC,A11,GTACCTAG,,ATACCGTTATTAACATATGACAACTCAATTAAAC,TTGAGTTGTCATATGTTAATAACGGTAT,TCACCGACTGCCCATAGAGAGGACTCCAGTCAC,hg38,TCCTGAGCGTACCTAG,TTT,TTT
R2C4-neg-1,705,GGACTCCT,A12,CAGAGCTA,,ATACCGTTATTAACATATGACAACTCAATTAAAC,TTGAGTTGTCATATGTTAATAACGGTAT,TCACCGACTGCCCATAGAGAGGACTCCAGTCAC,hg38,GGACTCCTCAGAGCTA,TTT,TTT
R2C4-neg-2,706,TAGGCATG,A12,CAGAGCTA,,ATACCGTTATTAACATATGACAACTCAATTAAAC,TTGAGTTGTCATATGTTAATAACGGTAT,TCACCGACTGCCCATAGAGAGGACTCCAGTCAC,hg38,TAGGCATGCAGAGCTA,TTT,TTT
R2C4-neg-3,707,CTCTCTAC,A12,CAGAGCTA,,ATACCGTTATTAACATATGACAACTCAATTAAAC,TTGAGTTGTCATATGTTAATAACGGTAT,TCACCGACTGCCCATAGAGAGGACTCCAGTCAC,hg38,CTCTCTACCAGAGCTA,TTT,TTT
R2C4-neg-4,708,CAGAGAGG,A12,CAGAGCTA,,ATACCGTTATTAACATATGACAACTCAATTAAAC,TTGAGTTGTCATATGTTAATAACGGTAT,TCACCGACTGCCCATAGAGAGGACTCCAGTCAC,hg38,CAGAGAGGCAGAGCTA,TTT,TTT
UninfectedControl-neg-1,701,TAAGGCGA,A13,CATAGTGA,,ATACCGTTATTAACATATGACAACTCAATTAAAC,TTGAGTTGTCATATGTTAATAACGGTAT,TCACCGACTGCCCATAGAGAGGACTCCAGTCAC,hg38,TAAGGCGACATAGTGA,TTT,TTT
UninfectedControl-neg-2,702,CGTACTAG,A13,CATAGTGA,,ATACCGTTATTAACATATGACAACTCAATTAAAC,TTGAGTTGTCATATGTTAATAACGGTAT,TCACCGACTGCCCATAGAGAGGACTCCAGTCAC,hg38,CGTACTAGCATAGTGA,TTT,TTT
UninfectedControl-neg-3,703,AGGCAGAA,A13,CATAGTGA,,ATACCGTTATTAACATATGACAACTCAATTAAAC,TTGAGTTGTCATATGTTAATAACGGTAT,TCACCGACTGCCCATAGAGAGGACTCCAGTCAC,hg38,AGGCAGAACATAGTGA,TTT,TTT
UninfectedControl-neg-4,704,TCCTGAGC,A13,CATAGTGA,,ATACCGTTATTAACATATGACAACTCAATTAAAC,TTGAGTTGTCATATGTTAATAACGGTAT,TCACCGACTGCCCATAGAGAGGACTCCAGTCAC,hg38,TCCTGAGCCATAGTGA,TTT,TTT
NoTemplateControl-neg-1,705,GGACTCCT,A14,TACCTAGT,,ATACCGTTATTAACATATGACAACTCAATTAAAC,TTGAGTTGTCATATGTTAATAACGGTAT,TCACCGACTGCCCATAGAGAGGACTCCAGTCAC,hg38,GGACTCCTTACCTAGT,TTT,TTT
NoTemplateControl-neg-2,706,TAGGCATG,A14,TACCTAGT,,ATACCGTTATTAACATATGACAACTCAATTAAAC,TTGAGTTGTCATATGTTAATAACGGTAT,TCACCGACTGCCCATAGAGAGGACTCCAGTCAC,hg38,TAGGCATGTACCTAGT,TTT,TTT
NoTemplateControl-neg-3,707,CTCTCTAC,A14,TACCTAGT,,ATACCGTTATTAACATATGACAACTCAATTAAAC,TTGAGTTGTCATATGTTAATAACGGTAT,TCACCGACTGCCCATAGAGAGGACTCCAGTCAC,hg38,CTCTCTACTACCTAGT,TTT,TTT
NoTemplateControl-neg-4,708,CAGAGAGG,A14,TACCTAGT,,ATACCGTTATTAACATATGACAACTCAATTAAAC,TTGAGTTGTCATATGTTAATAACGGTAT,TCACCGACTGCCCATAGAGAGGACTCCAGTCAC,hg38,CAGAGAGGTACCTAGT,TTT,TTT
