sample_name,Forward Primer ID,Forward Primer BC,Reverse Primer Plate,Reverse Primer Well,Reverse Primer BC,barcode_sequence,primer_sequence,linker_sequence
CS.001,12,TGCATACACTGG,Plate 1,a1,GAGCCATCTGTA,TGCATACACTGGGAGCCATCTGTA,AAA,AAA
CS.002,12,TGCATACACTGG,Plate 1,a2,GGCCAGTTCCTA,TGCATACACTGGGGCCAGTTCCTA,AAA,AAA
CS.003,12,TGCATACACTGG,Plate 1,a3,TATACCGCTGCG,TGCATACACTGGTATACCGCTGCG,AAA,AAA
Swab.Blank.6,12,TGCATACACTGG,Plate 1,a4,ACTTCCAACTTC,TGCATACACTGGACTTCCAACTTC,AAA,AAA
CS.004,12,TGCATACACTGG,Plate 1,a5,ATGGGTTCCGTC,TGCATACACTGGATGGGTTCCGTC,AAA,AAA
CS.005,12,TGCATACACTGG,Plate 1,a6,TGCGCTGAATGT,TGCATACACTGGTGCGCTGAATGT,AAA,AAA
CS.006,12,TGCATACACTGG,Plate 1,a7,CTGCTATTCCTC,TGCATACACTGGCTGCTATTCCTC,AAA,AAA
Swab.Blank.7,12,TGCATACACTGG,Plate 1,a8,TGTGCGATAACA,TGCATACACTGGTGTGCGATAACA,AAA,AAA
ETT.001,12,TGCATACACTGG,Plate 1,a9,ACTTGGTGTAAG,TGCATACACTGGACTTGGTGTAAG,AAA,AAA
ETT.002,12,TGCATACACTGG,Plate 1,a10,TACTCGGGAACT,TGCATACACTGGTACTCGGGAACT,AAA,AAA
Swab.Blank.8,12,TGCATACACTGG,Plate 1,a11,GCAATTAGGTAC,TGCATACACTGGGCAATTAGGTAC,AAA,AAA
ETT.003,12,TGCATACACTGG,Plate 1,a12,GACATTGTCACG,TGCATACACTGGGACATTGTCACG,AAA,AAA
ETT.004,12,TGCATACACTGG,Plate 1,b1,TTGGGTACACGT,TGCATACACTGGTTGGGTACACGT,AAA,AAA
ETT.005,12,TGCATACACTGG,Plate 1,b2,GATGTTCGCTAG,TGCATACACTGGGATGTTCGCTAG,AAA,AAA
Swab.Blank.9,12,TGCATACACTGG,Plate 1,b3,AGTTGAGGCATT,TGCATACACTGGAGTTGAGGCATT,AAA,AAA
ETT.006,12,TGCATACACTGG,Plate 1,b4,CTCACCTAGGAA,TGCATACACTGGCTCACCTAGGAA,AAA,AAA
Swab.Blank.10,12,TGCATACACTGG,Plate 1,b5,TAGGCATGCTTG,TGCATACACTGGTAGGCATGCTTG,AAA,AAA
OP.134,12,TGCATACACTGG,Plate 1,b6,ATGGCTGTCAGT,TGCATACACTGGATGGCTGTCAGT,AAA,AAA
OP.135,12,TGCATACACTGG,Plate 1,b7,ATGTCACCGCTG,TGCATACACTGGATGTCACCGCTG,AAA,AAA
OP.136,12,TGCATACACTGG,Plate 1,b8,GATTATCGACGA,TGCATACACTGGGATTATCGACGA,AAA,AAA
OP.137,12,TGCATACACTGG,Plate 1,b9,TCTTGGAGGTCA,TGCATACACTGGTCTTGGAGGTCA,AAA,AAA
Blank.43,12,TGCATACACTGG,Plate 1,b10,CGTGCTTAGGCT,TGCATACACTGGCGTGCTTAGGCT,AAA,AAA
OP.138,12,TGCATACACTGG,Plate 1,b11,CATACCGTGAGT,TGCATACACTGGCATACCGTGAGT,AAA,AAA
OP.139,12,TGCATACACTGG,Plate 1,b12,GCCAACAACCAT,TGCATACACTGGGCCAACAACCAT,AAA,AAA
Blank.44,12,TGCATACACTGG,Plate 1,c1,AAGGCGCTCCTT,TGCATACACTGGAAGGCGCTCCTT,AAA,AAA
OP.140,12,TGCATACACTGG,Plate 1,c2,CTATCTCCTGTC,TGCATACACTGGCTATCTCCTGTC,AAA,AAA
H2O,12,TGCATACACTGG,Plate 1,c3,ACAATAGACACC,TGCATACACTGGACAATAGACACC,AAA,AAA
OP.141,12,TGCATACACTGG,Plate 1,c4,GTGTTGTCGTGC,TGCATACACTGGGTGTTGTCGTGC,AAA,AAA
OP.142,12,TGCATACACTGG,Plate 1,c5,AACTAGTTCAGG,TGCATACACTGGAACTAGTTCAGG,AAA,AAA
Blank.46,12,TGCATACACTGG,Plate 1,c6,GTTCTCTTCTCG,TGCATACACTGGGTTCTCTTCTCG,AAA,AAA
OP.143,12,TGCATACACTGG,Plate 1,c7,TGTAACGCCGAT,TGCATACACTGGTGTAACGCCGAT,AAA,AAA
OP.144,12,TGCATACACTGG,Plate 1,c8,GCCTAGCCCAAT,TGCATACACTGGGCCTAGCCCAAT,AAA,AAA
H2O.1,12,TGCATACACTGG,Plate 1,c9,TCACCTCCTTGT,TGCATACACTGGTCACCTCCTTGT,AAA,AAA
OP.145,12,TGCATACACTGG,Plate 1,c10,TACCGAAGGTAT,TGCATACACTGGTACCGAAGGTAT,AAA,AAA
OP.146,12,TGCATACACTGG,Plate 1,c11,ATGTGTGTAGAC,TGCATACACTGGATGTGTGTAGAC,AAA,AAA
H2O.2,12,TGCATACACTGG,Plate 1,c12,ATCAGTACTAGG,TGCATACACTGGATCAGTACTAGG,AAA,AAA
OP.147,12,TGCATACACTGG,Plate 1,d1,TAATACGGATCG,TGCATACACTGGTAATACGGATCG,AAA,AAA
OP.148,12,TGCATACACTGG,Plate 1,d2,ACTCACAGGAAT,TGCATACACTGGACTCACAGGAAT,AAA,AAA
OP.149,12,TGCATACACTGG,Plate 1,d3,CGGTCAATTGAC,TGCATACACTGGCGGTCAATTGAC,AAA,AAA
Blank.47,12,TGCATACACTGG,Plate 1,d4,CCACAGATCGAT,TGCATACACTGGCCACAGATCGAT,AAA,AAA
OP.150,12,TGCATACACTGG,Plate 1,d5,ATTCTGCCGAAG,TGCATACACTGGATTCTGCCGAAG,AAA,AAA
OP.151,12,TGCATACACTGG,Plate 1,d6,CGTAAGATGCCT,TGCATACACTGGCGTAAGATGCCT,AAA,AAA
H2O.3,12,TGCATACACTGG,Plate 1,d7,AGCAGAACATCT,TGCATACACTGGAGCAGAACATCT,AAA,AAA
OP.152,12,TGCATACACTGG,Plate 1,d8,GATGTATGTGGT,TGCATACACTGGGATGTATGTGGT,AAA,AAA
OP.153,12,TGCATACACTGG,Plate 1,d9,GCACACCTGATA,TGCATACACTGGGCACACCTGATA,AAA,AAA
Blank.48,12,TGCATACACTGG,Plate 1,d10,CACTCATCATTC,TGCATACACTGGCACTCATCATTC,AAA,AAA
OP.154,12,TGCATACACTGG,Plate 1,d11,CCTGCGAAGTAT,TGCATACACTGGCCTGCGAAGTAT,AAA,AAA
OP.155,12,TGCATACACTGG,Plate 1,d12,TCCTCGAGCGAT,TGCATACACTGGTCCTCGAGCGAT,AAA,AAA
OP.156,12,TGCATACACTGG,Plate 1,e1,TCGGAATTAGAC,TGCATACACTGGTCGGAATTAGAC,AAA,AAA
OP.157,12,TGCATACACTGG,Plate 1,e2,ATGATGAGCCTC,TGCATACACTGGATGATGAGCCTC,AAA,AAA
OP.158,12,TGCATACACTGG,Plate 1,e3,GTGGAGTCTCAT,TGCATACACTGGGTGGAGTCTCAT,AAA,AAA
OP.159,12,TGCATACACTGG,Plate 1,e4,TATCGACACAAG,TGCATACACTGGTATCGACACAAG,AAA,AAA
OP.160,12,TGCATACACTGG,Plate 1,e5,AGCATGTCCCGT,TGCATACACTGGAGCATGTCCCGT,AAA,AAA
OP.161,12,TGCATACACTGG,Plate 1,e6,GCGTTCTAGCTG,TGCATACACTGGGCGTTCTAGCTG,AAA,AAA
OP.162,12,TGCATACACTGG,Plate 1,e7,TGGAGTAGGTGG,TGCATACACTGGTGGAGTAGGTGG,AAA,AAA
Blank.49,12,TGCATACACTGG,Plate 1,e8,ACTCCTTGTGTT,TGCATACACTGGACTCCTTGTGTT,AAA,AAA
OP.163,12,TGCATACACTGG,Plate 1,e9,GCGACAATTACA,TGCATACACTGGGCGACAATTACA,AAA,AAA
OP.164,12,TGCATACACTGG,Plate 1,e10,GTATTTCGGACG,TGCATACACTGGGTATTTCGGACG,AAA,AAA
OP.165,12,TGCATACACTGG,Plate 1,e11,TTCTCTCGACAT,TGCATACACTGGTTCTCTCGACAT,AAA,AAA
OP.166,12,TGCATACACTGG,Plate 1,e12,ACCCAAGCGTTA,TGCATACACTGGACCCAAGCGTTA,AAA,AAA
OP.167,12,TGCATACACTGG,Plate 1,f1,TGTGAATTCGGA,TGCATACACTGGTGTGAATTCGGA,AAA,AAA
OP.168,12,TGCATACACTGG,Plate 1,f2,GTCGACAGAGGA,TGCATACACTGGGTCGACAGAGGA,AAA,AAA
H2O.4,12,TGCATACACTGG,Plate 1,f3,GCTCGAAGATTC,TGCATACACTGGGCTCGAAGATTC,AAA,AAA
OP.169,12,TGCATACACTGG,Plate 1,f4,GATTCCGGCTCA,TGCATACACTGGGATTCCGGCTCA,AAA,AAA
OP.170,12,TGCATACACTGG,Plate 1,f5,GTACGATATGAC,TGCATACACTGGGTACGATATGAC,AAA,AAA
OP.171,12,TGCATACACTGG,Plate 1,f6,GTTGTTCTGGGA,TGCATACACTGGGTTGTTCTGGGA,AAA,AAA
Blank.50,12,TGCATACACTGG,Plate 1,f7,TTGGCTCTATTC,TGCATACACTGGTTGGCTCTATTC,AAA,AAA
OP.172,12,TGCATACACTGG,Plate 1,f8,GTCACGGACATT,TGCATACACTGGGTCACGGACATT,AAA,AAA
OP.173,12,TGCATACACTGG,Plate 1,f9,TCATGCTCCATT,TGCATACACTGGTCATGCTCCATT,AAA,AAA
OP.174,12,TGCATACACTGG,Plate 1,f10,TATCTATCCTGC,TGCATACACTGGTATCTATCCTGC,AAA,AAA
Blank.51,12,TGCATACACTGG,Plate 1,f11,GCTCTCCGTAGA,TGCATACACTGGGCTCTCCGTAGA,AAA,AAA
OP.175,12,TGCATACACTGG,Plate 1,f12,TGCAGCAAGATT,TGCATACACTGGTGCAGCAAGATT,AAA,AAA
OP.176,12,TGCATACACTGG,Plate 1,g1,CATTCGTGGCGT,TGCATACACTGGCATTCGTGGCGT,AAA,AAA
OP.177,12,TGCATACACTGG,Plate 1,g2,TGTCGCAAATAG,TGCATACACTGGTGTCGCAAATAG,AAA,AAA
OP.178,12,TGCATACACTGG,Plate 1,g3,AGGCTTACGTGT,TGCATACACTGGAGGCTTACGTGT,AAA,AAA
OP.179,12,TGCATACACTGG,Plate 1,g4,CGTAATTGCCGC,TGCATACACTGGCGTAATTGCCGC,AAA,AAA
OP.180,12,TGCATACACTGG,Plate 1,g5,GTGGTGGTTTCC,TGCATACACTGGGTGGTGGTTTCC,AAA,AAA
Blank.52,12,TGCATACACTGG,Plate 1,g6,GGACTTCCAGCT,TGCATACACTGGGGACTTCCAGCT,AAA,AAA
OP.181,12,TGCATACACTGG,Plate 1,g7,GATCCCACGTAC,TGCATACACTGGGATCCCACGTAC,AAA,AAA
OP.182,12,TGCATACACTGG,Plate 1,g8,GCGAGCGAAGTA,TGCATACACTGGGCGAGCGAAGTA,AAA,AAA
OP.183,12,TGCATACACTGG,Plate 1,g9,AGCTGTCAAGCT,TGCATACACTGGAGCTGTCAAGCT,AAA,AAA
OP.184,12,TGCATACACTGG,Plate 1,g10,TTGCCAAGAGTC,TGCATACACTGGTTGCCAAGAGTC,AAA,AAA
Blank.53,12,TGCATACACTGG,Plate 1,g11,GTTAAGCTGACC,TGCATACACTGGGTTAAGCTGACC,AAA,AAA
OP.185,12,TGCATACACTGG,Plate 1,g12,AGCAACATTGCA,TGCATACACTGGAGCAACATTGCA,AAA,AAA
AN.005,4,TGGTCAACGATA,Plate 2,a1,CAGAAATGTGTC,TGGTCAACGATACAGAAATGTGTC,AAA,AAA
AN.006,4,TGGTCAACGATA,Plate 2,a2,TGAACCCTATGG,TGGTCAACGATATGAACCCTATGG,AAA,AAA
Blank.13,4,TGGTCAACGATA,Plate 2,a3,GAAACATCCCAC,TGGTCAACGATAGAAACATCCCAC,AAA,AAA
AN.007,4,TGGTCAACGATA,Plate 2,a4,ACACGCGGTTTA,TGGTCAACGATAACACGCGGTTTA,AAA,AAA
AN.008,4,TGGTCAACGATA,Plate 2,a5,TCTGCACTGAGC,TGGTCAACGATATCTGCACTGAGC,AAA,AAA
Blank.26,4,TGGTCAACGATA,Plate 2,a6,TTGATCCGGTAG,TGGTCAACGATATTGATCCGGTAG,AAA,AAA
AN.009,4,TGGTCAACGATA,Plate 2,a7,GGTTCGGTCCAT,TGGTCAACGATAGGTTCGGTCCAT,AAA,AAA
AN.010,4,TGGTCAACGATA,Plate 2,a8,GCATCAGAGTTA,TGGTCAACGATAGCATCAGAGTTA,AAA,AAA
Blank.14,4,TGGTCAACGATA,Plate 2,a9,CGACTCTAAACG,TGGTCAACGATACGACTCTAAACG,AAA,AAA
AN.011,4,TGGTCAACGATA,Plate 2,a10,TGTGGCTCGTGT,TGGTCAACGATATGTGGCTCGTGT,AAA,AAA
AN.012,4,TGGTCAACGATA,Plate 2,a11,ATTTAGGACGAC,TGGTCAACGATAATTTAGGACGAC,AAA,AAA
AN.013,4,TGGTCAACGATA,Plate 2,a12,GTCGCCGTACAT,TGGTCAACGATAGTCGCCGTACAT,AAA,AAA
AN.014,4,TGGTCAACGATA,Plate 2,b1,GTAGAGGTAGAG,TGGTCAACGATAGTAGAGGTAGAG,AAA,AAA
H2O.5,4,TGGTCAACGATA,Plate 2,b2,AGAGTCTTGCCA,TGGTCAACGATAAGAGTCTTGCCA,AAA,AAA
AN.015,4,TGGTCAACGATA,Plate 2,b3,CGTACTCTCGAG,TGGTCAACGATACGTACTCTCGAG,AAA,AAA
AN.016,4,TGGTCAACGATA,Plate 2,b4,TGGCAAATCTAG,TGGTCAACGATATGGCAAATCTAG,AAA,AAA
AN.017,4,TGGTCAACGATA,Plate 2,b5,CGCAGATTAGTA,TGGTCAACGATACGCAGATTAGTA,AAA,AAA
Blank.15,4,TGGTCAACGATA,Plate 2,b6,CGGGTGTTTGCT,TGGTCAACGATACGGGTGTTTGCT,AAA,AAA
AN.018,4,TGGTCAACGATA,Plate 2,b7,CTGATCCATCTT,TGGTCAACGATACTGATCCATCTT,AAA,AAA
AN.019,4,TGGTCAACGATA,Plate 2,b8,GTGGTCATCGTA,TGGTCAACGATAGTGGTCATCGTA,AAA,AAA
AN.020,4,TGGTCAACGATA,Plate 2,b9,GTCTTCAGCAAG,TGGTCAACGATAGTCTTCAGCAAG,AAA,AAA
Blank.16,4,TGGTCAACGATA,Plate 2,b10,AACTTTCAGGAG,TGGTCAACGATAAACTTTCAGGAG,AAA,AAA
AN.021,4,TGGTCAACGATA,Plate 2,b11,GGATAGCCAAGG,TGGTCAACGATAGGATAGCCAAGG,AAA,AAA
AN.022,4,TGGTCAACGATA,Plate 2,b12,GGAATCCGATTA,TGGTCAACGATAGGAATCCGATTA,AAA,AAA
AN.023,4,TGGTCAACGATA,Plate 2,c1,CGTGATCCGCTA,TGGTCAACGATACGTGATCCGCTA,AAA,AAA
H2O.6,4,TGGTCAACGATA,Plate 2,c2,ACAACACTCCGA,TGGTCAACGATAACAACACTCCGA,AAA,AAA
AN.024,4,TGGTCAACGATA,Plate 2,c3,TCAGTTCTCGTT,TGGTCAACGATATCAGTTCTCGTT,AAA,AAA
AN.025,4,TGGTCAACGATA,Plate 2,c4,CACCTTACCTTA,TGGTCAACGATACACCTTACCTTA,AAA,AAA
H2O.7,4,TGGTCAACGATA,Plate 2,c5,TGGGTCCCACAT,TGGTCAACGATATGGGTCCCACAT,AAA,AAA
AN.026,4,TGGTCAACGATA,Plate 2,c6,TTGACCGCGGTT,TGGTCAACGATATTGACCGCGGTT,AAA,AAA
AN.027,4,TGGTCAACGATA,Plate 2,c7,TATGTGCCGGCT,TGGTCAACGATATATGTGCCGGCT,AAA,AAA
Blank.17,4,TGGTCAACGATA,Plate 2,c8,CTGAAGGGCGAA,TGGTCAACGATACTGAAGGGCGAA,AAA,AAA
AN.028,4,TGGTCAACGATA,Plate 2,c9,CGGATAACCTCC,TGGTCAACGATACGGATAACCTCC,AAA,AAA
Blank.18,4,TGGTCAACGATA,Plate 2,c10,TGCACGTGATAA,TGGTCAACGATATGCACGTGATAA,AAA,AAA
AN.029,4,TGGTCAACGATA,Plate 2,c11,TGGTTGGTTACG,TGGTCAACGATATGGTTGGTTACG,AAA,AAA
AN.030,4,TGGTCAACGATA,Plate 2,c12,CACCCGATGGTT,TGGTCAACGATACACCCGATGGTT,AAA,AAA
AN.031,4,TGGTCAACGATA,Plate 2,d1,GGTTATTTGGCG,TGGTCAACGATAGGTTATTTGGCG,AAA,AAA
AN.032,4,TGGTCAACGATA,Plate 2,d2,CGATGCTGTTGA,TGGTCAACGATACGATGCTGTTGA,AAA,AAA
AN.033,4,TGGTCAACGATA,Plate 2,d3,TCGTGCGTGTTG,TGGTCAACGATATCGTGCGTGTTG,AAA,AAA
Blank.19,4,TGGTCAACGATA,Plate 2,d4,TTAACCTTCCTG,TGGTCAACGATATTAACCTTCCTG,AAA,AAA
AN.034,4,TGGTCAACGATA,Plate 2,d5,CACTGGTGCATA,TGGTCAACGATACACTGGTGCATA,AAA,AAA
AN.035,4,TGGTCAACGATA,Plate 2,d6,GTGCAACCAATC,TGGTCAACGATAGTGCAACCAATC,AAA,AAA
H2O.8,4,TGGTCAACGATA,Plate 2,d7,TGGTCGCATCGT,TGGTCAACGATATGGTCGCATCGT,AAA,AAA
AN.036,4,TGGTCAACGATA,Plate 2,d8,CGCTCACAGAAT,TGGTCAACGATACGCTCACAGAAT,AAA,AAA
AN.037,4,TGGTCAACGATA,Plate 2,d9,AGGGTGACTTTA,TGGTCAACGATAAGGGTGACTTTA,AAA,AAA
AN.038,4,TGGTCAACGATA,Plate 2,d10,GTTCGGTGTCCA,TGGTCAACGATAGTTCGGTGTCCA,AAA,AAA
AN.039,4,TGGTCAACGATA,Plate 2,d11,GTCGTCCAAATG,TGGTCAACGATAGTCGTCCAAATG,AAA,AAA
Blank.20,4,TGGTCAACGATA,Plate 2,d12,TTCTGAGAGGTA,TGGTCAACGATATTCTGAGAGGTA,AAA,AAA
AN.040,4,TGGTCAACGATA,Plate 2,e1,GGATCGTAATAC,TGGTCAACGATAGGATCGTAATAC,AAA,AAA
AN.041,4,TGGTCAACGATA,Plate 2,e2,ACGACTGCATAA,TGGTCAACGATAACGACTGCATAA,AAA,AAA
AN.042,4,TGGTCAACGATA,Plate 2,e3,GTTATCGCATGG,TGGTCAACGATAGTTATCGCATGG,AAA,AAA
Blank.21,4,TGGTCAACGATA,Plate 2,e4,TGCCGTATGCCA,TGGTCAACGATATGCCGTATGCCA,AAA,AAA
AN.043,4,TGGTCAACGATA,Plate 2,e5,AACGTAGGCTCT,TGGTCAACGATAAACGTAGGCTCT,AAA,AAA
AN.044,4,TGGTCAACGATA,Plate 2,e6,GCTTGAGCTTGA,TGGTCAACGATAGCTTGAGCTTGA,AAA,AAA
H2O.9,4,TGGTCAACGATA,Plate 2,e7,TGTAAGACTTGG,TGGTCAACGATATGTAAGACTTGG,AAA,AAA
AN.045,4,TGGTCAACGATA,Plate 2,e8,ATTCGGTAGTGC,TGGTCAACGATAATTCGGTAGTGC,AAA,AAA
AN.046,4,TGGTCAACGATA,Plate 2,e9,GACTTCATGCGA,TGGTCAACGATAGACTTCATGCGA,AAA,AAA
AN.047,4,TGGTCAACGATA,Plate 2,e10,AAGACAGCTATC,TGGTCAACGATAAAGACAGCTATC,AAA,AAA
AN.048,4,TGGTCAACGATA,Plate 2,e11,CAACGTGCTCCA,TGGTCAACGATACAACGTGCTCCA,AAA,AAA
AN.049,4,TGGTCAACGATA,Plate 2,e12,ATCCCTACGGAA,TGGTCAACGATAATCCCTACGGAA,AAA,AAA
AN.050,4,TGGTCAACGATA,Plate 2,f1,GCATAGCATCAA,TGGTCAACGATAGCATAGCATCAA,AAA,AAA
AN.051,4,TGGTCAACGATA,Plate 2,f2,ACGCGAACTAAT,TGGTCAACGATAACGCGAACTAAT,AAA,AAA
H2O.10,4,TGGTCAACGATA,Plate 2,f3,GATCACGAGAGG,TGGTCAACGATAGATCACGAGAGG,AAA,AAA
AN.052,4,TGGTCAACGATA,Plate 2,f4,CGTGACAATAGT,TGGTCAACGATACGTGACAATAGT,AAA,AAA
AN.053,4,TGGTCAACGATA,Plate 2,f5,AGTTGTAGTCCG,TGGTCAACGATAAGTTGTAGTCCG,AAA,AAA
AN.054,4,TGGTCAACGATA,Plate 2,f6,CGCTGTGGATTA,TGGTCAACGATACGCTGTGGATTA,AAA,AAA
Blank.22,4,TGGTCAACGATA,Plate 2,f7,CGGATCTAGTGT,TGGTCAACGATACGGATCTAGTGT,AAA,AAA
AN.055,4,TGGTCAACGATA,Plate 2,f8,CGAGCTGTTACC,TGGTCAACGATACGAGCTGTTACC,AAA,AAA
AN.056,4,TGGTCAACGATA,Plate 2,f9,GCCTGTCTGCAA,TGGTCAACGATAGCCTGTCTGCAA,AAA,AAA
AN.057,4,TGGTCAACGATA,Plate 2,f10,ATTGACCGGTCA,TGGTCAACGATAATTGACCGGTCA,AAA,AAA
AN.058,4,TGGTCAACGATA,Plate 2,f11,TACACAAGTCGC,TGGTCAACGATATACACAAGTCGC,AAA,AAA
Blank.23,4,TGGTCAACGATA,Plate 2,f12,GGTTCCATTAGG,TGGTCAACGATAGGTTCCATTAGG,AAA,AAA
AN.059,4,TGGTCAACGATA,Plate 2,g1,GTGTTAGATGTG,TGGTCAACGATAGTGTTAGATGTG,AAA,AAA
AN.060,4,TGGTCAACGATA,Plate 2,g2,AGCTATGTATGG,TGGTCAACGATAAGCTATGTATGG,AAA,AAA
AN.061,4,TGGTCAACGATA,Plate 2,g3,GTAAATTCAGGC,TGGTCAACGATAGTAAATTCAGGC,AAA,AAA
Blank.24,4,TGGTCAACGATA,Plate 2,g4,CGCTACAACTCG,TGGTCAACGATACGCTACAACTCG,AAA,AAA
AN.062,4,TGGTCAACGATA,Plate 2,g5,TCGTCAAACCCG,TGGTCAACGATATCGTCAAACCCG,AAA,AAA
AN.063,4,TGGTCAACGATA,Plate 2,g6,CTGTCAGTGACC,TGGTCAACGATACTGTCAGTGACC,AAA,AAA
AN.064,4,TGGTCAACGATA,Plate 2,g7,CGATCTTCGAGC,TGGTCAACGATACGATCTTCGAGC,AAA,AAA
AN.065,4,TGGTCAACGATA,Plate 2,g8,CAACACATGCTG,TGGTCAACGATACAACACATGCTG,AAA,AAA
Blank.25,4,TGGTCAACGATA,Plate 2,g9,ACTGATGGCCTC,TGGTCAACGATAACTGATGGCCTC,AAA,AAA
AN.066,4,TGGTCAACGATA,Plate 2,g10,TTCTCCATCACA,TGGTCAACGATATTCTCCATCACA,AAA,AAA
AN.067,4,TGGTCAACGATA,Plate 2,g11,GCGTCCATGAAT,TGGTCAACGATAGCGTCCATGAAT,AAA,AAA
AN.068,4,TGGTCAACGATA,Plate 2,g12,GTGTTCCCAGAA,TGGTCAACGATAGTGTTCCCAGAA,AAA,AAA
OP.001,1,ACGAGACTGATT,Plate 1,a1,GAGCCATCTGTA,ACGAGACTGATTGAGCCATCTGTA,AAA,AAA
OP.002,1,ACGAGACTGATT,Plate 1,a2,GGCCAGTTCCTA,ACGAGACTGATTGGCCAGTTCCTA,AAA,AAA
Swab.Blank.2,1,ACGAGACTGATT,Plate 1,a3,TATACCGCTGCG,ACGAGACTGATTTATACCGCTGCG,AAA,AAA
OP.003,1,ACGAGACTGATT,Plate 1,a4,ACTTCCAACTTC,ACGAGACTGATTACTTCCAACTTC,AAA,AAA
OP.004,1,ACGAGACTGATT,Plate 1,a5,ATGGGTTCCGTC,ACGAGACTGATTATGGGTTCCGTC,AAA,AAA
H2O.11,1,ACGAGACTGATT,Plate 1,a6,TGCGCTGAATGT,ACGAGACTGATTTGCGCTGAATGT,AAA,AAA
OP.005,1,ACGAGACTGATT,Plate 1,a7,CTGCTATTCCTC,ACGAGACTGATTCTGCTATTCCTC,AAA,AAA
OP.006,1,ACGAGACTGATT,Plate 1,a8,TGTGCGATAACA,ACGAGACTGATTTGTGCGATAACA,AAA,AAA
OP.007,1,ACGAGACTGATT,Plate 1,a9,ACTTGGTGTAAG,ACGAGACTGATTACTTGGTGTAAG,AAA,AAA
Swab.Blank.3,1,ACGAGACTGATT,Plate 1,a10,TACTCGGGAACT,ACGAGACTGATTTACTCGGGAACT,AAA,AAA
OP.008,1,ACGAGACTGATT,Plate 1,a11,GCAATTAGGTAC,ACGAGACTGATTGCAATTAGGTAC,AAA,AAA
OP.009,1,ACGAGACTGATT,Plate 1,a12,GACATTGTCACG,ACGAGACTGATTGACATTGTCACG,AAA,AAA
OP.010,1,ACGAGACTGATT,Plate 1,b1,TTGGGTACACGT,ACGAGACTGATTTTGGGTACACGT,AAA,AAA
OP.011,1,ACGAGACTGATT,Plate 1,b2,GATGTTCGCTAG,ACGAGACTGATTGATGTTCGCTAG,AAA,AAA
H2O.12,1,ACGAGACTGATT,Plate 1,b3,AGTTGAGGCATT,ACGAGACTGATTAGTTGAGGCATT,AAA,AAA
OP.012,1,ACGAGACTGATT,Plate 1,b4,CTCACCTAGGAA,ACGAGACTGATTCTCACCTAGGAA,AAA,AAA
OP.013,1,ACGAGACTGATT,Plate 1,b5,TAGGCATGCTTG,ACGAGACTGATTTAGGCATGCTTG,AAA,AAA
H2O.13,1,ACGAGACTGATT,Plate 1,b6,ATGGCTGTCAGT,ACGAGACTGATTATGGCTGTCAGT,AAA,AAA
OP.014,1,ACGAGACTGATT,Plate 1,b7,ATGTCACCGCTG,ACGAGACTGATTATGTCACCGCTG,AAA,AAA
OP.015,1,ACGAGACTGATT,Plate 1,b8,GATTATCGACGA,ACGAGACTGATTGATTATCGACGA,AAA,AAA
Blank.27,1,ACGAGACTGATT,Plate 1,b9,TCTTGGAGGTCA,ACGAGACTGATTTCTTGGAGGTCA,AAA,AAA
OP.016,1,ACGAGACTGATT,Plate 1,b10,CGTGCTTAGGCT,ACGAGACTGATTCGTGCTTAGGCT,AAA,AAA
H2O.14,1,ACGAGACTGATT,Plate 1,b11,CATACCGTGAGT,ACGAGACTGATTCATACCGTGAGT,AAA,AAA
OP.017,1,ACGAGACTGATT,Plate 1,b12,GCCAACAACCAT,ACGAGACTGATTGCCAACAACCAT,AAA,AAA
OP.018,1,ACGAGACTGATT,Plate 1,c1,AAGGCGCTCCTT,ACGAGACTGATTAAGGCGCTCCTT,AAA,AAA
OP.019,1,ACGAGACTGATT,Plate 1,c2,CTATCTCCTGTC,ACGAGACTGATTCTATCTCCTGTC,AAA,AAA
OP.020,1,ACGAGACTGATT,Plate 1,c3,ACAATAGACACC,ACGAGACTGATTACAATAGACACC,AAA,AAA
OP.021,1,ACGAGACTGATT,Plate 1,c4,GTGTTGTCGTGC,ACGAGACTGATTGTGTTGTCGTGC,AAA,AAA
OP.022,1,ACGAGACTGATT,Plate 1,c5,AACTAGTTCAGG,ACGAGACTGATTAACTAGTTCAGG,AAA,AAA
OP.023,1,ACGAGACTGATT,Plate 1,c6,GTTCTCTTCTCG,ACGAGACTGATTGTTCTCTTCTCG,AAA,AAA
OP.024,1,ACGAGACTGATT,Plate 1,c7,TGTAACGCCGAT,ACGAGACTGATTTGTAACGCCGAT,AAA,AAA
Blank.28,1,ACGAGACTGATT,Plate 1,c8,GCCTAGCCCAAT,ACGAGACTGATTGCCTAGCCCAAT,AAA,AAA
OP.025,1,ACGAGACTGATT,Plate 1,c9,TCACCTCCTTGT,ACGAGACTGATTTCACCTCCTTGT,AAA,AAA
OP.026,1,ACGAGACTGATT,Plate 1,c10,TACCGAAGGTAT,ACGAGACTGATTTACCGAAGGTAT,AAA,AAA
OP.027,1,ACGAGACTGATT,Plate 1,c11,ATGTGTGTAGAC,ACGAGACTGATTATGTGTGTAGAC,AAA,AAA
OP.028,1,ACGAGACTGATT,Plate 1,c12,ATCAGTACTAGG,ACGAGACTGATTATCAGTACTAGG,AAA,AAA
Blank.29,1,ACGAGACTGATT,Plate 1,d1,TAATACGGATCG,ACGAGACTGATTTAATACGGATCG,AAA,AAA
OP.029,1,ACGAGACTGATT,Plate 1,d2,ACTCACAGGAAT,ACGAGACTGATTACTCACAGGAAT,AAA,AAA
OP.030,1,ACGAGACTGATT,Plate 1,d3,CGGTCAATTGAC,ACGAGACTGATTCGGTCAATTGAC,AAA,AAA
OP.031,1,ACGAGACTGATT,Plate 1,d4,CCACAGATCGAT,ACGAGACTGATTCCACAGATCGAT,AAA,AAA
Blank.30,1,ACGAGACTGATT,Plate 1,d5,ATTCTGCCGAAG,ACGAGACTGATTATTCTGCCGAAG,AAA,AAA
OP.032,1,ACGAGACTGATT,Plate 1,d6,CGTAAGATGCCT,ACGAGACTGATTCGTAAGATGCCT,AAA,AAA
OP.033,1,ACGAGACTGATT,Plate 1,d7,AGCAGAACATCT,ACGAGACTGATTAGCAGAACATCT,AAA,AAA
H2O.15,1,ACGAGACTGATT,Plate 1,d8,GATGTATGTGGT,ACGAGACTGATTGATGTATGTGGT,AAA,AAA
OP.034,1,ACGAGACTGATT,Plate 1,d9,GCACACCTGATA,ACGAGACTGATTGCACACCTGATA,AAA,AAA
OP.035,1,ACGAGACTGATT,Plate 1,d10,CACTCATCATTC,ACGAGACTGATTCACTCATCATTC,AAA,AAA
H2O.16,1,ACGAGACTGATT,Plate 1,d11,CCTGCGAAGTAT,ACGAGACTGATTCCTGCGAAGTAT,AAA,AAA
OP.036,1,ACGAGACTGATT,Plate 1,d12,TCCTCGAGCGAT,ACGAGACTGATTTCCTCGAGCGAT,AAA,AAA
OP.037,1,ACGAGACTGATT,Plate 1,e1,TCGGAATTAGAC,ACGAGACTGATTTCGGAATTAGAC,AAA,AAA
OP.038,1,ACGAGACTGATT,Plate 1,e2,ATGATGAGCCTC,ACGAGACTGATTATGATGAGCCTC,AAA,AAA
Blank.31,1,ACGAGACTGATT,Plate 1,e3,GTGGAGTCTCAT,ACGAGACTGATTGTGGAGTCTCAT,AAA,AAA
OP.039,1,ACGAGACTGATT,Plate 1,e4,TATCGACACAAG,ACGAGACTGATTTATCGACACAAG,AAA,AAA
OP.040,1,ACGAGACTGATT,Plate 1,e5,AGCATGTCCCGT,ACGAGACTGATTAGCATGTCCCGT,AAA,AAA
OP.041,1,ACGAGACTGATT,Plate 1,e6,GCGTTCTAGCTG,ACGAGACTGATTGCGTTCTAGCTG,AAA,AAA
OP.042,1,ACGAGACTGATT,Plate 1,e7,TGGAGTAGGTGG,ACGAGACTGATTTGGAGTAGGTGG,AAA,AAA
OP.043,1,ACGAGACTGATT,Plate 1,e8,ACTCCTTGTGTT,ACGAGACTGATTACTCCTTGTGTT,AAA,AAA
OP.044,1,ACGAGACTGATT,Plate 1,e9,GCGACAATTACA,ACGAGACTGATTGCGACAATTACA,AAA,AAA
Blank.32,1,ACGAGACTGATT,Plate 1,e10,GTATTTCGGACG,ACGAGACTGATTGTATTTCGGACG,AAA,AAA
OP.045,1,ACGAGACTGATT,Plate 1,e11,TTCTCTCGACAT,ACGAGACTGATTTTCTCTCGACAT,AAA,AAA
OP.046,1,ACGAGACTGATT,Plate 1,e12,ACCCAAGCGTTA,ACGAGACTGATTACCCAAGCGTTA,AAA,AAA
OP.047,1,ACGAGACTGATT,Plate 1,f1,TGTGAATTCGGA,ACGAGACTGATTTGTGAATTCGGA,AAA,AAA
OP.048,1,ACGAGACTGATT,Plate 1,f2,GTCGACAGAGGA,ACGAGACTGATTGTCGACAGAGGA,AAA,AAA
H2O.17,1,ACGAGACTGATT,Plate 1,f3,GCTCGAAGATTC,ACGAGACTGATTGCTCGAAGATTC,AAA,AAA
OP.049,1,ACGAGACTGATT,Plate 1,f4,GATTCCGGCTCA,ACGAGACTGATTGATTCCGGCTCA,AAA,AAA
Blank.33,1,ACGAGACTGATT,Plate 1,f5,GTACGATATGAC,ACGAGACTGATTGTACGATATGAC,AAA,AAA
OP.050,1,ACGAGACTGATT,Plate 1,f6,GTTGTTCTGGGA,ACGAGACTGATTGTTGTTCTGGGA,AAA,AAA
OP.051,1,ACGAGACTGATT,Plate 1,f7,TTGGCTCTATTC,ACGAGACTGATTTTGGCTCTATTC,AAA,AAA
OP.052,1,ACGAGACTGATT,Plate 1,f8,GTCACGGACATT,ACGAGACTGATTGTCACGGACATT,AAA,AAA
OP.053,1,ACGAGACTGATT,Plate 1,f9,TCATGCTCCATT,ACGAGACTGATTTCATGCTCCATT,AAA,AAA
OP.054,1,ACGAGACTGATT,Plate 1,f10,TATCTATCCTGC,ACGAGACTGATTTATCTATCCTGC,AAA,AAA
Blank.34,1,ACGAGACTGATT,Plate 1,f11,GCTCTCCGTAGA,ACGAGACTGATTGCTCTCCGTAGA,AAA,AAA
OP.055,1,ACGAGACTGATT,Plate 1,f12,TGCAGCAAGATT,ACGAGACTGATTTGCAGCAAGATT,AAA,AAA
OP.056,1,ACGAGACTGATT,Plate 1,g1,CATTCGTGGCGT,ACGAGACTGATTCATTCGTGGCGT,AAA,AAA
OP.057,1,ACGAGACTGATT,Plate 1,g2,TGTCGCAAATAG,ACGAGACTGATTTGTCGCAAATAG,AAA,AAA
OP.058,1,ACGAGACTGATT,Plate 1,g3,AGGCTTACGTGT,ACGAGACTGATTAGGCTTACGTGT,AAA,AAA
OP.059,1,ACGAGACTGATT,Plate 1,g4,CGTAATTGCCGC,ACGAGACTGATTCGTAATTGCCGC,AAA,AAA
OP.060,1,ACGAGACTGATT,Plate 1,g5,GTGGTGGTTTCC,ACGAGACTGATTGTGGTGGTTTCC,AAA,AAA
H2O.18,1,ACGAGACTGATT,Plate 1,g6,GGACTTCCAGCT,ACGAGACTGATTGGACTTCCAGCT,AAA,AAA
OP.061,1,ACGAGACTGATT,Plate 1,g7,GATCCCACGTAC,ACGAGACTGATTGATCCCACGTAC,AAA,AAA
OP.062,1,ACGAGACTGATT,Plate 1,g8,GCGAGCGAAGTA,ACGAGACTGATTGCGAGCGAAGTA,AAA,AAA
OP.063,1,ACGAGACTGATT,Plate 1,g9,AGCTGTCAAGCT,ACGAGACTGATTAGCTGTCAAGCT,AAA,AAA
OP.064,1,ACGAGACTGATT,Plate 1,g10,TTGCCAAGAGTC,ACGAGACTGATTTTGCCAAGAGTC,AAA,AAA
OP.065,1,ACGAGACTGATT,Plate 1,g11,GTTAAGCTGACC,ACGAGACTGATTGTTAAGCTGACC,AAA,AAA
OP.066,1,ACGAGACTGATT,Plate 1,g12,AGCAACATTGCA,ACGAGACTGATTAGCAACATTGCA,AAA,AAA
OP.067,2,GCTGTACGGATT,Plate 1,a1,GAGCCATCTGTA,GCTGTACGGATTGAGCCATCTGTA,AAA,AAA
OP.068,2,GCTGTACGGATT,Plate 1,a2,GGCCAGTTCCTA,GCTGTACGGATTGGCCAGTTCCTA,AAA,AAA
Swab.Blank.4,2,GCTGTACGGATT,Plate 1,a3,TATACCGCTGCG,GCTGTACGGATTTATACCGCTGCG,AAA,AAA
OP.069,2,GCTGTACGGATT,Plate 1,a4,ACTTCCAACTTC,GCTGTACGGATTACTTCCAACTTC,AAA,AAA
H20,2,GCTGTACGGATT,Plate 1,a5,ATGGGTTCCGTC,GCTGTACGGATTATGGGTTCCGTC,AAA,AAA
OP.070,2,GCTGTACGGATT,Plate 1,a6,TGCGCTGAATGT,GCTGTACGGATTTGCGCTGAATGT,AAA,AAA
OP.071,2,GCTGTACGGATT,Plate 1,a7,CTGCTATTCCTC,GCTGTACGGATTCTGCTATTCCTC,AAA,AAA
OP.072,2,GCTGTACGGATT,Plate 1,a8,TGTGCGATAACA,GCTGTACGGATTTGTGCGATAACA,AAA,AAA
OP.073,2,GCTGTACGGATT,Plate 1,a9,ACTTGGTGTAAG,GCTGTACGGATTACTTGGTGTAAG,AAA,AAA
OP.074,2,GCTGTACGGATT,Plate 1,a10,TACTCGGGAACT,GCTGTACGGATTTACTCGGGAACT,AAA,AAA
OP.075,2,GCTGTACGGATT,Plate 1,a11,GCAATTAGGTAC,GCTGTACGGATTGCAATTAGGTAC,AAA,AAA
Swab.Blank.5,2,GCTGTACGGATT,Plate 1,a12,GACATTGTCACG,GCTGTACGGATTGACATTGTCACG,AAA,AAA
OP.076,2,GCTGTACGGATT,Plate 1,b1,TTGGGTACACGT,GCTGTACGGATTTTGGGTACACGT,AAA,AAA
OP.077,2,GCTGTACGGATT,Plate 1,b2,GATGTTCGCTAG,GCTGTACGGATTGATGTTCGCTAG,AAA,AAA
Blank.35,2,GCTGTACGGATT,Plate 1,b3,AGTTGAGGCATT,GCTGTACGGATTAGTTGAGGCATT,AAA,AAA
OP.078,2,GCTGTACGGATT,Plate 1,b4,CTCACCTAGGAA,GCTGTACGGATTCTCACCTAGGAA,AAA,AAA
OP.079,2,GCTGTACGGATT,Plate 1,b5,TAGGCATGCTTG,GCTGTACGGATTTAGGCATGCTTG,AAA,AAA
H20.19,2,GCTGTACGGATT,Plate 1,b6,ATGGCTGTCAGT,GCTGTACGGATTATGGCTGTCAGT,AAA,AAA
OP.080,2,GCTGTACGGATT,Plate 1,b7,ATGTCACCGCTG,GCTGTACGGATTATGTCACCGCTG,AAA,AAA
OP.081,2,GCTGTACGGATT,Plate 1,b8,GATTATCGACGA,GCTGTACGGATTGATTATCGACGA,AAA,AAA
OP.082,2,GCTGTACGGATT,Plate 1,b9,TCTTGGAGGTCA,GCTGTACGGATTTCTTGGAGGTCA,AAA,AAA
Blank.36,2,GCTGTACGGATT,Plate 1,b10,CGTGCTTAGGCT,GCTGTACGGATTCGTGCTTAGGCT,AAA,AAA
OP.083,2,GCTGTACGGATT,Plate 1,b11,CATACCGTGAGT,GCTGTACGGATTCATACCGTGAGT,AAA,AAA
OP.084,2,GCTGTACGGATT,Plate 1,b12,GCCAACAACCAT,GCTGTACGGATTGCCAACAACCAT,AAA,AAA
Blank.37,2,GCTGTACGGATT,Plate 1,c1,AAGGCGCTCCTT,GCTGTACGGATTAAGGCGCTCCTT,AAA,AAA
OP.085,2,GCTGTACGGATT,Plate 1,c2,CTATCTCCTGTC,GCTGTACGGATTCTATCTCCTGTC,AAA,AAA
H20.20,2,GCTGTACGGATT,Plate 1,c3,ACAATAGACACC,GCTGTACGGATTACAATAGACACC,AAA,AAA
OP.087,2,GCTGTACGGATT,Plate 1,c4,GTGTTGTCGTGC,GCTGTACGGATTGTGTTGTCGTGC,AAA,AAA
OP.088,2,GCTGTACGGATT,Plate 1,c5,AACTAGTTCAGG,GCTGTACGGATTAACTAGTTCAGG,AAA,AAA
OP.089,2,GCTGTACGGATT,Plate 1,c6,GTTCTCTTCTCG,GCTGTACGGATTGTTCTCTTCTCG,AAA,AAA
OP.090,2,GCTGTACGGATT,Plate 1,c7,TGTAACGCCGAT,GCTGTACGGATTTGTAACGCCGAT,AAA,AAA
Blank.38,2,GCTGTACGGATT,Plate 1,c8,GCCTAGCCCAAT,GCTGTACGGATTGCCTAGCCCAAT,AAA,AAA
OP.091,2,GCTGTACGGATT,Plate 1,c9,TCACCTCCTTGT,GCTGTACGGATTTCACCTCCTTGT,AAA,AAA
OP.092,2,GCTGTACGGATT,Plate 1,c10,TACCGAAGGTAT,GCTGTACGGATTTACCGAAGGTAT,AAA,AAA
OP.093,2,GCTGTACGGATT,Plate 1,c11,ATGTGTGTAGAC,GCTGTACGGATTATGTGTGTAGAC,AAA,AAA
OP.094,2,GCTGTACGGATT,Plate 1,c12,ATCAGTACTAGG,GCTGTACGGATTATCAGTACTAGG,AAA,AAA
H20.21,2,GCTGTACGGATT,Plate 1,d1,TAATACGGATCG,GCTGTACGGATTTAATACGGATCG,AAA,AAA
OP.095,2,GCTGTACGGATT,Plate 1,d2,ACTCACAGGAAT,GCTGTACGGATTACTCACAGGAAT,AAA,AAA
OP.096,2,GCTGTACGGATT,Plate 1,d3,CGGTCAATTGAC,GCTGTACGGATTCGGTCAATTGAC,AAA,AAA
OP.097,2,GCTGTACGGATT,Plate 1,d4,CCACAGATCGAT,GCTGTACGGATTCCACAGATCGAT,AAA,AAA
OP.098,2,GCTGTACGGATT,Plate 1,d5,ATTCTGCCGAAG,GCTGTACGGATTATTCTGCCGAAG,AAA,AAA
OP.099,2,GCTGTACGGATT,Plate 1,d6,CGTAAGATGCCT,GCTGTACGGATTCGTAAGATGCCT,AAA,AAA
Blank.39,2,GCTGTACGGATT,Plate 1,d7,AGCAGAACATCT,GCTGTACGGATTAGCAGAACATCT,AAA,AAA
OP.100,2,GCTGTACGGATT,Plate 1,d8,GATGTATGTGGT,GCTGTACGGATTGATGTATGTGGT,AAA,AAA
OP.101,2,GCTGTACGGATT,Plate 1,d9,GCACACCTGATA,GCTGTACGGATTGCACACCTGATA,AAA,AAA
OP.102,2,GCTGTACGGATT,Plate 1,d10,CACTCATCATTC,GCTGTACGGATTCACTCATCATTC,AAA,AAA
OP.103,2,GCTGTACGGATT,Plate 1,d11,CCTGCGAAGTAT,GCTGTACGGATTCCTGCGAAGTAT,AAA,AAA
Blank.40,2,GCTGTACGGATT,Plate 1,d12,TCCTCGAGCGAT,GCTGTACGGATTTCCTCGAGCGAT,AAA,AAA
OP.104,2,GCTGTACGGATT,Plate 1,e1,TCGGAATTAGAC,GCTGTACGGATTTCGGAATTAGAC,AAA,AAA
OP.105,2,GCTGTACGGATT,Plate 1,e2,ATGATGAGCCTC,GCTGTACGGATTATGATGAGCCTC,AAA,AAA
OP.106,2,GCTGTACGGATT,Plate 1,e3,GTGGAGTCTCAT,GCTGTACGGATTGTGGAGTCTCAT,AAA,AAA
OP.107,2,GCTGTACGGATT,Plate 1,e4,TATCGACACAAG,GCTGTACGGATTTATCGACACAAG,AAA,AAA
Blank.41,2,GCTGTACGGATT,Plate 1,e5,AGCATGTCCCGT,GCTGTACGGATTAGCATGTCCCGT,AAA,AAA
OP.108,2,GCTGTACGGATT,Plate 1,e6,GCGTTCTAGCTG,GCTGTACGGATTGCGTTCTAGCTG,AAA,AAA
OP.109,2,GCTGTACGGATT,Plate 1,e7,TGGAGTAGGTGG,GCTGTACGGATTTGGAGTAGGTGG,AAA,AAA
OP.110,2,GCTGTACGGATT,Plate 1,e8,ACTCCTTGTGTT,GCTGTACGGATTACTCCTTGTGTT,AAA,AAA
OP.111,2,GCTGTACGGATT,Plate 1,e9,GCGACAATTACA,GCTGTACGGATTGCGACAATTACA,AAA,AAA
OP.112,2,GCTGTACGGATT,Plate 1,e10,GTATTTCGGACG,GCTGTACGGATTGTATTTCGGACG,AAA,AAA
OP.113,2,GCTGTACGGATT,Plate 1,e11,TTCTCTCGACAT,GCTGTACGGATTTTCTCTCGACAT,AAA,AAA
OP.114,2,GCTGTACGGATT,Plate 1,e12,ACCCAAGCGTTA,GCTGTACGGATTACCCAAGCGTTA,AAA,AAA
H20.22,2,GCTGTACGGATT,Plate 1,f1,TGTGAATTCGGA,GCTGTACGGATTTGTGAATTCGGA,AAA,AAA
OP.115,2,GCTGTACGGATT,Plate 1,f2,GTCGACAGAGGA,GCTGTACGGATTGTCGACAGAGGA,AAA,AAA
OP.116,2,GCTGTACGGATT,Plate 1,f3,GCTCGAAGATTC,GCTGTACGGATTGCTCGAAGATTC,AAA,AAA
OP.117,2,GCTGTACGGATT,Plate 1,f4,GATTCCGGCTCA,GCTGTACGGATTGATTCCGGCTCA,AAA,AAA
OP.118,2,GCTGTACGGATT,Plate 1,f5,GTACGATATGAC,GCTGTACGGATTGTACGATATGAC,AAA,AAA
OP.119,2,GCTGTACGGATT,Plate 1,f6,GTTGTTCTGGGA,GCTGTACGGATTGTTGTTCTGGGA,AAA,AAA
OP.120,2,GCTGTACGGATT,Plate 1,f7,TTGGCTCTATTC,GCTGTACGGATTTTGGCTCTATTC,AAA,AAA
OP.121,2,GCTGTACGGATT,Plate 1,f8,GTCACGGACATT,GCTGTACGGATTGTCACGGACATT,AAA,AAA
H20.23,2,GCTGTACGGATT,Plate 1,f9,TCATGCTCCATT,GCTGTACGGATTTCATGCTCCATT,AAA,AAA
OP.122,2,GCTGTACGGATT,Plate 1,f10,TATCTATCCTGC,GCTGTACGGATTTATCTATCCTGC,AAA,AAA
OP.123,2,GCTGTACGGATT,Plate 1,f11,GCTCTCCGTAGA,GCTGTACGGATTGCTCTCCGTAGA,AAA,AAA
H20.24,2,GCTGTACGGATT,Plate 1,f12,TGCAGCAAGATT,GCTGTACGGATTTGCAGCAAGATT,AAA,AAA
OP.124,2,GCTGTACGGATT,Plate 1,g1,CATTCGTGGCGT,GCTGTACGGATTCATTCGTGGCGT,AAA,AAA
OP.125,2,GCTGTACGGATT,Plate 1,g2,TGTCGCAAATAG,GCTGTACGGATTTGTCGCAAATAG,AAA,AAA
Blank.37.2,2,GCTGTACGGATT,Plate 1,g3,AGGCTTACGTGT,GCTGTACGGATTAGGCTTACGTGT,AAA,AAA
OP.126,2,GCTGTACGGATT,Plate 1,g4,CGTAATTGCCGC,GCTGTACGGATTCGTAATTGCCGC,AAA,AAA
OP.127,2,GCTGTACGGATT,Plate 1,g5,GTGGTGGTTTCC,GCTGTACGGATTGTGGTGGTTTCC,AAA,AAA
OP.128,2,GCTGTACGGATT,Plate 1,g6,GGACTTCCAGCT,GCTGTACGGATTGGACTTCCAGCT,AAA,AAA
Blank.42,2,GCTGTACGGATT,Plate 1,g7,GATCCCACGTAC,GCTGTACGGATTGATCCCACGTAC,AAA,AAA
OP.129,2,GCTGTACGGATT,Plate 1,g8,GCGAGCGAAGTA,GCTGTACGGATTGCGAGCGAAGTA,AAA,AAA
OP.130,2,GCTGTACGGATT,Plate 1,g9,AGCTGTCAAGCT,GCTGTACGGATTAGCTGTCAAGCT,AAA,AAA
OP.131,2,GCTGTACGGATT,Plate 1,g10,TTGCCAAGAGTC,GCTGTACGGATTTTGCCAAGAGTC,AAA,AAA
OP.132,2,GCTGTACGGATT,Plate 1,g11,GTTAAGCTGACC,GCTGTACGGATTGTTAAGCTGACC,AAA,AAA
OP.133,2,GCTGTACGGATT,Plate 1,g12,AGCAACATTGCA,GCTGTACGGATTAGCAACATTGCA,AAA,AAA
S.001,3,ATCACCAGGTGT,Plate 1,A01,GAGCCATCTGTA,ATCACCAGGTGTGAGCCATCTGTA,AAA,AAA
S.002,3,ATCACCAGGTGT,Plate 1,A02,GGCCAGTTCCTA,ATCACCAGGTGTGGCCAGTTCCTA,AAA,AAA
S.003,3,ATCACCAGGTGT,Plate 1,A03,TATACCGCTGCG,ATCACCAGGTGTTATACCGCTGCG,AAA,AAA
H2O.25,3,ATCACCAGGTGT,Plate 1,A04,ACTTCCAACTTC,ATCACCAGGTGTACTTCCAACTTC,AAA,AAA
S.004,3,ATCACCAGGTGT,Plate 1,A05,ATGGGTTCCGTC,ATCACCAGGTGTATGGGTTCCGTC,AAA,AAA
S.005,3,ATCACCAGGTGT,Plate 1,A06,TGCGCTGAATGT,ATCACCAGGTGTTGCGCTGAATGT,AAA,AAA
S.006,3,ATCACCAGGTGT,Plate 1,A07,CTGCTATTCCTC,ATCACCAGGTGTCTGCTATTCCTC,AAA,AAA
Blank.1,3,ATCACCAGGTGT,Plate 1,A08,TGTGCGATAACA,ATCACCAGGTGTTGTGCGATAACA,AAA,AAA
SS.001,3,ATCACCAGGTGT,Plate 1,A09,ACTTGGTGTAAG,ATCACCAGGTGTACTTGGTGTAAG,AAA,AAA
SS.002,3,ATCACCAGGTGT,Plate 1,A10,TACTCGGGAACT,ATCACCAGGTGTTACTCGGGAACT,AAA,AAA
H2O.26,3,ATCACCAGGTGT,Plate 1,A11,GCAATTAGGTAC,ATCACCAGGTGTGCAATTAGGTAC,AAA,AAA
SS.003,3,ATCACCAGGTGT,Plate 1,A12,GACATTGTCACG,ATCACCAGGTGTGACATTGTCACG,AAA,AAA
SS.004,3,ATCACCAGGTGT,Plate 1,B01,TTGGGTACACGT,ATCACCAGGTGTTTGGGTACACGT,AAA,AAA
SS.005,3,ATCACCAGGTGT,Plate 1,B02,GATGTTCGCTAG,ATCACCAGGTGTGATGTTCGCTAG,AAA,AAA
SS.006,3,ATCACCAGGTGT,Plate 1,B03,AGTTGAGGCATT,ATCACCAGGTGTAGTTGAGGCATT,AAA,AAA
SS.007,3,ATCACCAGGTGT,Plate 1,B04,CTCACCTAGGAA,ATCACCAGGTGTCTCACCTAGGAA,AAA,AAA
SS.008,3,ATCACCAGGTGT,Plate 1,B05,TAGGCATGCTTG,ATCACCAGGTGTTAGGCATGCTTG,AAA,AAA
SS.009,3,ATCACCAGGTGT,Plate 1,B06,ATGGCTGTCAGT,ATCACCAGGTGTATGGCTGTCAGT,AAA,AAA
Blank.2,3,ATCACCAGGTGT,Plate 1,B07,ATGTCACCGCTG,ATCACCAGGTGTATGTCACCGCTG,AAA,AAA
SS.010,3,ATCACCAGGTGT,Plate 1,B08,GATTATCGACGA,ATCACCAGGTGTGATTATCGACGA,AAA,AAA
SS.011,3,ATCACCAGGTGT,Plate 1,B09,TCTTGGAGGTCA,ATCACCAGGTGTTCTTGGAGGTCA,AAA,AAA
SS.012,3,ATCACCAGGTGT,Plate 1,B10,CGTGCTTAGGCT,ATCACCAGGTGTCGTGCTTAGGCT,AAA,AAA
Blank.3,3,ATCACCAGGTGT,Plate 1,B11,CATACCGTGAGT,ATCACCAGGTGTCATACCGTGAGT,AAA,AAA
SS.013,3,ATCACCAGGTGT,Plate 1,B12,GCCAACAACCAT,ATCACCAGGTGTGCCAACAACCAT,AAA,AAA
H2O.27,3,ATCACCAGGTGT,Plate 1,C01,AAGGCGCTCCTT,ATCACCAGGTGTAAGGCGCTCCTT,AAA,AAA
SS.014,3,ATCACCAGGTGT,Plate 1,C02,CTATCTCCTGTC,ATCACCAGGTGTCTATCTCCTGTC,AAA,AAA
SS.015,3,ATCACCAGGTGT,Plate 1,C03,ACAATAGACACC,ATCACCAGGTGTACAATAGACACC,AAA,AAA
SS.016,3,ATCACCAGGTGT,Plate 1,C04,GTGTTGTCGTGC,ATCACCAGGTGTGTGTTGTCGTGC,AAA,AAA
SS.017,3,ATCACCAGGTGT,Plate 1,C05,AACTAGTTCAGG,ATCACCAGGTGTAACTAGTTCAGG,AAA,AAA
SS.018,3,ATCACCAGGTGT,Plate 1,C06,GTTCTCTTCTCG,ATCACCAGGTGTGTTCTCTTCTCG,AAA,AAA
SS.019,3,ATCACCAGGTGT,Plate 1,C07,TGTAACGCCGAT,ATCACCAGGTGTTGTAACGCCGAT,AAA,AAA
SS.020,3,ATCACCAGGTGT,Plate 1,C08,GCCTAGCCCAAT,ATCACCAGGTGTGCCTAGCCCAAT,AAA,AAA
SS.021,3,ATCACCAGGTGT,Plate 1,C09,TCACCTCCTTGT,ATCACCAGGTGTTCACCTCCTTGT,AAA,AAA
SS.022,3,ATCACCAGGTGT,Plate 1,C10,TACCGAAGGTAT,ATCACCAGGTGTTACCGAAGGTAT,AAA,AAA
SS.023,3,ATCACCAGGTGT,Plate 1,C11,ATGTGTGTAGAC,ATCACCAGGTGTATGTGTGTAGAC,AAA,AAA
Blank.4,3,ATCACCAGGTGT,Plate 1,C12,ATCAGTACTAGG,ATCACCAGGTGTATCAGTACTAGG,AAA,AAA
SS.024,3,ATCACCAGGTGT,Plate 1,D01,TAATACGGATCG,ATCACCAGGTGTTAATACGGATCG,AAA,AAA
SS.025,3,ATCACCAGGTGT,Plate 1,D02,ACTCACAGGAAT,ATCACCAGGTGTACTCACAGGAAT,AAA,AAA
SS.026,3,ATCACCAGGTGT,Plate 1,D03,CGGTCAATTGAC,ATCACCAGGTGTCGGTCAATTGAC,AAA,AAA
SS.027,3,ATCACCAGGTGT,Plate 1,D04,CCACAGATCGAT,ATCACCAGGTGTCCACAGATCGAT,AAA,AAA
Blank.45,3,ATCACCAGGTGT,Plate 1,D05,ATTCTGCCGAAG,ATCACCAGGTGTATTCTGCCGAAG,AAA,AAA
SS.028,3,ATCACCAGGTGT,Plate 1,D06,CGTAAGATGCCT,ATCACCAGGTGTCGTAAGATGCCT,AAA,AAA
SS.029,3,ATCACCAGGTGT,Plate 1,D07,AGCAGAACATCT,ATCACCAGGTGTAGCAGAACATCT,AAA,AAA
SS.030,3,ATCACCAGGTGT,Plate 1,D08,GATGTATGTGGT,ATCACCAGGTGTGATGTATGTGGT,AAA,AAA
SS.031,3,ATCACCAGGTGT,Plate 1,D09,GCACACCTGATA,ATCACCAGGTGTGCACACCTGATA,AAA,AAA
SS.032,3,ATCACCAGGTGT,Plate 1,D10,CACTCATCATTC,ATCACCAGGTGTCACTCATCATTC,AAA,AAA
H2O.28,3,ATCACCAGGTGT,Plate 1,D11,CCTGCGAAGTAT,ATCACCAGGTGTCCTGCGAAGTAT,AAA,AAA
SS.033,3,ATCACCAGGTGT,Plate 1,D12,TCCTCGAGCGAT,ATCACCAGGTGTTCCTCGAGCGAT,AAA,AAA
Blank.5,3,ATCACCAGGTGT,Plate 1,E01,TCGGAATTAGAC,ATCACCAGGTGTTCGGAATTAGAC,AAA,AAA
SS.035,3,ATCACCAGGTGT,Plate 1,E02,ATGATGAGCCTC,ATCACCAGGTGTATGATGAGCCTC,AAA,AAA
SS.036,3,ATCACCAGGTGT,Plate 1,E03,GTGGAGTCTCAT,ATCACCAGGTGTGTGGAGTCTCAT,AAA,AAA
SS.037,3,ATCACCAGGTGT,Plate 1,E04,TATCGACACAAG,ATCACCAGGTGTTATCGACACAAG,AAA,AAA
SS.038,3,ATCACCAGGTGT,Plate 1,E05,AGCATGTCCCGT,ATCACCAGGTGTAGCATGTCCCGT,AAA,AAA
SS.039,3,ATCACCAGGTGT,Plate 1,E06,GCGTTCTAGCTG,ATCACCAGGTGTGCGTTCTAGCTG,AAA,AAA
SS.040,3,ATCACCAGGTGT,Plate 1,E07,TGGAGTAGGTGG,ATCACCAGGTGTTGGAGTAGGTGG,AAA,AAA
SS.041,3,ATCACCAGGTGT,Plate 1,E08,ACTCCTTGTGTT,ATCACCAGGTGTACTCCTTGTGTT,AAA,AAA
SS.042,3,ATCACCAGGTGT,Plate 1,E09,GCGACAATTACA,ATCACCAGGTGTGCGACAATTACA,AAA,AAA
H2O.29,3,ATCACCAGGTGT,Plate 1,E10,GTATTTCGGACG,ATCACCAGGTGTGTATTTCGGACG,AAA,AAA
SS.043,3,ATCACCAGGTGT,Plate 1,E11,TTCTCTCGACAT,ATCACCAGGTGTTTCTCTCGACAT,AAA,AAA
SS.044,3,ATCACCAGGTGT,Plate 1,E12,ACCCAAGCGTTA,ATCACCAGGTGTACCCAAGCGTTA,AAA,AAA
SS.034,3,ATCACCAGGTGT,Plate 1,F01,TGTGAATTCGGA,ATCACCAGGTGTTGTGAATTCGGA,AAA,AAA
SS.045,3,ATCACCAGGTGT,Plate 1,F02,GTCGACAGAGGA,ATCACCAGGTGTGTCGACAGAGGA,AAA,AAA
SS.046,3,ATCACCAGGTGT,Plate 1,F03,GCTCGAAGATTC,ATCACCAGGTGTGCTCGAAGATTC,AAA,AAA
Blank.6,3,ATCACCAGGTGT,Plate 1,F04,GATTCCGGCTCA,ATCACCAGGTGTGATTCCGGCTCA,AAA,AAA
SS.047,3,ATCACCAGGTGT,Plate 1,F05,GTACGATATGAC,ATCACCAGGTGTGTACGATATGAC,AAA,AAA
SS.048,3,ATCACCAGGTGT,Plate 1,F06,GTTGTTCTGGGA,ATCACCAGGTGTGTTGTTCTGGGA,AAA,AAA
SS.049,3,ATCACCAGGTGT,Plate 1,F07,TTGGCTCTATTC,ATCACCAGGTGTTTGGCTCTATTC,AAA,AAA
Blank.7,3,ATCACCAGGTGT,Plate 1,F08,GTCACGGACATT,ATCACCAGGTGTGTCACGGACATT,AAA,AAA
SS.050,3,ATCACCAGGTGT,Plate 1,F09,TCATGCTCCATT,ATCACCAGGTGTTCATGCTCCATT,AAA,AAA
H2O.30,3,ATCACCAGGTGT,Plate 1,F10,TATCTATCCTGC,ATCACCAGGTGTTATCTATCCTGC,AAA,AAA
SS.051,3,ATCACCAGGTGT,Plate 1,F11,GCTCTCCGTAGA,ATCACCAGGTGTGCTCTCCGTAGA,AAA,AAA
SS.052,3,ATCACCAGGTGT,Plate 1,F12,TGCAGCAAGATT,ATCACCAGGTGTTGCAGCAAGATT,AAA,AAA
SS.053,3,ATCACCAGGTGT,Plate 1,G01,CATTCGTGGCGT,ATCACCAGGTGTCATTCGTGGCGT,AAA,AAA
SS.054,3,ATCACCAGGTGT,Plate 1,G02,TGTCGCAAATAG,ATCACCAGGTGTTGTCGCAAATAG,AAA,AAA
SS.055,3,ATCACCAGGTGT,Plate 1,G03,AGGCTTACGTGT,ATCACCAGGTGTAGGCTTACGTGT,AAA,AAA
Blank.8,3,ATCACCAGGTGT,Plate 1,G04,CGTAATTGCCGC,ATCACCAGGTGTCGTAATTGCCGC,AAA,AAA
SS.056,3,ATCACCAGGTGT,Plate 1,G05,GTGGTGGTTTCC,ATCACCAGGTGTGTGGTGGTTTCC,AAA,AAA
SS.057,3,ATCACCAGGTGT,Plate 1,G06,GGACTTCCAGCT,ATCACCAGGTGTGGACTTCCAGCT,AAA,AAA
SS.058,3,ATCACCAGGTGT,Plate 1,G07,GATCCCACGTAC,ATCACCAGGTGTGATCCCACGTAC,AAA,AAA
Blank.9,3,ATCACCAGGTGT,Plate 1,G08,GCGAGCGAAGTA,ATCACCAGGTGTGCGAGCGAAGTA,AAA,AAA
Blank.10,3,ATCACCAGGTGT,Plate 1,G09,AGCTGTCAAGCT,ATCACCAGGTGTAGCTGTCAAGCT,AAA,AAA
Blank.11,3,ATCACCAGGTGT,Plate 1,G10,TTGCCAAGAGTC,ATCACCAGGTGTTTGCCAAGAGTC,AAA,AAA
Blank.12,3,ATCACCAGGTGT,Plate 1,G11,GTTAAGCTGACC,ATCACCAGGTGTGTTAAGCTGACC,AAA,AAA
Swab.blank.1,3,ATCACCAGGTGT,Plate 1,G12,AGCAACATTGCA,ATCACCAGGTGTAGCAACATTGCA,AAA,AAA
ETA.001,11,AATTGTGTCGGA,Plate 1,A01,GAGCCATCTGTA,AATTGTGTCGGAGAGCCATCTGTA,AAA,AAA
ETA.002,11,AATTGTGTCGGA,Plate 1,A02,GGCCAGTTCCTA,AATTGTGTCGGAGGCCAGTTCCTA,AAA,AAA
Blank,11,AATTGTGTCGGA,Plate 1,A03,TATACCGCTGCG,AATTGTGTCGGATATACCGCTGCG,AAA,AAA
ETA.004,11,AATTGTGTCGGA,Plate 1,A04,ACTTCCAACTTC,AATTGTGTCGGAACTTCCAACTTC,AAA,AAA
ETA.003,11,AATTGTGTCGGA,Plate 1,A05,ATGGGTTCCGTC,AATTGTGTCGGAATGGGTTCCGTC,AAA,AAA
ETA.005,11,AATTGTGTCGGA,Plate 1,A06,TGCGCTGAATGT,AATTGTGTCGGATGCGCTGAATGT,AAA,AAA
ETA.006,11,AATTGTGTCGGA,Plate 1,A07,CTGCTATTCCTC,AATTGTGTCGGACTGCTATTCCTC,AAA,AAA
ETA.007,11,AATTGTGTCGGA,Plate 1,A08,TGTGCGATAACA,AATTGTGTCGGATGTGCGATAACA,AAA,AAA
Blank.31.1,11,AATTGTGTCGGA,Plate 1,A09,ACTTGGTGTAAG,AATTGTGTCGGAACTTGGTGTAAG,AAA,AAA
ETA.008,11,AATTGTGTCGGA,Plate 1,A10,TACTCGGGAACT,AATTGTGTCGGATACTCGGGAACT,AAA,AAA
ETA.009,11,AATTGTGTCGGA,Plate 1,A11,GCAATTAGGTAC,AATTGTGTCGGAGCAATTAGGTAC,AAA,AAA
ETA.010,11,AATTGTGTCGGA,Plate 1,A12,GACATTGTCACG,AATTGTGTCGGAGACATTGTCACG,AAA,AAA
ETA.011,11,AATTGTGTCGGA,Plate 1,B01,TTGGGTACACGT,AATTGTGTCGGATTGGGTACACGT,AAA,AAA
ETA.012,11,AATTGTGTCGGA,Plate 1,B02,GATGTTCGCTAG,AATTGTGTCGGAGATGTTCGCTAG,AAA,AAA
ETA.013,11,AATTGTGTCGGA,Plate 1,B03,AGTTGAGGCATT,AATTGTGTCGGAAGTTGAGGCATT,AAA,AAA
ETA.014,11,AATTGTGTCGGA,Plate 1,B04,CTCACCTAGGAA,AATTGTGTCGGACTCACCTAGGAA,AAA,AAA
ETA.015,11,AATTGTGTCGGA,Plate 1,B05,TAGGCATGCTTG,AATTGTGTCGGATAGGCATGCTTG,AAA,AAA
ETA.016,11,AATTGTGTCGGA,Plate 1,B06,ATGGCTGTCAGT,AATTGTGTCGGAATGGCTGTCAGT,AAA,AAA
Saline,11,AATTGTGTCGGA,Plate 1,B07,ATGTCACCGCTG,AATTGTGTCGGAATGTCACCGCTG,AAA,AAA
ETA.017,11,AATTGTGTCGGA,Plate 1,B08,GATTATCGACGA,AATTGTGTCGGAGATTATCGACGA,AAA,AAA
ETA.018,11,AATTGTGTCGGA,Plate 1,B09,TCTTGGAGGTCA,AATTGTGTCGGATCTTGGAGGTCA,AAA,AAA
ETA.019,11,AATTGTGTCGGA,Plate 1,B10,CGTGCTTAGGCT,AATTGTGTCGGACGTGCTTAGGCT,AAA,AAA
ETA.020,11,AATTGTGTCGGA,Plate 1,B11,CATACCGTGAGT,AATTGTGTCGGACATACCGTGAGT,AAA,AAA
ETA.021,11,AATTGTGTCGGA,Plate 1,B12,GCCAACAACCAT,AATTGTGTCGGAGCCAACAACCAT,AAA,AAA
ETA.022,11,AATTGTGTCGGA,Plate 1,C01,AAGGCGCTCCTT,AATTGTGTCGGAAAGGCGCTCCTT,AAA,AAA
ETA.023,11,AATTGTGTCGGA,Plate 1,C02,CTATCTCCTGTC,AATTGTGTCGGACTATCTCCTGTC,AAA,AAA
ETA.024,11,AATTGTGTCGGA,Plate 1,C03,ACAATAGACACC,AATTGTGTCGGAACAATAGACACC,AAA,AAA
ETA.025,11,AATTGTGTCGGA,Plate 1,C04,GTGTTGTCGTGC,AATTGTGTCGGAGTGTTGTCGTGC,AAA,AAA
ETA.026,11,AATTGTGTCGGA,Plate 1,C05,AACTAGTTCAGG,AATTGTGTCGGAAACTAGTTCAGG,AAA,AAA
ETA.027,11,AATTGTGTCGGA,Plate 1,C06,GTTCTCTTCTCG,AATTGTGTCGGAGTTCTCTTCTCG,AAA,AAA
ETA.028,11,AATTGTGTCGGA,Plate 1,C07,TGTAACGCCGAT,AATTGTGTCGGATGTAACGCCGAT,AAA,AAA
ETA.029,11,AATTGTGTCGGA,Plate 1,C08,GCCTAGCCCAAT,AATTGTGTCGGAGCCTAGCCCAAT,AAA,AAA
ETA.030,11,AATTGTGTCGGA,Plate 1,C09,TCACCTCCTTGT,AATTGTGTCGGATCACCTCCTTGT,AAA,AAA
ETA.031,11,AATTGTGTCGGA,Plate 1,C10,TACCGAAGGTAT,AATTGTGTCGGATACCGAAGGTAT,AAA,AAA
Blank.32.2,11,AATTGTGTCGGA,Plate 1,C11,ATGTGTGTAGAC,AATTGTGTCGGAATGTGTGTAGAC,AAA,AAA
ETA.032,11,AATTGTGTCGGA,Plate 1,C12,ATCAGTACTAGG,AATTGTGTCGGAATCAGTACTAGG,AAA,AAA
Saline.33,11,AATTGTGTCGGA,Plate 1,D01,TAATACGGATCG,AATTGTGTCGGATAATACGGATCG,AAA,AAA
ETA.033,11,AATTGTGTCGGA,Plate 1,D02,ACTCACAGGAAT,AATTGTGTCGGAACTCACAGGAAT,AAA,AAA
ETA.034,11,AATTGTGTCGGA,Plate 1,D03,CGGTCAATTGAC,AATTGTGTCGGACGGTCAATTGAC,AAA,AAA
ETA.035,11,AATTGTGTCGGA,Plate 1,D04,CCACAGATCGAT,AATTGTGTCGGACCACAGATCGAT,AAA,AAA
ETA.036,11,AATTGTGTCGGA,Plate 1,D05,ATTCTGCCGAAG,AATTGTGTCGGAATTCTGCCGAAG,AAA,AAA
ETA.037,11,AATTGTGTCGGA,Plate 1,D06,CGTAAGATGCCT,AATTGTGTCGGACGTAAGATGCCT,AAA,AAA
ETA.038,11,AATTGTGTCGGA,Plate 1,D07,AGCAGAACATCT,AATTGTGTCGGAAGCAGAACATCT,AAA,AAA
ETA.039,11,AATTGTGTCGGA,Plate 1,D08,GATGTATGTGGT,AATTGTGTCGGAGATGTATGTGGT,AAA,AAA
ETA.040,11,AATTGTGTCGGA,Plate 1,D09,GCACACCTGATA,AATTGTGTCGGAGCACACCTGATA,AAA,AAA
ETA.041,11,AATTGTGTCGGA,Plate 1,D10,CACTCATCATTC,AATTGTGTCGGACACTCATCATTC,AAA,AAA
ETA.042,11,AATTGTGTCGGA,Plate 1,D11,CCTGCGAAGTAT,AATTGTGTCGGACCTGCGAAGTAT,AAA,AAA
ETA.043,11,AATTGTGTCGGA,Plate 1,D12,TCCTCGAGCGAT,AATTGTGTCGGATCCTCGAGCGAT,AAA,AAA
ETA.044,11,AATTGTGTCGGA,Plate 1,E01,TCGGAATTAGAC,AATTGTGTCGGATCGGAATTAGAC,AAA,AAA
ETA.045,11,AATTGTGTCGGA,Plate 1,E02,ATGATGAGCCTC,AATTGTGTCGGAATGATGAGCCTC,AAA,AAA
ETA.046,11,AATTGTGTCGGA,Plate 1,E03,GTGGAGTCTCAT,AATTGTGTCGGAGTGGAGTCTCAT,AAA,AAA
ETA.047,11,AATTGTGTCGGA,Plate 1,E04,TATCGACACAAG,AATTGTGTCGGATATCGACACAAG,AAA,AAA
ETA.048,11,AATTGTGTCGGA,Plate 1,E05,AGCATGTCCCGT,AATTGTGTCGGAAGCATGTCCCGT,AAA,AAA
Blank.34.3,11,AATTGTGTCGGA,Plate 1,E06,GCGTTCTAGCTG,AATTGTGTCGGAGCGTTCTAGCTG,AAA,AAA
ETA.049,11,AATTGTGTCGGA,Plate 1,E07,TGGAGTAGGTGG,AATTGTGTCGGATGGAGTAGGTGG,AAA,AAA
ETA.050,11,AATTGTGTCGGA,Plate 1,E08,ACTCCTTGTGTT,AATTGTGTCGGAACTCCTTGTGTT,AAA,AAA
ETA.051,11,AATTGTGTCGGA,Plate 1,E09,GCGACAATTACA,AATTGTGTCGGAGCGACAATTACA,AAA,AAA
ETA.052,11,AATTGTGTCGGA,Plate 1,E10,GTATTTCGGACG,AATTGTGTCGGAGTATTTCGGACG,AAA,AAA
ETA.053,11,AATTGTGTCGGA,Plate 1,E11,TTCTCTCGACAT,AATTGTGTCGGATTCTCTCGACAT,AAA,AAA
ETA.054,11,AATTGTGTCGGA,Plate 1,E12,ACCCAAGCGTTA,AATTGTGTCGGAACCCAAGCGTTA,AAA,AAA
ETA.055,11,AATTGTGTCGGA,Plate 1,F01,TGTGAATTCGGA,AATTGTGTCGGATGTGAATTCGGA,AAA,AAA
ETA.056,11,AATTGTGTCGGA,Plate 1,F02,GTCGACAGAGGA,AATTGTGTCGGAGTCGACAGAGGA,AAA,AAA
ETA.057,11,AATTGTGTCGGA,Plate 1,F03,GCTCGAAGATTC,AATTGTGTCGGAGCTCGAAGATTC,AAA,AAA
ETA.058,11,AATTGTGTCGGA,Plate 1,F04,GATTCCGGCTCA,AATTGTGTCGGAGATTCCGGCTCA,AAA,AAA
ETA.059,11,AATTGTGTCGGA,Plate 1,F05,GTACGATATGAC,AATTGTGTCGGAGTACGATATGAC,AAA,AAA
ETA.060,11,AATTGTGTCGGA,Plate 1,F06,GTTGTTCTGGGA,AATTGTGTCGGAGTTGTTCTGGGA,AAA,AAA
ETA.061,11,AATTGTGTCGGA,Plate 1,F07,TTGGCTCTATTC,AATTGTGTCGGATTGGCTCTATTC,AAA,AAA
ETA.062,11,AATTGTGTCGGA,Plate 1,F08,GTCACGGACATT,AATTGTGTCGGAGTCACGGACATT,AAA,AAA
ETA.063,11,AATTGTGTCGGA,Plate 1,F09,TCATGCTCCATT,AATTGTGTCGGATCATGCTCCATT,AAA,AAA
Saline.35,11,AATTGTGTCGGA,Plate 1,F10,TATCTATCCTGC,AATTGTGTCGGATATCTATCCTGC,AAA,AAA
ETA.064,11,AATTGTGTCGGA,Plate 1,F11,GCTCTCCGTAGA,AATTGTGTCGGAGCTCTCCGTAGA,AAA,AAA
ETA.065,11,AATTGTGTCGGA,Plate 1,F12,TGCAGCAAGATT,AATTGTGTCGGATGCAGCAAGATT,AAA,AAA
ETA.066,11,AATTGTGTCGGA,Plate 1,G01,CATTCGTGGCGT,AATTGTGTCGGACATTCGTGGCGT,AAA,AAA
ETA.067,11,AATTGTGTCGGA,Plate 1,G02,TGTCGCAAATAG,AATTGTGTCGGATGTCGCAAATAG,AAA,AAA
ETA.072,11,AATTGTGTCGGA,Plate 1,G03,AGGCTTACGTGT,AATTGTGTCGGAAGGCTTACGTGT,AAA,AAA
ETA.068,11,AATTGTGTCGGA,Plate 1,G04,CGTAATTGCCGC,AATTGTGTCGGACGTAATTGCCGC,AAA,AAA
ETA.069,11,AATTGTGTCGGA,Plate 1,G05,GTGGTGGTTTCC,AATTGTGTCGGAGTGGTGGTTTCC,AAA,AAA
ETA.070,11,AATTGTGTCGGA,Plate 1,G06,GGACTTCCAGCT,AATTGTGTCGGAGGACTTCCAGCT,AAA,AAA
ETA.071,11,AATTGTGTCGGA,Plate 1,G07,GATCCCACGTAC,AATTGTGTCGGAGATCCCACGTAC,AAA,AAA
ETA.073,11,AATTGTGTCGGA,Plate 1,G09,AGCTGTCAAGCT,AATTGTGTCGGAAGCTGTCAAGCT,AAA,AAA
ETA.074,11,AATTGTGTCGGA,Plate 1,G10,TTGCCAAGAGTC,AATTGTGTCGGATTGCCAAGAGTC,AAA,AAA
ETA.075,11,AATTGTGTCGGA,Plate 1,G11,GTTAAGCTGACC,AATTGTGTCGGAGTTAAGCTGACC,AAA,AAA
ETA.076,11,AATTGTGTCGGA,Plate 1,G12,AGCAACATTGCA,AATTGTGTCGGAAGCAACATTGCA,AAA,AAA
ETA.077,11,AATTGTGTCGGA,Plate 1,H01,TACTACGTGGCC,AATTGTGTCGGATACTACGTGGCC,AAA,AAA
ETA.078,11,AATTGTGTCGGA,Plate 1,H02,CATCCCTCTACT,AATTGTGTCGGACATCCCTCTACT,AAA,AAA
ETA.079,11,AATTGTGTCGGA,Plate 1,H03,TCTCTACCACTC,AATTGTGTCGGATCTCTACCACTC,AAA,AAA
TA.001,11,AATTGTGTCGGA,Plate 1,H04,GGTGACTAGTTC,AATTGTGTCGGAGGTGACTAGTTC,AAA,AAA
TA.002,11,AATTGTGTCGGA,Plate 1,H05,TAGTATGCGCAA,AATTGTGTCGGATAGTATGCGCAA,AAA,AAA
TA.003,11,AATTGTGTCGGA,Plate 1,H06,CTCACAACCGTG,AATTGTGTCGGACTCACAACCGTG,AAA,AAA
TA.004,11,AATTGTGTCGGA,Plate 1,H07,TACCGCTTCTTC,AATTGTGTCGGATACCGCTTCTTC,AAA,AAA
TA.005,11,AATTGTGTCGGA,Plate 1,H08,ATCTACCGAAGC,AATTGTGTCGGAATCTACCGAAGC,AAA,AAA
TA.006,11,AATTGTGTCGGA,Plate 1,H09,GAGAGCAACAGA,AATTGTGTCGGAGAGAGCAACAGA,AAA,AAA
TA.007,11,AATTGTGTCGGA,Plate 1,H10,AGTAGCGGAAGA,AATTGTGTCGGAAGTAGCGGAAGA,AAA,AAA
Blank.36.4,11,AATTGTGTCGGA,Plate 1,H11,ATGCCATGCCGT,AATTGTGTCGGAATGCCATGCCGT,AAA,AAA
BAL.001,11,AATTGTGTCGGA,Plate 1,H12,GATGTGGTGTTA,AATTGTGTCGGAGATGTGGTGTTA,AAA,AAA
AN.069,9,TACAGCGCATAC,Plate 1,a1,GAGCCATCTGTA,TACAGCGCATACGAGCCATCTGTA,AAA,AAA
Blank.54,9,TACAGCGCATAC,Plate 1,a2,GGCCAGTTCCTA,TACAGCGCATACGGCCAGTTCCTA,AAA,AAA
AN.070,9,TACAGCGCATAC,Plate 1,a3,TATACCGCTGCG,TACAGCGCATACTATACCGCTGCG,AAA,AAA
AN.071,9,TACAGCGCATAC,Plate 1,a4,ACTTCCAACTTC,TACAGCGCATACACTTCCAACTTC,AAA,AAA
H2O.37,9,TACAGCGCATAC,Plate 1,a5,ATGGGTTCCGTC,TACAGCGCATACATGGGTTCCGTC,AAA,AAA
ETT.007,9,TACAGCGCATAC,Plate 1,a6,TGCGCTGAATGT,TACAGCGCATACTGCGCTGAATGT,AAA,AAA
ETT.008,9,TACAGCGCATAC,Plate 1,a7,CTGCTATTCCTC,TACAGCGCATACCTGCTATTCCTC,AAA,AAA
CS.007,9,TACAGCGCATAC,Plate 1,a8,TGTGCGATAACA,TACAGCGCATACTGTGCGATAACA,AAA,AAA
Blank.55,9,TACAGCGCATAC,Plate 1,a9,ACTTGGTGTAAG,TACAGCGCATACACTTGGTGTAAG,AAA,AAA
OP.186,9,TACAGCGCATAC,Plate 1,a10,TACTCGGGAACT,TACAGCGCATACTACTCGGGAACT,AAA,AAA
OP.187,9,TACAGCGCATAC,Plate 1,a11,GCAATTAGGTAC,TACAGCGCATACGCAATTAGGTAC,AAA,AAA
OP.188,9,TACAGCGCATAC,Plate 1,a12,GACATTGTCACG,TACAGCGCATACGACATTGTCACG,AAA,AAA
OP.189,9,TACAGCGCATAC,Plate 1,b1,TTGGGTACACGT,TACAGCGCATACTTGGGTACACGT,AAA,AAA
OP.190,9,TACAGCGCATAC,Plate 1,b2,GATGTTCGCTAG,TACAGCGCATACGATGTTCGCTAG,AAA,AAA
Blank.56,9,TACAGCGCATAC,Plate 1,b3,AGTTGAGGCATT,TACAGCGCATACAGTTGAGGCATT,AAA,AAA
OP.191,9,TACAGCGCATAC,Plate 1,b4,CTCACCTAGGAA,TACAGCGCATACCTCACCTAGGAA,AAA,AAA
OP.192,9,TACAGCGCATAC,Plate 1,b5,TAGGCATGCTTG,TACAGCGCATACTAGGCATGCTTG,AAA,AAA
OP.193,9,TACAGCGCATAC,Plate 1,b6,ATGGCTGTCAGT,TACAGCGCATACATGGCTGTCAGT,AAA,AAA
OP.194,9,TACAGCGCATAC,Plate 1,b7,ATGTCACCGCTG,TACAGCGCATACATGTCACCGCTG,AAA,AAA
H2O.38,9,TACAGCGCATAC,Plate 1,b8,GATTATCGACGA,TACAGCGCATACGATTATCGACGA,AAA,AAA
OP.195,9,TACAGCGCATAC,Plate 1,b9,TCTTGGAGGTCA,TACAGCGCATACTCTTGGAGGTCA,AAA,AAA
H2O.39,9,TACAGCGCATAC,Plate 1,b10,CGTGCTTAGGCT,TACAGCGCATACCGTGCTTAGGCT,AAA,AAA
OP.196,9,TACAGCGCATAC,Plate 1,b11,CATACCGTGAGT,TACAGCGCATACCATACCGTGAGT,AAA,AAA
H2O.40,9,TACAGCGCATAC,Plate 1,b12,GCCAACAACCAT,TACAGCGCATACGCCAACAACCAT,AAA,AAA
OP.197,9,TACAGCGCATAC,Plate 1,c1,AAGGCGCTCCTT,TACAGCGCATACAAGGCGCTCCTT,AAA,AAA
OP.198,9,TACAGCGCATAC,Plate 1,c2,CTATCTCCTGTC,TACAGCGCATACCTATCTCCTGTC,AAA,AAA
H2O.41,9,TACAGCGCATAC,Plate 1,c3,ACAATAGACACC,TACAGCGCATACACAATAGACACC,AAA,AAA
S.007,9,TACAGCGCATAC,Plate 1,c4,GTGTTGTCGTGC,TACAGCGCATACGTGTTGTCGTGC,AAA,AAA
S.008,9,TACAGCGCATAC,Plate 1,c5,AACTAGTTCAGG,TACAGCGCATACAACTAGTTCAGG,AAA,AAA
Swab.Blank.11,9,TACAGCGCATAC,Plate 1,c6,GTTCTCTTCTCG,TACAGCGCATACGTTCTCTTCTCG,AAA,AAA
TA.008,9,TACAGCGCATAC,Plate 1,c7,TGTAACGCCGAT,TACAGCGCATACTGTAACGCCGAT,AAA,AAA
TA.009,9,TACAGCGCATAC,Plate 1,c8,GCCTAGCCCAAT,TACAGCGCATACGCCTAGCCCAAT,AAA,AAA
H2O.42,9,TACAGCGCATAC,Plate 1,c9,TCACCTCCTTGT,TACAGCGCATACTCACCTCCTTGT,AAA,AAA
ETA.080,9,TACAGCGCATAC,Plate 1,c10,TACCGAAGGTAT,TACAGCGCATACTACCGAAGGTAT,AAA,AAA
ETA.081,9,TACAGCGCATAC,Plate 1,c11,ATGTGTGTAGAC,TACAGCGCATACATGTGTGTAGAC,AAA,AAA
H2O.43,9,TACAGCGCATAC,Plate 1,c12,ATCAGTACTAGG,TACAGCGCATACATCAGTACTAGG,AAA,AAA
16S.Geneblock,4,TGGTCAACGATA,Plate 2,h1,TTAGAGCCATGC,TGGTCAACGATATTAGAGCCATGC,AAA,AAA
OP.191.2,4,TGGTCAACGATA,Plate 2,h2,ACGGGTCATCAT,TGGTCAACGATAACGGGTCATCAT,AAA,AAA
OP.192.2,4,TGGTCAACGATA,Plate 2,h3,AGTGTTTCGGAC,TGGTCAACGATAAGTGTTTCGGAC,AAA,AAA
OP.193.2,4,TGGTCAACGATA,Plate 2,h4,TTAAGACAGTCG,TGGTCAACGATATTAAGACAGTCG,AAA,AAA
OP.194.2,4,TGGTCAACGATA,Plate 2,h5,TAATCGGTGCCA,TGGTCAACGATATAATCGGTGCCA,AAA,AAA
OP.197.2,4,TGGTCAACGATA,Plate 2,h6,ACGATTCGAGTC,TGGTCAACGATAACGATTCGAGTC,AAA,AAA
OP.198.2,4,TGGTCAACGATA,Plate 2,h7,GTCGAATTTGCG,TGGTCAACGATAGTCGAATTTGCG,AAA,AAA
SS1.2,4,TGGTCAACGATA,Plate 2,h8,ATTCTCTCACGT,TGGTCAACGATAATTCTCTCACGT,AAA,AAA
SS2.2,4,TGGTCAACGATA,Plate 2,h9,TTCGATGCCGCA,TGGTCAACGATATTCGATGCCGCA,AAA,AAA
SS3.2,4,TGGTCAACGATA,Plate 2,h10,CGTAGGTAGAGG,TGGTCAACGATACGTAGGTAGAGG,AAA,AAA
SS4.2,4,TGGTCAACGATA,Plate 2,h11,GTAATGCGTAAC,TGGTCAACGATAGTAATGCGTAAC,AAA,AAA
SS5.2,4,TGGTCAACGATA,Plate 2,h12,CCGAGGTATAAT,TGGTCAACGATACCGAGGTATAAT,AAA,AAA
