sample_name,Extraction ID,Tech,Date,Crude Plate ID,Crude Picogreen ng per uL,16S Conc Ng per uL,Forward Primer,Reverse Primer Plate,16S Plate Coordinate,barcode_sequence,primer_sequence,linker_sequence
P5838BE,1,Lyanna,12-Jul-17,a1,2.33,8.3,9,2,a1,TACAGCGCATAC,CAAGCAGAAGACGGCATACGAGATCAGAAATGTGTCAGTCAGTCAGCCTGCTGCCTCCCGTAGGAGT,TTT
PDAD8A,2,Lyanna,12-Jul-17,a2,21.5,9.8,9,2,a2,TACAGCGCATAC,CAAGCAGAAGACGGCATACGAGATTGAACCCTATGGAGTCAGTCAGCCTGCTGCCTCCCGTAGGAGT,TTT
P997AF8,3,Lyanna,12-Jul-17,a3,5.77,9.2,9,2,a3,TACAGCGCATAC,CAAGCAGAAGACGGCATACGAGATGAAACATCCCACAGTCAGTCAGCCTGCTGCCTCCCGTAGGAGT,TTT
PDFF80,4,Lyanna,12-Jul-17,a4,18.88,6.3,9,2,a4,TACAGCGCATAC,CAAGCAGAAGACGGCATACGAGATACACGCGGTTTAAGTCAGTCAGCCTGCTGCCTCCCGTAGGAGT,TTT
PC97727,5,Lyanna,12-Jul-17,a5,26.74,3.4,9,2,a5,TACAGCGCATAC,CAAGCAGAAGACGGCATACGAGATTCTGCACTGAGCAGTCAGTCAGCCTGCTGCCTCCCGTAGGAGT,TTT
PB51289,6,Lyanna,12-Jul-17,a6,24.17,7.7,9,2,a6,TACAGCGCATAC,CAAGCAGAAGACGGCATACGAGATTTGATCCGGTAGAGTCAGTCAGCCTGCTGCCTCCCGTAGGAGT,TTT
P90D6CD,7,Lyanna,12-Jul-17,a7,21.09,2.4,9,2,a7,TACAGCGCATAC,CAAGCAGAAGACGGCATACGAGATGGTTCGGTCCATAGTCAGTCAGCCTGCTGCCTCCCGTAGGAGT,TTT
PAE29FC,8,Lyanna,12-Jul-17,a8,25.94,4.1,9,2,a8,TACAGCGCATAC,CAAGCAGAAGACGGCATACGAGATGCATCAGAGTTAAGTCAGTCAGCCTGCTGCCTCCCGTAGGAGT,TTT
PDAF53B,9,Lyanna,12-Jul-17,a9,27.02,5.2,9,2,a9,TACAGCGCATAC,CAAGCAGAAGACGGCATACGAGATCGACTCTAAACGAGTCAGTCAGCCTGCTGCCTCCCGTAGGAGT,TTT
PD171DC,10,Jake,12-Jul-17,a10,28.06,3.8,9,2,a10,TACAGCGCATAC,CAAGCAGAAGACGGCATACGAGATTGTGGCTCGTGTAGTCAGTCAGCCTGCTGCCTCCCGTAGGAGT,TTT
P7844A7,11,Jake,12-Jul-17,a11,26.03,6.9,9,2,a11,TACAGCGCATAC,CAAGCAGAAGACGGCATACGAGATATTTAGGACGACAGTCAGTCAGCCTGCTGCCTCCCGTAGGAGT,TTT
P114256,12,Jake,12-Jul-17,b2,23.05,2.9,9,2,b2,TACAGCGCATAC,CAAGCAGAAGACGGCATACGAGATAGAGTCTTGCCAAGTCAGTCAGCCTGCTGCCTCCCGTAGGAGT,TTT
P564B75,13,Jake,12-Jul-17,b3,27,2.5,9,2,b3,TACAGCGCATAC,CAAGCAGAAGACGGCATACGAGATCGTACTCTCGAGAGTCAGTCAGCCTGCTGCCTCCCGTAGGAGT,TTT
PEA0C10,14,Jake,12-Jul-17,b4,28.47,3.5,9,2,b4,TACAGCGCATAC,CAAGCAGAAGACGGCATACGAGATTGGCAAATCTAGAGTCAGTCAGCCTGCTGCCTCCCGTAGGAGT,TTT
P208624,15,Jake,12-Jul-17,b5,24.16,1.1,9,2,b5,TACAGCGCATAC,CAAGCAGAAGACGGCATACGAGATCGCAGATTAGTAAGTCAGTCAGCCTGCTGCCTCCCGTAGGAGT,TTT
P52EBBA,16,Jake,12-Jul-17,b6,22.46,3.3,9,2,b6,TACAGCGCATAC,CAAGCAGAAGACGGCATACGAGATCGGGTGTTTGCTAGTCAGTCAGCCTGCTGCCTCCCGTAGGAGT,TTT
P3D02B,17,Jake,12-Jul-17,b7,24.88,2.6,9,2,b7,TACAGCGCATAC,CAAGCAGAAGACGGCATACGAGATCTGATCCATCTTAGTCAGTCAGCCTGCTGCCTCCCGTAGGAGT,TTT
P1EB0D6,18,Jake,12-Jul-17,b8,27.61,4.3,9,2,b8,TACAGCGCATAC,CAAGCAGAAGACGGCATACGAGATGTGGTCATCGTAAGTCAGTCAGCCTGCTGCCTCCCGTAGGAGT,TTT
P1352F6,19,Jake,12-Jul-17,b9,26.74,3.6,9,2,b9,TACAGCGCATAC,CAAGCAGAAGACGGCATACGAGATGTCTTCAGCAAGAGTCAGTCAGCCTGCTGCCTCCCGTAGGAGT,TTT
P49C6E7,20,Jake,12-Jul-17,b10,21.4,6.2,9,2,b10,TACAGCGCATAC,CAAGCAGAAGACGGCATACGAGATAACTTTCAGGAGAGTCAGTCAGCCTGCTGCCTCCCGTAGGAGT,TTT
PC8C153,21,Lyanna,13-Jul-17,b11,15.95,3.6,9,2,b11,TACAGCGCATAC,CAAGCAGAAGACGGCATACGAGATGGATAGCCAAGGAGTCAGTCAGCCTGCTGCCTCCCGTAGGAGT,TTT
P33229B,22,Lyanna,13-Jul-17,b12,27,5.1,9,2,b12,TACAGCGCATAC,CAAGCAGAAGACGGCATACGAGATGGAATCCGATTAAGTCAGTCAGCCTGCTGCCTCCCGTAGGAGT,TTT
P7B7790,23,Lyanna,13-Jul-17,c1,13.15,10.3,9,2,c1,TACAGCGCATAC,CAAGCAGAAGACGGCATACGAGATCGTGATCCGCTAAGTCAGTCAGCCTGCTGCCTCCCGTAGGAGT,TTT
PD93275,24,Lyanna,13-Jul-17,c3,27.99,8.7,9,2,c3,TACAGCGCATAC,CAAGCAGAAGACGGCATACGAGATTCAGTTCTCGTTAGTCAGTCAGCCTGCTGCCTCCCGTAGGAGT,TTT
P5637AA,25,Lyanna,13-Jul-17,c4,27.95,3.5,9,2,c4,TACAGCGCATAC,CAAGCAGAAGACGGCATACGAGATCACCTTACCTTAAGTCAGTCAGCCTGCTGCCTCCCGTAGGAGT,TTT
P6E6D2B,26,Lyanna,13-Jul-17,c5,25.45,1.9,9,2,c5,TACAGCGCATAC,CAAGCAGAAGACGGCATACGAGATTGGGTCCCACATAGTCAGTCAGCCTGCTGCCTCCCGTAGGAGT,TTT
PBBDAB8,27,Lyanna,13-Jul-17,c6,5.75,3,9,2,c6,TACAGCGCATAC,CAAGCAGAAGACGGCATACGAGATTTGACCGCGGTTAGTCAGTCAGCCTGCTGCCTCCCGTAGGAGT,TTT
PF043E5,28,Lyanna,13-Jul-17,c7,24.3,5.9,9,2,c7,TACAGCGCATAC,CAAGCAGAAGACGGCATACGAGATTATGTGCCGGCTAGTCAGTCAGCCTGCTGCCTCCCGTAGGAGT,TTT
P61CF5,29,Lyanna,13-Jul-17,c8,25.01,5.9,9,2,c8,TACAGCGCATAC,CAAGCAGAAGACGGCATACGAGATCTGAAGGGCGAAAGTCAGTCAGCCTGCTGCCTCCCGTAGGAGT,TTT
PFB022E,30,Jake,13-Jul-17,c9,26.8,10.7,9,2,c9,TACAGCGCATAC,CAAGCAGAAGACGGCATACGAGATCGGATAACCTCCAGTCAGTCAGCCTGCTGCCTCCCGTAGGAGT,TTT
P213C63,31,Jake,13-Jul-17,c10,23.78,6.5,9,2,c10,TACAGCGCATAC,CAAGCAGAAGACGGCATACGAGATTGCACGTGATAAAGTCAGTCAGCCTGCTGCCTCCCGTAGGAGT,TTT
P4D9234,32,Jake,13-Jul-17,c11,25.04,1,9,2,c11,TACAGCGCATAC,CAAGCAGAAGACGGCATACGAGATTGGTTGGTTACGAGTCAGTCAGCCTGCTGCCTCCCGTAGGAGT,TTT
PBE0B4F,33,Jake,13-Jul-17,c12,21.19,23.2,9,2,c12,TACAGCGCATAC,CAAGCAGAAGACGGCATACGAGATCACCCGATGGTTAGTCAGTCAGCCTGCTGCCTCCCGTAGGAGT,TTT
P72085F,34,Jake,13-Jul-17,d1,28.02,6,9,2,d1,TACAGCGCATAC,CAAGCAGAAGACGGCATACGAGATGGTTATTTGGCGAGTCAGTCAGCCTGCTGCCTCCCGTAGGAGT,TTT
P322CB7,35,Jake,13-Jul-17,d2,27.74,6,9,2,d2,TACAGCGCATAC,CAAGCAGAAGACGGCATACGAGATCGATGCTGTTGAAGTCAGTCAGCCTGCTGCCTCCCGTAGGAGT,TTT
PC367C7,36,Jake,13-Jul-17,d4,26.78,5.5,9,2,d4,TACAGCGCATAC,CAAGCAGAAGACGGCATACGAGATTTAACCTTCCTGAGTCAGTCAGCCTGCTGCCTCCCGTAGGAGT,TTT
PF7E5FE,37,Jake,13-Jul-17,d5,25.36,4.3,9,2,d5,TACAGCGCATAC,CAAGCAGAAGACGGCATACGAGATCACTGGTGCATAAGTCAGTCAGCCTGCTGCCTCCCGTAGGAGT,TTT
P912563,38,Jake,13-Jul-17,d6,28.45,4.8,9,2,d6,TACAGCGCATAC,CAAGCAGAAGACGGCATACGAGATGTGCAACCAATCAGTCAGTCAGCCTGCTGCCTCCCGTAGGAGT,TTT
PCE55D3,39,Jake,13-Jul-17,d7,27.46,7.9,9,2,d7,TACAGCGCATAC,CAAGCAGAAGACGGCATACGAGATTGGTCGCATCGTAGTCAGTCAGCCTGCTGCCTCCCGTAGGAGT,TTT
Blank1.1,B1,Lyanna,12-Jul-17,a12,0.01,0.1,9,2,a12,TACAGCGCATAC,CAAGCAGAAGACGGCATACGAGATGTCGCCGTACATAGTCAGTCAGCCTGCTGCCTCCCGTAGGAGT,TTT
Blank2.1,B2,Jake,12-Jul-17,b1,0.02,0.1,9,2,b1,TACAGCGCATAC,CAAGCAGAAGACGGCATACGAGATGTAGAGGTAGAGAGTCAGTCAGCCTGCTGCCTCCCGTAGGAGT,TTT
Blank3.1,B3,Lyanna,13-Jul-17,c2,0.02,0.1,9,2,c2,TACAGCGCATAC,CAAGCAGAAGACGGCATACGAGATACAACACTCCGAAGTCAGTCAGCCTGCTGCCTCCCGTAGGAGT,TTT
Blank4.1,B4,Jake,13-Jul-17,d3,0.03,0,9,2,d3,TACAGCGCATAC,CAAGCAGAAGACGGCATACGAGATTCGTGCGTGTTGAGTCAGTCAGCCTGCTGCCTCCCGTAGGAGT,TTT
Blank5.1,B5,Jake,13-Jul-17,d8,0,0.1,9,2,d8,TACAGCGCATAC,CAAGCAGAAGACGGCATACGAGATCGCTCACAGAATAGTCAGTCAGCCTGCTGCCTCCCGTAGGAGT,TTT
H2O.1,x,x,x,d9,0,0,9,2,d9,TACAGCGCATAC,CAAGCAGAAGACGGCATACGAGATAGGGTGACTTTAAGTCAGTCAGCCTGCTGCCTCCCGTAGGAGT,TTT
H2O.2,x,x,x,d10,-0.01,0,9,2,d10,TACAGCGCATAC,CAAGCAGAAGACGGCATACGAGATGTTCGGTGTCCAAGTCAGTCAGCCTGCTGCCTCCCGTAGGAGT,TTT
Geneblock1,x,x,x,d11,x,9.6,9,2,d11,TACAGCGCATAC,CAAGCAGAAGACGGCATACGAGATGTCGTCCAAATGAGTCAGTCAGCCTGCTGCCTCCCGTAGGAGT,TTT
Geneblock2,x,x,x,d12,x,18.9,9,2,d12,TACAGCGCATAC,CAAGCAGAAGACGGCATACGAGATTTCTGAGAGGTAAGTCAGTCAGCCTGCTGCCTCCCGTAGGAGT,TTT
